<?xml version = '1.0' encoding = 'UTF-8'?>
<Relation class="oracle.dbtools.crest.model.design.logical.Relation" name="building_damage" directorySegmentName="seg_0" id="0FDB5120-38B2-C2A4-037F-CE6F65878658">
<createdBy>Jason</createdBy>
<createdTime>2020-10-03 02:58:49 UTC</createdTime>
<ownerDesignName>fdas_logical</ownerDesignName>
<engineerTo>
<item key="69E460BE-08CB-F48A-203C-0711232FDA0D" value="true"/>
</engineerTo>
<sourcePk>39BA27CB-145B-9F36-E8D9-3E170BAEC227</sourcePk>
<identifying>false</identifying>
<nameOnSource>has</nameOnSource>
<optionalSource>true</optionalSource>
<optionalTarget>false</optionalTarget>
<sourceCardinality>1</sourceCardinality>
<sourceEntity>9795177F-826E-10F5-45F2-F6CB7E27E7BF</sourceEntity>
<targetCardinalityString>*</targetCardinalityString>
<targetEntity>3010FCA9-8D4C-604E-C789-BF5945EFD43C</targetEntity>
<transferable>true</transferable>
<deleteRule>NO ACTION</deleteRule>
</Relation>
