<?xml version = '1.0' encoding = 'UTF-8'?>
<Relation class="oracle.dbtools.crest.model.design.logical.Relation" name="damage_visit" directorySegmentName="seg_0" id="33C6EA44-24B2-D132-6384-374087CE8DBB">
<createdBy>Jason</createdBy>
<createdTime>2020-10-03 03:38:15 UTC</createdTime>
<ownerDesignName>fdas_logical</ownerDesignName>
<engineerTo>
<item key="69E460BE-08CB-F48A-203C-0711232FDA0D" value="true"/>
</engineerTo>
<sourcePk>3D74C17E-F8E7-D664-48E7-6E41BFD6DB3B</sourcePk>
<identifying>true</identifying>
<nameOnSource>has</nameOnSource>
<optionalSource>true</optionalSource>
<optionalTarget>false</optionalTarget>
<sourceCardinality>1</sourceCardinality>
<sourceEntity>3010FCA9-8D4C-604E-C789-BF5945EFD43C</sourceEntity>
<targetCardinalityString>*</targetCardinalityString>
<targetEntity>655A1636-A5F9-3CE3-99F2-4F1E95F93FD6</targetEntity>
<transferable>true</transferable>
<deleteRule>NO ACTION</deleteRule>
</Relation>
