<?xml version = '1.0' encoding = 'UTF-8'?>
<Relation class="oracle.dbtools.crest.model.design.logical.Relation" name="insurer_employement" directorySegmentName="seg_0" id="55342052-5B23-97ED-EC78-A1D62FE52D5C">
<createdBy>Jason</createdBy>
<createdTime>2020-10-04 02:25:29 UTC</createdTime>
<ownerDesignName>fdas_logical</ownerDesignName>
<engineerTo>
<item key="69E460BE-08CB-F48A-203C-0711232FDA0D" value="true"/>
</engineerTo>
<sourcePk>E88DD265-F6E7-ACF1-5DAA-BE36498D8AC1</sourcePk>
<identifying>true</identifying>
<nameOnSource>files</nameOnSource>
<optionalSource>false</optionalSource>
<optionalTarget>false</optionalTarget>
<sourceCardinality>1</sourceCardinality>
<sourceEntity>4F7EA608-25FE-F01B-3FA3-F5FB43A16F87</sourceEntity>
<targetCardinalityString>*</targetCardinalityString>
<targetEntity>47FB3833-F147-0E3D-4BAF-A6214DA79243</targetEntity>
<transferable>true</transferable>
<deleteRule>NO ACTION</deleteRule>
</Relation>
