<?xml version = '1.0' encoding = 'UTF-8'?>
<Relation class="oracle.dbtools.crest.model.design.logical.Relation" name="fire_event_fireLGA" directorySegmentName="seg_0" id="55A75823-76A2-C8AF-4FD5-046B680BA755">
<createdBy>Jason</createdBy>
<createdTime>2020-10-03 03:13:48 UTC</createdTime>
<ownerDesignName>fdas_logical</ownerDesignName>
<engineerTo>
<item key="69E460BE-08CB-F48A-203C-0711232FDA0D" value="true"/>
</engineerTo>
<sourcePk>8392B8A4-827A-80FA-D0CB-58410EEE1517</sourcePk>
<identifying>true</identifying>
<nameOnSource>included</nameOnSource>
<optionalSource>false</optionalSource>
<optionalTarget>false</optionalTarget>
<sourceCardinality>1</sourceCardinality>
<sourceEntity>4D54922B-E0A5-6AA1-F90E-7A567AB5A505</sourceEntity>
<targetCardinalityString>*</targetCardinalityString>
<targetEntity>C7152BB5-E8E2-3505-FDA4-41A819754A05</targetEntity>
<transferable>true</transferable>
<deleteRule>NO ACTION</deleteRule>
</Relation>
