<?xml version = '1.0' encoding = 'UTF-8'?>
<Relation class="oracle.dbtools.crest.model.design.logical.Relation" name="insurer_building" directorySegmentName="seg_0" id="69D1FEF3-6665-2233-5E2A-122A41AC4BD8">
<createdBy>Jason</createdBy>
<createdTime>2020-10-03 02:27:18 UTC</createdTime>
<ownerDesignName>fdas_logical</ownerDesignName>
<engineerTo>
<item key="69E460BE-08CB-F48A-203C-0711232FDA0D" value="true"/>
</engineerTo>
<sourcePk>E88DD265-F6E7-ACF1-5DAA-BE36498D8AC1</sourcePk>
<identifying>false</identifying>
<nameOnSource>covers</nameOnSource>
<optionalSource>false</optionalSource>
<optionalTarget>true</optionalTarget>
<sourceCardinality>1</sourceCardinality>
<sourceEntity>4F7EA608-25FE-F01B-3FA3-F5FB43A16F87</sourceEntity>
<targetCardinalityString>*</targetCardinalityString>
<targetEntity>9795177F-826E-10F5-45F2-F6CB7E27E7BF</targetEntity>
<transferable>true</transferable>
<deleteRule>NO ACTION</deleteRule>
</Relation>
