<?xml version = '1.0' encoding = 'UTF-8'?>
<Relation class="oracle.dbtools.crest.model.design.logical.Relation" name="fire_event_damage" directorySegmentName="seg_0" id="6D6E1C6C-D739-2D52-30B2-92EF4907F3D9">
<createdBy>Jason</createdBy>
<createdTime>2020-10-03 03:05:58 UTC</createdTime>
<ownerDesignName>fdas_logical</ownerDesignName>
<engineerTo>
<item key="69E460BE-08CB-F48A-203C-0711232FDA0D" value="true"/>
</engineerTo>
<sourcePk>8392B8A4-827A-80FA-D0CB-58410EEE1517</sourcePk>
<identifying>false</identifying>
<nameOnSource>causes</nameOnSource>
<optionalSource>true</optionalSource>
<optionalTarget>false</optionalTarget>
<sourceCardinality>1</sourceCardinality>
<sourceEntity>4D54922B-E0A5-6AA1-F90E-7A567AB5A505</sourceEntity>
<targetCardinalityString>*</targetCardinalityString>
<targetEntity>3010FCA9-8D4C-604E-C789-BF5945EFD43C</targetEntity>
<transferable>true</transferable>
<deleteRule>NO ACTION</deleteRule>
</Relation>
