<?xml version = '1.0' encoding = 'UTF-8'?>
<FKIndexAssociation class="oracle.dbtools.crest.model.design.relational.FKIndexAssociation" directorySegmentName="seg_0" id="25BDEADE-F4B5-BD01-FD28-9F9E40A567E3" containerWithKeyObject="78CE91B1-5657-E820-7055-A7D1646D50A8" localFKIndex="3210AF10-48DA-2486-7D0C-495DDE853EC3" name="Relation_15">
<createdBy>Jason</createdBy>
<createdTime>2020-10-11 11:56:35 UTC</createdTime>
<generatorID>C294C5BD-81C0-5880-EB35-5BB4363ACE24</generatorID>
<ownerDesignName>asm1b</ownerDesignName>
<referredTableLongName>property_type</referredTableLongName>
<deleteRule>NO ACTION</deleteRule>
<referredTableID>3B2296F7-ABDA-7236-5D8D-DBFAEB769BE2</referredTableID>
<keyObject>B02FB050-3601-1A93-9E85-0F0700082461</keyObject>
<referredKeyID>B02FB050-3601-1A93-9E85-0F0700082461</referredKeyID>
<mandatory>true</mandatory>
<refColNames>proprty_type_id</refColNames>
<transferable>true</transferable>
<rely>false</rely>
<columnDependencyConstraintGenerateInDDL>true</columnDependencyConstraintGenerateInDDL>
</FKIndexAssociation>
