<?xml version = '1.0' encoding = 'UTF-8'?>
<FKIndexAssociation class="oracle.dbtools.crest.model.design.relational.FKIndexAssociation" directorySegmentName="seg_0" id="357EFD5B-91CA-6691-EF70-0468ACB106BB" containerWithKeyObject="A41FFED7-9D2D-E2FB-2C49-F8EB25804EE3" localFKIndex="56A747E6-55EC-68E0-2CB0-21F0694BCA18" name="assessor_damage">
<createdBy>Jason</createdBy>
<createdTime>2020-10-11 11:56:35 UTC</createdTime>
<generatorID>FD8C27F2-ABED-EE5A-23FC-A9FCA58B1203</generatorID>
<ownerDesignName>asm1b</ownerDesignName>
<referredTableLongName>assessor</referredTableLongName>
<deleteRule>NO ACTION</deleteRule>
<referredTableID>116C8386-A2E4-1AAB-798E-2F420FA9B0EB</referredTableID>
<keyObject>40CA6C73-7E60-7193-A8AB-578115CA94E2</keyObject>
<referredKeyID>40CA6C73-7E60-7193-A8AB-578115CA94E2</referredKeyID>
<mandatory>true</mandatory>
<refColNames>assessor_id</refColNames>
<transferable>true</transferable>
<rely>false</rely>
<columnDependencyConstraintGenerateInDDL>true</columnDependencyConstraintGenerateInDDL>
</FKIndexAssociation>
