<?xml version = '1.0' encoding = 'UTF-8'?>
<FKIndexAssociation class="oracle.dbtools.crest.model.design.relational.FKIndexAssociation" directorySegmentName="seg_0" id="37D09292-2931-AE0A-D267-4E0F4F66F261" containerWithKeyObject="9224CFDE-FF3E-0E69-F1E3-9147C9698318" localFKIndex="E5446118-ACE3-5F85-C66B-A5AD44B74E20" name="fire_event_fireLGA">
<createdBy>Jason</createdBy>
<createdTime>2020-10-11 11:56:35 UTC</createdTime>
<generatorID>55A75823-76A2-C8AF-4FD5-046B680BA755</generatorID>
<ownerDesignName>asm1b</ownerDesignName>
<referredTableLongName>fire_event</referredTableLongName>
<deleteRule>NO ACTION</deleteRule>
<referredTableID>D072D031-BCAD-4BAB-3DD0-08BF9BA18831</referredTableID>
<keyObject>5916261F-C761-3A0E-F5BB-CA6E2289143C</keyObject>
<referredKeyID>5916261F-C761-3A0E-F5BB-CA6E2289143C</referredKeyID>
<mandatory>true</mandatory>
<refColNames>fire_id</refColNames>
<transferable>true</transferable>
<rely>false</rely>
<columnDependencyConstraintGenerateInDDL>true</columnDependencyConstraintGenerateInDDL>
</FKIndexAssociation>
