<?xml version = '1.0' encoding = 'UTF-8'?>
<FKIndexAssociation class="oracle.dbtools.crest.model.design.relational.FKIndexAssociation" directorySegmentName="seg_0" id="592E0B61-5D09-B4F8-C1F4-CBF23901595E" containerWithKeyObject="A41FFED7-9D2D-E2FB-2C49-F8EB25804EE3" localFKIndex="E12974F2-44D1-71B8-C9F6-36D54CB546ED" name="building_damage">
<createdBy>Jason</createdBy>
<createdTime>2020-10-11 11:56:35 UTC</createdTime>
<generatorID>0FDB5120-38B2-C2A4-037F-CE6F65878658</generatorID>
<ownerDesignName>asm1b</ownerDesignName>
<referredTableLongName>building</referredTableLongName>
<deleteRule>NO ACTION</deleteRule>
<referredTableID>7BDF4DAF-4453-5729-E33D-62AE14778E70</referredTableID>
<keyObject>A50EF2A3-B181-C7B3-05B2-DA105E4401B1</keyObject>
<referredKeyID>A50EF2A3-B181-C7B3-05B2-DA105E4401B1</referredKeyID>
<mandatory>true</mandatory>
<refColNames>property_id,building_id</refColNames>
<transferable>true</transferable>
<rely>false</rely>
<columnDependencyConstraintGenerateInDDL>true</columnDependencyConstraintGenerateInDDL>
</FKIndexAssociation>
