<?xml version = '1.0' encoding = 'UTF-8'?>
<FKIndexAssociation class="oracle.dbtools.crest.model.design.relational.FKIndexAssociation" directorySegmentName="seg_0" id="72D710DA-EC74-77FD-77F8-915C8858C361" containerWithKeyObject="7BDF4DAF-4453-5729-E33D-62AE14778E70" localFKIndex="2A88C3BE-30A7-353F-175C-FC3DC6848A06" name="insurer_building">
<createdBy>Jason</createdBy>
<createdTime>2020-10-11 11:56:35 UTC</createdTime>
<generatorID>69D1FEF3-6665-2233-5E2A-122A41AC4BD8</generatorID>
<ownerDesignName>asm1b</ownerDesignName>
<referredTableLongName>insurer</referredTableLongName>
<deleteRule>NO ACTION</deleteRule>
<referredTableID>70D0E81C-2185-93B0-8241-C6DBB8E3DF5E</referredTableID>
<keyObject>14FA7452-3FB8-58FF-19BB-F0C966E53EC4</keyObject>
<referredKeyID>14FA7452-3FB8-58FF-19BB-F0C966E53EC4</referredKeyID>
<mandatory>false</mandatory>
<refColNames>insurer_id</refColNames>
<transferable>true</transferable>
<rely>false</rely>
<columnDependencyConstraintGenerateInDDL>true</columnDependencyConstraintGenerateInDDL>
</FKIndexAssociation>
