<?xml version = '1.0' encoding = 'UTF-8'?>
<FKIndexAssociation class="oracle.dbtools.crest.model.design.relational.FKIndexAssociation" directorySegmentName="seg_0" id="7DF5677E-0516-4456-5DCA-6D7BAD6D0EF9" containerWithKeyObject="D072D031-BCAD-4BAB-3DD0-08BF9BA18831" localFKIndex="33CE57A4-55A9-77DA-2F0F-C35262804790" name="fire_event_fire_event">
<createdBy>Jason</createdBy>
<createdTime>2020-10-11 11:56:35 UTC</createdTime>
<generatorID>E7C65EF8-A588-8E91-7FC1-813346340537</generatorID>
<ownerDesignName>asm1b</ownerDesignName>
<referredTableLongName>fire_event</referredTableLongName>
<deleteRule>NO ACTION</deleteRule>
<referredTableID>D072D031-BCAD-4BAB-3DD0-08BF9BA18831</referredTableID>
<keyObject>5916261F-C761-3A0E-F5BB-CA6E2289143C</keyObject>
<referredKeyID>5916261F-C761-3A0E-F5BB-CA6E2289143C</referredKeyID>
<mandatory>false</mandatory>
<refColNames>fire_id</refColNames>
<transferable>true</transferable>
<rely>false</rely>
<columnDependencyConstraintGenerateInDDL>true</columnDependencyConstraintGenerateInDDL>
</FKIndexAssociation>
