<?xml version = '1.0' encoding = 'UTF-8'?>
<FKIndexAssociation class="oracle.dbtools.crest.model.design.relational.FKIndexAssociation" directorySegmentName="seg_0" id="86E3B041-6815-2A20-54E7-F55B1D53A892" containerWithKeyObject="7BDF4DAF-4453-5729-E33D-62AE14778E70" localFKIndex="6C0D62B1-0FE5-38B9-62AF-81C24BACEFFE" name="LGA_Assess_Building">
<createdBy>Jason</createdBy>
<createdTime>2020-10-11 11:56:35 UTC</createdTime>
<generatorID>9086C6DC-43BE-263A-5AD8-3D48FAFF9DCB</generatorID>
<ownerDesignName>asm1b</ownerDesignName>
<referredTableLongName>LGA</referredTableLongName>
<deleteRule>NO ACTION</deleteRule>
<referredTableID>A8B25A70-B9D1-814B-127A-55C40E215746</referredTableID>
<keyObject>1C508037-492B-3208-3761-9F98E75A7807</keyObject>
<referredKeyID>1C508037-492B-3208-3761-9F98E75A7807</referredKeyID>
<mandatory>true</mandatory>
<refColNames>LGA_code</refColNames>
<transferable>true</transferable>
<rely>false</rely>
<columnDependencyConstraintGenerateInDDL>true</columnDependencyConstraintGenerateInDDL>
</FKIndexAssociation>
