<?xml version = '1.0' encoding = 'UTF-8'?>
<FKIndexAssociation class="oracle.dbtools.crest.model.design.relational.FKIndexAssociation" directorySegmentName="seg_0" id="9E379D3B-144D-ED09-D87A-0E0EBC42F7D9" containerWithKeyObject="92A2E163-40B0-8587-CA76-FE851E642788" localFKIndex="CDA41675-E9A5-FC41-A186-372FC9A0CA94" name="insurer_employement">
<createdBy>Jason</createdBy>
<createdTime>2020-10-11 11:56:35 UTC</createdTime>
<generatorID>55342052-5B23-97ED-EC78-A1D62FE52D5C</generatorID>
<ownerDesignName>asm1b</ownerDesignName>
<referredTableLongName>insurer</referredTableLongName>
<deleteRule>NO ACTION</deleteRule>
<referredTableID>70D0E81C-2185-93B0-8241-C6DBB8E3DF5E</referredTableID>
<keyObject>14FA7452-3FB8-58FF-19BB-F0C966E53EC4</keyObject>
<referredKeyID>14FA7452-3FB8-58FF-19BB-F0C966E53EC4</referredKeyID>
<mandatory>true</mandatory>
<refColNames>insurer_id</refColNames>
<transferable>true</transferable>
<rely>false</rely>
<columnDependencyConstraintGenerateInDDL>true</columnDependencyConstraintGenerateInDDL>
</FKIndexAssociation>
