<?xml version = '1.0' encoding = 'UTF-8'?>
<FKIndexAssociation class="oracle.dbtools.crest.model.design.relational.FKIndexAssociation" directorySegmentName="seg_0" id="ADBDBF20-A9DF-5BA3-57FD-16CE7BFADA93" containerWithKeyObject="A41FFED7-9D2D-E2FB-2C49-F8EB25804EE3" localFKIndex="DC319FBA-22F9-5817-0DE6-9477329BD204" name="LGA_damage">
<createdBy>Jason</createdBy>
<createdTime>2020-10-11 11:56:35 UTC</createdTime>
<generatorID>C29ABAE0-BA5A-C0D7-D84E-E727E726901F</generatorID>
<ownerDesignName>asm1b</ownerDesignName>
<referredTableLongName>LGA</referredTableLongName>
<deleteRule>NO ACTION</deleteRule>
<referredTableID>A8B25A70-B9D1-814B-127A-55C40E215746</referredTableID>
<keyObject>1C508037-492B-3208-3761-9F98E75A7807</keyObject>
<referredKeyID>1C508037-492B-3208-3761-9F98E75A7807</referredKeyID>
<mandatory>true</mandatory>
<refColNames>LGA_code</refColNames>
<transferable>true</transferable>
<rely>false</rely>
<columnDependencyConstraintGenerateInDDL>true</columnDependencyConstraintGenerateInDDL>
</FKIndexAssociation>
