<?xml version = '1.0' encoding = 'UTF-8'?>
<FKIndexAssociation class="oracle.dbtools.crest.model.design.relational.FKIndexAssociation" directorySegmentName="seg_0" id="B6383FB9-DD10-A2C8-B623-E0AA1900B4DA" containerWithKeyObject="E3CB6CF4-1F31-A89F-7916-A84C551C7C16" localFKIndex="F82F9AFA-61CB-F9FF-536C-53DA7D82C787" name="damage_visit">
<createdBy>Jason</createdBy>
<createdTime>2020-10-11 11:56:35 UTC</createdTime>
<generatorID>33C6EA44-24B2-D132-6384-374087CE8DBB</generatorID>
<ownerDesignName>asm1b</ownerDesignName>
<referredTableLongName>damage</referredTableLongName>
<deleteRule>NO ACTION</deleteRule>
<referredTableID>A41FFED7-9D2D-E2FB-2C49-F8EB25804EE3</referredTableID>
<keyObject>5F4FF323-A3E0-3735-684A-8AEE4E2C59CE</keyObject>
<referredKeyID>5F4FF323-A3E0-3735-684A-8AEE4E2C59CE</referredKeyID>
<mandatory>true</mandatory>
<refColNames>damage_id</refColNames>
<transferable>true</transferable>
<rely>false</rely>
<columnDependencyConstraintGenerateInDDL>true</columnDependencyConstraintGenerateInDDL>
</FKIndexAssociation>
