<?xml version = '1.0' encoding = 'UTF-8'?>
<FKIndexAssociation class="oracle.dbtools.crest.model.design.relational.FKIndexAssociation" directorySegmentName="seg_0" id="D26A25D0-3212-3998-B1BE-32DB09A80A54" containerWithKeyObject="92A2E163-40B0-8587-CA76-FE851E642788" localFKIndex="19548A76-63FE-6BBD-A386-E580775DCFC9" name="assessor_employment">
<createdBy>Jason</createdBy>
<createdTime>2020-10-11 11:56:35 UTC</createdTime>
<generatorID>25FF8AA9-A4A4-A934-10DF-BB1B57D5E8DD</generatorID>
<ownerDesignName>asm1b</ownerDesignName>
<referredTableLongName>assessor</referredTableLongName>
<deleteRule>NO ACTION</deleteRule>
<referredTableID>116C8386-A2E4-1AAB-798E-2F420FA9B0EB</referredTableID>
<keyObject>40CA6C73-7E60-7193-A8AB-578115CA94E2</keyObject>
<referredKeyID>40CA6C73-7E60-7193-A8AB-578115CA94E2</referredKeyID>
<mandatory>true</mandatory>
<refColNames>assessor_id</refColNames>
<transferable>true</transferable>
<rely>false</rely>
<columnDependencyConstraintGenerateInDDL>true</columnDependencyConstraintGenerateInDDL>
</FKIndexAssociation>
