<?xml version = '1.0' encoding = 'UTF-8'?>
<FKIndexAssociation class="oracle.dbtools.crest.model.design.relational.FKIndexAssociation" directorySegmentName="seg_0" id="E088361E-197E-1B9B-D527-D849EE28EB5D" containerWithKeyObject="7BDF4DAF-4453-5729-E33D-62AE14778E70" localFKIndex="F937096C-E13F-A52B-83FD-9C045A25E4AB" name="property_building">
<createdBy>Jason</createdBy>
<createdTime>2020-10-11 11:56:35 UTC</createdTime>
<generatorID>B2BACD83-8F78-D195-A744-AE8E746EF23C</generatorID>
<ownerDesignName>asm1b</ownerDesignName>
<referredTableLongName>property</referredTableLongName>
<deleteRule>NO ACTION</deleteRule>
<referredTableID>78CE91B1-5657-E820-7055-A7D1646D50A8</referredTableID>
<keyObject>4219E328-C9B5-84AC-AA78-7C395A449E31</keyObject>
<referredKeyID>4219E328-C9B5-84AC-AA78-7C395A449E31</referredKeyID>
<mandatory>true</mandatory>
<refColNames>property_id</refColNames>
<transferable>true</transferable>
<rely>false</rely>
<columnDependencyConstraintGenerateInDDL>true</columnDependencyConstraintGenerateInDDL>
</FKIndexAssociation>
