<?xml version = '1.0' encoding = 'UTF-8'?>
<FKIndexAssociation class="oracle.dbtools.crest.model.design.relational.FKIndexAssociation" directorySegmentName="seg_0" id="E6EE212A-405B-4C0D-023C-4DFAD5D3E54E" containerWithKeyObject="78CE91B1-5657-E820-7055-A7D1646D50A8" localFKIndex="CDF73C8A-2532-9986-E3B2-30D520643C90" name="owner_property">
<createdBy>Jason</createdBy>
<createdTime>2020-10-11 11:56:35 UTC</createdTime>
<generatorID>4F468187-9EB6-B064-A247-E7F145AA315B</generatorID>
<ownerDesignName>asm1b</ownerDesignName>
<referredTableLongName>owner</referredTableLongName>
<deleteRule>NO ACTION</deleteRule>
<referredTableID>D91AD996-2698-2881-C468-DBC9845DF376</referredTableID>
<keyObject>671414FF-A678-D778-2402-FA9DB5AB2519</keyObject>
<referredKeyID>671414FF-A678-D778-2402-FA9DB5AB2519</referredKeyID>
<mandatory>true</mandatory>
<refColNames>owner_id</refColNames>
<transferable>true</transferable>
<rely>false</rely>
<columnDependencyConstraintGenerateInDDL>true</columnDependencyConstraintGenerateInDDL>
</FKIndexAssociation>
