<?xml version = '1.0' encoding = 'UTF-8'?>
<FKIndexAssociation class="oracle.dbtools.crest.model.design.relational.FKIndexAssociation" directorySegmentName="seg_0" id="F0CAE880-EBB6-1ED9-69BB-E6836D3758D4" containerWithKeyObject="A41FFED7-9D2D-E2FB-2C49-F8EB25804EE3" localFKIndex="052A1F5F-0051-B954-6170-BA3B0A05EF71" name="fire_event_damage">
<createdBy>Jason</createdBy>
<createdTime>2020-10-11 11:56:35 UTC</createdTime>
<generatorID>6D6E1C6C-D739-2D52-30B2-92EF4907F3D9</generatorID>
<ownerDesignName>asm1b</ownerDesignName>
<referredTableLongName>fire_event</referredTableLongName>
<deleteRule>NO ACTION</deleteRule>
<referredTableID>D072D031-BCAD-4BAB-3DD0-08BF9BA18831</referredTableID>
<keyObject>5916261F-C761-3A0E-F5BB-CA6E2289143C</keyObject>
<referredKeyID>5916261F-C761-3A0E-F5BB-CA6E2289143C</referredKeyID>
<mandatory>true</mandatory>
<refColNames>fire_id</refColNames>
<transferable>true</transferable>
<rely>false</rely>
<columnDependencyConstraintGenerateInDDL>true</columnDependencyConstraintGenerateInDDL>
</FKIndexAssociation>
