<?xml version = '1.0' encoding = 'UTF-8'?>
<FKIndexAssociation class="oracle.dbtools.crest.model.design.relational.FKIndexAssociation" directorySegmentName="seg_0" id="FDE93057-C22E-515A-60E0-D3031F942B4B" containerWithKeyObject="9224CFDE-FF3E-0E69-F1E3-9147C9698318" localFKIndex="392DF191-6BF1-D6B6-73D1-658B0D42C2A4" name="lga_fireLG">
<createdBy>Jason</createdBy>
<createdTime>2020-10-11 11:56:35 UTC</createdTime>
<generatorID>66722951-CC80-3C4B-2A62-25BF6DA21018</generatorID>
<ownerDesignName>asm1b</ownerDesignName>
<referredTableLongName>LGA</referredTableLongName>
<deleteRule>NO ACTION</deleteRule>
<referredTableID>A8B25A70-B9D1-814B-127A-55C40E215746</referredTableID>
<keyObject>1C508037-492B-3208-3761-9F98E75A7807</keyObject>
<referredKeyID>1C508037-492B-3208-3761-9F98E75A7807</referredKeyID>
<mandatory>true</mandatory>
<refColNames>LGA_code</refColNames>
<transferable>true</transferable>
<rely>false</rely>
<columnDependencyConstraintGenerateInDDL>true</columnDependencyConstraintGenerateInDDL>
</FKIndexAssociation>
