<?xml version = '1.0' encoding = 'UTF-8'?>
<Table class="oracle.dbtools.crest.model.design.relational.Table" directorySegmentName="seg_0" id="1D894A85-014D-8331-4E2C-9F331BAF8371" name="damage">
<createdBy>Jason</createdBy>
<createdTime>2020-10-11 11:03:22 UTC</createdTime>
<generatorID>3010FCA9-8D4C-604E-C789-BF5945EFD43C</generatorID>
<ownerDesignName>asm1b</ownerDesignName>
<allowColumnReorder>false</allowColumnReorder>
<existDependencyGenerateInDDl>true</existDependencyGenerateInDDl>
<parsed>true</parsed>
<columns itemClass="oracle.dbtools.crest.model.design.relational.Column">
<Column name="damage_id" id="2A10D7B0-EF6C-AC51-DF0C-25976053FCF5">
<createdBy>Jason</createdBy>
<createdTime>2020-10-11 11:03:22 UTC</createdTime>
<commentInRDBMS><![CDATA[surrogate key of Damage which identifies attributes of damage
The key ranges from 00000001 to 99999999]]></commentInRDBMS>
<generatorID>F0F514F9-27BE-3186-856C-231B546C0084</generatorID>
<ownerDesignName>asm1b</ownerDesignName>
<useDomainConstraints>false</useDomainConstraints>
<use>1</use>
<logicalDatatype>LOGDT019</logicalDatatype>
<dataTypePrecision>8</dataTypePrecision>
<ownDataTypeParameters>,8,</ownDataTypeParameters>
<autoIncrementCycle>false</autoIncrementCycle>
</Column>
<Column name="property_id" id="170CB1C3-6066-B357-979B-2E22B44B7A80">
<createdBy>Jason</createdBy>
<createdTime>2020-10-11 11:03:22 UTC</createdTime>
<commentInRDBMS><![CDATA[This is property id  which identifies attributes of property]]></commentInRDBMS>
<generatorID>3A7C57B0-E64B-5F25-0D43-BE7AA0F68F57</generatorID>
<ownerDesignName>asm1b</ownerDesignName>
<useDomainConstraints>false</useDomainConstraints>
<use>1</use>
<logicalDatatype>LOGDT019</logicalDatatype>
<dataTypePrecision>7</dataTypePrecision>
<ownDataTypeParameters>,,</ownDataTypeParameters>
<previousColumn>false</previousColumn>
<autoIncrementCycle>false</autoIncrementCycle>
<associations>
<colAssociation fkAssociation="C8481359-C8BB-892B-C1EC-37749DD7FCD8" referredColumn="4F5B7630-7550-64B8-9542-3B77F4AC012A"/>
</associations>
</Column>
<Column name="building_id" id="24340E03-5353-BF4F-52E1-D8B48AE3F8A1">
<createdBy>Jason</createdBy>
<createdTime>2020-10-11 11:03:22 UTC</createdTime>
<commentInRDBMS><![CDATA[This is building id]]></commentInRDBMS>
<generatorID>262D3729-0F90-F842-E37B-4A08404B3D34</generatorID>
<ownerDesignName>asm1b</ownerDesignName>
<useDomainConstraints>false</useDomainConstraints>
<use>1</use>
<logicalDatatype>LOGDT019</logicalDatatype>
<dataTypePrecision>2</dataTypePrecision>
<ownDataTypeParameters>,,</ownDataTypeParameters>
<previousColumn>false</previousColumn>
<autoIncrementCycle>false</autoIncrementCycle>
<associations>
<colAssociation fkAssociation="C8481359-C8BB-892B-C1EC-37749DD7FCD8" referredColumn="AA21AC5D-15B3-6D23-0EF0-69B98F4958AB"/>
</associations>
</Column>
<Column name="fire_id" id="08FBABBB-F979-39C1-BB7F-F0F9AA5EB42A">
<createdBy>Jason</createdBy>
<createdTime>2020-10-11 11:03:22 UTC</createdTime>
<commentInRDBMS><![CDATA[This is the fire event id which identifies attributes of fire_event]]></commentInRDBMS>
<generatorID>243D89F0-4B85-A9C1-661F-53E5E338D628</generatorID>
<ownerDesignName>asm1b</ownerDesignName>
<useDomainConstraints>false</useDomainConstraints>
<use>1</use>
<logicalDatatype>LOGDT024</logicalDatatype>
<dataTypeSize>9</dataTypeSize>
<ownDataTypeParameters>,,</ownDataTypeParameters>
<previousColumn>false</previousColumn>
<autoIncrementCycle>false</autoIncrementCycle>
<associations>
<colAssociation fkAssociation="ADAABDCD-8C71-3BFD-A347-F3EE6BF1B7A3" referredColumn="05E7FA59-EBD8-6BA1-B348-CABACD57F63C"/>
</associations>
</Column>
<Column name="assessor_id" id="820AD9E7-4D2B-B5F2-A7C8-77EF2B308686">
<createdBy>Jason</createdBy>
<createdTime>2020-10-11 11:03:22 UTC</createdTime>
<commentInRDBMS><![CDATA[This is assessor id which identifies attributes of assessor
for example 
assessor id ranges from 0001 to  9999
]]></commentInRDBMS>
<generatorID>0D858EA8-CA7B-0D2E-B865-C38F59E9E505</generatorID>
<ownerDesignName>asm1b</ownerDesignName>
<useDomainConstraints>false</useDomainConstraints>
<use>1</use>
<logicalDatatype>LOGDT019</logicalDatatype>
<dataTypePrecision>4</dataTypePrecision>
<ownDataTypeParameters>,,</ownDataTypeParameters>
<previousColumn>false</previousColumn>
<autoIncrementCycle>false</autoIncrementCycle>
<associations>
<colAssociation fkAssociation="7796F763-4CCD-ED8D-4653-3A6AA2D73AF1" referredColumn="8B1B7A4F-B7B0-03F6-933C-6C3D898079C6"/>
</associations>
</Column>
<Column name="LGA_code" id="2D9ACC30-4DC8-09DE-B7EF-E38DCFC4CA11">
<createdBy>Jason</createdBy>
<createdTime>2020-10-11 11:03:22 UTC</createdTime>
<commentInRDBMS><![CDATA[This is the LGA code which identifies attributes of LGA
example : 00000028 is one of the LGA code]]></commentInRDBMS>
<generatorID>A21DD56A-2620-383F-A5FB-81D730260AF2</generatorID>
<ownerDesignName>asm1b</ownerDesignName>
<useDomainConstraints>false</useDomainConstraints>
<use>1</use>
<logicalDatatype>LOGDT019</logicalDatatype>
<dataTypePrecision>8</dataTypePrecision>
<ownDataTypeParameters>,,</ownDataTypeParameters>
<previousColumn>false</previousColumn>
<autoIncrementCycle>false</autoIncrementCycle>
<associations>
<colAssociation fkAssociation="FB7B8F57-A0A8-EBCB-A122-127479E64E18" referredColumn="85050ED4-DDA2-7F48-44A4-1EAC93141DE0"/>
</associations>
</Column>
<Column name="damage_total_destroy" id="AD0A82DE-26F2-3D0B-0803-D431DE15F342">
<createdBy>Jason</createdBy>
<createdTime>2020-10-11 11:03:22 UTC</createdTime>
<commentInRDBMS><![CDATA[This is the total  damage cost]]></commentInRDBMS>
<generatorID>C1B24C0F-EDDF-3525-F281-8386BAF7EA35</generatorID>
<ownerDesignName>asm1b</ownerDesignName>
<nullsAllowed>true</nullsAllowed>
<useDomainConstraints>false</useDomainConstraints>
<use>1</use>
<logicalDatatype>LOGDT025</logicalDatatype>
<dataTypeSize>1</dataTypeSize>
<listOfValues>
<valueDef value="N" description="No"/>
<valueDef value="Y" description="Yes"/>
</listOfValues>
<ownDataTypeParameters>1,,</ownDataTypeParameters>
<autoIncrementCycle>false</autoIncrementCycle>
</Column>
<Column name="damage_cost" id="76B563A7-6E75-2B9F-3AC6-0DF6C7F69334">
<createdBy>Jason</createdBy>
<createdTime>2020-10-11 11:03:22 UTC</createdTime>
<commentInRDBMS><![CDATA[This is the damage cost]]></commentInRDBMS>
<generatorID>C03F79F3-BF82-51D1-03E4-EF5DD0BC5CD7</generatorID>
<ownerDesignName>asm1b</ownerDesignName>
<nullsAllowed>true</nullsAllowed>
<useDomainConstraints>false</useDomainConstraints>
<use>1</use>
<logicalDatatype>LOGDT019</logicalDatatype>
<dataTypePrecision>16</dataTypePrecision>
<dataTypeScale>3</dataTypeScale>
<ownDataTypeParameters>,16,3</ownDataTypeParameters>
<autoIncrementCycle>false</autoIncrementCycle>
</Column>
</columns>
<indexes itemClass="oracle.dbtools.crest.model.design.relational.Index">
<ind_PK_UK id="8E2D695C-D6F1-311B-2DB3-0AEC71A5B3B3" name="damage_PK">
<createdBy>Jason</createdBy>
<createdTime>2020-10-11 11:03:22 UTC</createdTime>
<generatorID>3D74C17E-F8E7-D664-48E7-6E41BFD6DB3B</generatorID>
<ownerDesignName>asm1b</ownerDesignName>
<pk>true</pk>
<indexState>Primary Constraint</indexState>
<isSurrogateKey>false</isSurrogateKey>
<indexColumnUsage>
<colUsage columnID="2A10D7B0-EF6C-AC51-DF0C-25976053FCF5"/>
</indexColumnUsage>
</ind_PK_UK>
<ind_PK_UK id="F730FB0C-6397-2C51-57FC-78B2D2A0E616" name="damage_nk">
<createdBy>Jason</createdBy>
<createdTime>2020-10-11 11:03:22 UTC</createdTime>
<generatorID>7A1A1EBC-13B7-6919-6506-B252BDB5E13A</generatorID>
<ownerDesignName>asm1b</ownerDesignName>
<indexState>Unique Constraint</indexState>
<isSurrogateKey>false</isSurrogateKey>
<indexColumnUsage>
<colUsage columnID="170CB1C3-6066-B357-979B-2E22B44B7A80"/>
<colUsage columnID="24340E03-5353-BF4F-52E1-D8B48AE3F8A1"/>
<colUsage columnID="08FBABBB-F979-39C1-BB7F-F0F9AA5EB42A"/>
</indexColumnUsage>
</ind_PK_UK>
<ind_PK_UK id="92C595B2-ADAB-2B4B-449A-8F678C95620D" name="assessor_damage">
<createdBy>Jason</createdBy>
<createdTime>2020-10-11 11:03:22 UTC</createdTime>
<generatorID>FD8C27F2-ABED-EE5A-23FC-A9FCA58B1203</generatorID>
<ownerDesignName>asm1b</ownerDesignName>
<indexState>Foreign Key</indexState>
<isSurrogateKey>false</isSurrogateKey>
<indexColumnUsage>
<colUsage columnID="820AD9E7-4D2B-B5F2-A7C8-77EF2B308686"/>
</indexColumnUsage>
</ind_PK_UK>
<ind_PK_UK id="3D13DBC1-61A9-F7C2-7E50-6C7A66B9A1E1" name="building_damage">
<createdBy>Jason</createdBy>
<createdTime>2020-10-11 11:03:22 UTC</createdTime>
<generatorID>0FDB5120-38B2-C2A4-037F-CE6F65878658</generatorID>
<ownerDesignName>asm1b</ownerDesignName>
<indexState>Foreign Key</indexState>
<isSurrogateKey>false</isSurrogateKey>
<indexColumnUsage>
<colUsage columnID="170CB1C3-6066-B357-979B-2E22B44B7A80"/>
<colUsage columnID="24340E03-5353-BF4F-52E1-D8B48AE3F8A1"/>
</indexColumnUsage>
</ind_PK_UK>
<ind_PK_UK id="ADD3D914-70C8-C999-BAAC-87236226E292" name="fire_event_damage">
<createdBy>Jason</createdBy>
<createdTime>2020-10-11 11:03:22 UTC</createdTime>
<generatorID>6D6E1C6C-D739-2D52-30B2-92EF4907F3D9</generatorID>
<ownerDesignName>asm1b</ownerDesignName>
<indexState>Foreign Key</indexState>
<isSurrogateKey>false</isSurrogateKey>
<indexColumnUsage>
<colUsage columnID="08FBABBB-F979-39C1-BB7F-F0F9AA5EB42A"/>
</indexColumnUsage>
</ind_PK_UK>
<ind_PK_UK id="47BB02F0-BB56-C06A-3FB1-59CBCA0DB205" name="LGA_damage">
<createdBy>Jason</createdBy>
<createdTime>2020-10-11 11:03:22 UTC</createdTime>
<generatorID>C29ABAE0-BA5A-C0D7-D84E-E727E726901F</generatorID>
<ownerDesignName>asm1b</ownerDesignName>
<indexState>Foreign Key</indexState>
<isSurrogateKey>false</isSurrogateKey>
<indexColumnUsage>
<colUsage columnID="2D9ACC30-4DC8-09DE-B7EF-E38DCFC4CA11"/>
</indexColumnUsage>
</ind_PK_UK>
</indexes>
</Table>
