<?xml version = '1.0' encoding = 'UTF-8'?>
<FKIndexAssociation class="oracle.dbtools.crest.model.design.relational.FKIndexAssociation" directorySegmentName="seg_0" id="076F12D5-5D2D-625C-4FF2-ED6EA4ED00EB" containerWithKeyObject="EE848BC8-9174-2640-968D-4667C45FD786" localFKIndex="27DFA3C7-66BE-90AC-B13A-D8CB331DA4E1" name="insurer_building">
<createdBy>Jason</createdBy>
<createdTime>2020-10-11 11:03:22 UTC</createdTime>
<generatorID>69D1FEF3-6665-2233-5E2A-122A41AC4BD8</generatorID>
<ownerDesignName>fdas_logical</ownerDesignName>
<referredTableLongName>insurer</referredTableLongName>
<deleteRule>NO ACTION</deleteRule>
<referredTableID>06BF622D-3DA7-A3BF-71E1-9CF0975E9A8C</referredTableID>
<keyObject>E67812EB-C33D-6FD6-6064-55F52834A568</keyObject>
<referredKeyID>E67812EB-C33D-6FD6-6064-55F52834A568</referredKeyID>
<mandatory>false</mandatory>
<refColNames>insurer_id</refColNames>
<transferable>true</transferable>
<rely>false</rely>
<columnDependencyConstraintGenerateInDDL>true</columnDependencyConstraintGenerateInDDL>
</FKIndexAssociation>
