<?xml version = '1.0' encoding = 'UTF-8'?>
<FKIndexAssociation class="oracle.dbtools.crest.model.design.relational.FKIndexAssociation" directorySegmentName="seg_0" id="8D38DC4F-4F7B-743E-5665-C76AEA2E00AB" containerWithKeyObject="0A063A79-2E70-D346-77D5-685F17481546" localFKIndex="4F617EEE-D3AC-8F24-29C8-6C7B0F7F3500" name="fire_event_fireLGA">
<createdBy>Jason</createdBy>
<createdTime>2020-10-11 11:03:22 UTC</createdTime>
<generatorID>55A75823-76A2-C8AF-4FD5-046B680BA755</generatorID>
<ownerDesignName>fdas_logical</ownerDesignName>
<referredTableLongName>fire_event</referredTableLongName>
<deleteRule>NO ACTION</deleteRule>
<referredTableID>87E3E4C5-8312-663D-0BF3-47FA96BD9563</referredTableID>
<keyObject>7EAD3426-5CE1-752A-FDE5-8844B67D0530</keyObject>
<referredKeyID>7EAD3426-5CE1-752A-FDE5-8844B67D0530</referredKeyID>
<mandatory>true</mandatory>
<refColNames>fire_id</refColNames>
<transferable>true</transferable>
<rely>false</rely>
<columnDependencyConstraintGenerateInDDL>true</columnDependencyConstraintGenerateInDDL>
</FKIndexAssociation>
