<?xml version = '1.0' encoding = 'UTF-8'?>
<FKIndexAssociation class="oracle.dbtools.crest.model.design.relational.FKIndexAssociation" directorySegmentName="seg_0" id="B29C2BE0-1CDB-28F6-F71D-6FF75CD3D5FB" containerWithKeyObject="EE848BC8-9174-2640-968D-4667C45FD786" localFKIndex="8617BF75-0675-73A5-EAC4-01C9CC47E108" name="property_building">
<createdBy>Jason</createdBy>
<createdTime>2020-10-11 11:03:22 UTC</createdTime>
<generatorID>B2BACD83-8F78-D195-A744-AE8E746EF23C</generatorID>
<ownerDesignName>fdas_logical</ownerDesignName>
<referredTableLongName>property</referredTableLongName>
<deleteRule>NO ACTION</deleteRule>
<referredTableID>7BF82F54-5DB2-E029-E93B-BB1230D10797</referredTableID>
<keyObject>C5557FD6-17B7-3B2D-ECB5-0EB77C1AE253</keyObject>
<referredKeyID>C5557FD6-17B7-3B2D-ECB5-0EB77C1AE253</referredKeyID>
<mandatory>true</mandatory>
<refColNames>property_id</refColNames>
<transferable>true</transferable>
<rely>false</rely>
<columnDependencyConstraintGenerateInDDL>true</columnDependencyConstraintGenerateInDDL>
</FKIndexAssociation>
