<?xml version = '1.0' encoding = 'UTF-8'?>
<FKIndexAssociation class="oracle.dbtools.crest.model.design.relational.FKIndexAssociation" directorySegmentName="seg_0" id="EFD22551-0E02-84E8-5C35-3DA250515001" containerWithKeyObject="7BF82F54-5DB2-E029-E93B-BB1230D10797" localFKIndex="C9FB57B3-E7D9-E873-9B45-FBA88A3DF651" name="Relation_15">
<createdBy>Jason</createdBy>
<createdTime>2020-10-11 11:03:22 UTC</createdTime>
<generatorID>C294C5BD-81C0-5880-EB35-5BB4363ACE24</generatorID>
<ownerDesignName>fdas_logical</ownerDesignName>
<referredTableLongName>property_type</referredTableLongName>
<deleteRule>NO ACTION</deleteRule>
<referredTableID>91377C06-76C8-0BB1-E56B-8EA3986E4F73</referredTableID>
<keyObject>4B7BC86C-C498-D3AA-6781-D6D3CA51A390</keyObject>
<referredKeyID>4B7BC86C-C498-D3AA-6781-D6D3CA51A390</referredKeyID>
<mandatory>true</mandatory>
<refColNames>proprty_type_id</refColNames>
<transferable>true</transferable>
<rely>false</rely>
<columnDependencyConstraintGenerateInDDL>true</columnDependencyConstraintGenerateInDDL>
</FKIndexAssociation>
