<?xml version = '1.0' encoding = 'UTF-8'?>
<FKIndexAssociation class="oracle.dbtools.crest.model.design.relational.FKIndexAssociation" directorySegmentName="seg_0" id="FB7B8F57-A0A8-EBCB-A122-127479E64E18" containerWithKeyObject="1D894A85-014D-8331-4E2C-9F331BAF8371" localFKIndex="47BB02F0-BB56-C06A-3FB1-59CBCA0DB205" name="LGA_damage">
<createdBy>Jason</createdBy>
<createdTime>2020-10-11 11:03:22 UTC</createdTime>
<generatorID>C29ABAE0-BA5A-C0D7-D84E-E727E726901F</generatorID>
<ownerDesignName>fdas_logical</ownerDesignName>
<referredTableLongName>LGA</referredTableLongName>
<deleteRule>NO ACTION</deleteRule>
<referredTableID>A1418CD0-6C6E-99FE-CFF2-6E01181C83A9</referredTableID>
<keyObject>2492FF27-7EEC-EF90-2423-2F6F1DDF869D</keyObject>
<referredKeyID>2492FF27-7EEC-EF90-2423-2F6F1DDF869D</referredKeyID>
<mandatory>true</mandatory>
<refColNames>LGA_code</refColNames>
<transferable>true</transferable>
<rely>false</rely>
<columnDependencyConstraintGenerateInDDL>true</columnDependencyConstraintGenerateInDDL>
</FKIndexAssociation>
