<?xml version = '1.0' encoding = 'UTF-8'?>
<Diagram class="oracle.dbtools.crest.swingui.relational.DPVRelational" name="Relational_1" id="AECDE9DD-78B5-4607-052D-396B66D525E2">
<createdBy>Jason</createdBy>
<modifiedBy>Jason</modifiedBy>
<createdTime>2020-10-11 11:55:37 UTC</createdTime>
<autoRoute>false</autoRoute>
<boxInbox>true</boxInbox>
<showLegend>false</showLegend>
<showLabels>false</showLabels>
<showRelAttributes>false</showRelAttributes>
<gridEnabled>false</gridEnabled>
<showGrid>false</showGrid>
<diagramColor>-1</diagramColor>
<display>false</display>
<notation>1</notation>
<objectViews>
<OView class="oracle.dbtools.crest.swingui.relational.TVTable" oid="116C8386-A2E4-1AAB-798E-2F420FA9B0EB" otype="Table" vid="81A3ECD2-34A6-B476-9046-7DA96DB87AF1">
<hideElementsInCurrentOnly>false</hideElementsInCurrentOnly>
<bounds x="1170" y="170" width="241" height="110"/>
</OView>
<OView class="oracle.dbtools.crest.swingui.relational.TVTable" oid="3B2296F7-ABDA-7236-5D8D-DBFAEB769BE2" otype="Table" vid="FB0AF59C-9799-C9C4-0366-F4F63E421DDE">
<hideElementsInCurrentOnly>false</hideElementsInCurrentOnly>
<bounds x="156" y="364" width="233" height="110"/>
</OView>
<OView class="oracle.dbtools.crest.swingui.relational.TVTable" oid="70D0E81C-2185-93B0-8241-C6DBB8E3DF5E" otype="Table" vid="0EEC40A0-9FC2-A9CF-B726-ED27B66B17D4">
<hideElementsInCurrentOnly>false</hideElementsInCurrentOnly>
<bounds x="793" y="169" width="244" height="110"/>
</OView>
<OView class="oracle.dbtools.crest.swingui.relational.TVTable" oid="78CE91B1-5657-E820-7055-A7D1646D50A8" otype="Table" vid="17308900-7EB9-0E5D-305B-5AA850EC1BF3">
<hideElementsInCurrentOnly>false</hideElementsInCurrentOnly>
<bounds x="450" y="359" width="240" height="181"/>
</OView>
<OView class="oracle.dbtools.crest.swingui.relational.TVTable" oid="7BDF4DAF-4453-5729-E33D-62AE14778E70" otype="Table" vid="12729AAB-D73B-715B-83AA-476CBD0F078E">
<hideElementsInCurrentOnly>false</hideElementsInCurrentOnly>
<bounds x="771" y="335" width="246" height="208"/>
</OView>
<OView class="oracle.dbtools.crest.swingui.relational.TVTable" oid="9224CFDE-FF3E-0E69-F1E3-9147C9698318" otype="Table" vid="6CF63EC4-068F-EF96-5C87-49BF531D7A74">
<hideElementsInCurrentOnly>false</hideElementsInCurrentOnly>
<bounds x="791" y="707" width="193" height="120"/>
</OView>
<OView class="oracle.dbtools.crest.swingui.relational.TVTable" oid="92A2E163-40B0-8587-CA76-FE851E642788" otype="Table" vid="19328D67-9B68-A6DC-67DA-7B1FF8FECC4F">
<hideElementsInCurrentOnly>false</hideElementsInCurrentOnly>
<bounds x="942" y="13" width="239" height="137"/>
</OView>
<OView class="oracle.dbtools.crest.swingui.relational.TVTable" oid="A41FFED7-9D2D-E2FB-2C49-F8EB25804EE3" otype="Table" vid="9284CD73-1701-D939-CA91-C1E534386E0B">
<hideElementsInCurrentOnly>false</hideElementsInCurrentOnly>
<bounds x="1184" y="386" width="226" height="221"/>
</OView>
<OView class="oracle.dbtools.crest.swingui.relational.TVTable" oid="A8B25A70-B9D1-814B-127A-55C40E215746" otype="Table" vid="B198CD91-91A5-DA13-6F83-8D415F9787B9">
<hideElementsInCurrentOnly>false</hideElementsInCurrentOnly>
<bounds x="459" y="617" width="219" height="122"/>
</OView>
<OView class="oracle.dbtools.crest.swingui.relational.TVTable" oid="D072D031-BCAD-4BAB-3DD0-08BF9BA18831" otype="Table" vid="6095237A-2B3C-34B4-F110-9E36C71CEA49">
<hideElementsInCurrentOnly>false</hideElementsInCurrentOnly>
<bounds x="1151" y="685" width="287" height="195"/>
</OView>
<OView class="oracle.dbtools.crest.swingui.relational.TVTable" oid="D91AD996-2698-2881-C468-DBC9845DF376" otype="Table" vid="2A19EA88-C564-7C59-61B0-C6FBEF3EED07">
<hideElementsInCurrentOnly>false</hideElementsInCurrentOnly>
<bounds x="453" y="134" width="247" height="110"/>
</OView>
<OView class="oracle.dbtools.crest.swingui.relational.TVTable" oid="E3CB6CF4-1F31-A89F-7916-A84C551C7C16" otype="Table" vid="FE572DBF-B1AA-807A-F8B1-8821A9FE92ED">
<hideElementsInCurrentOnly>false</hideElementsInCurrentOnly>
<bounds x="1522" y="377" width="209" height="119"/>
</OView>
</objectViews>
<connectors>
<Connector class="oracle.dbtools.crest.swingui.relational.TVFKRelation" oid="25BDEADE-F4B5-BD01-FD28-9F9E40A567E3" otype="FKIndexAssociation" vid_source="FB0AF59C-9799-C9C4-0366-F4F63E421DDE" vid_target="17308900-7EB9-0E5D-305B-5AA850EC1BF3">
<hideElementsInCurrentOnly>false</hideElementsInCurrentOnly>
<backgroundColor>-16777216</backgroundColor>
<lineWidth>1</lineWidth>
<points>
<point x="389" y="434"/>
<point x="450" y="434"/>
</points>
</Connector>
<Connector class="oracle.dbtools.crest.swingui.relational.TVFKRelation" oid="357EFD5B-91CA-6691-EF70-0468ACB106BB" otype="FKIndexAssociation" vid_source="81A3ECD2-34A6-B476-9046-7DA96DB87AF1" vid_target="9284CD73-1701-D939-CA91-C1E534386E0B">
<hideElementsInCurrentOnly>false</hideElementsInCurrentOnly>
<backgroundColor>-16777216</backgroundColor>
<lineWidth>1</lineWidth>
<points>
<point x="1312" y="280"/>
<point x="1312" y="386"/>
</points>
</Connector>
<Connector class="oracle.dbtools.crest.swingui.relational.TVFKRelation" oid="37D09292-2931-AE0A-D267-4E0F4F66F261" otype="FKIndexAssociation" vid_source="6095237A-2B3C-34B4-F110-9E36C71CEA49" vid_target="6CF63EC4-068F-EF96-5C87-49BF531D7A74">
<hideElementsInCurrentOnly>false</hideElementsInCurrentOnly>
<backgroundColor>-16777216</backgroundColor>
<lineWidth>1</lineWidth>
<points>
<point x="1151" y="767"/>
<point x="984" y="767"/>
</points>
</Connector>
<Connector class="oracle.dbtools.crest.swingui.relational.TVFKRelation" oid="592E0B61-5D09-B4F8-C1F4-CBF23901595E" otype="FKIndexAssociation" vid_source="12729AAB-D73B-715B-83AA-476CBD0F078E" vid_target="9284CD73-1701-D939-CA91-C1E534386E0B">
<hideElementsInCurrentOnly>false</hideElementsInCurrentOnly>
<backgroundColor>-16777216</backgroundColor>
<lineWidth>1</lineWidth>
<points>
<point x="1017" y="464"/>
<point x="1184" y="464"/>
</points>
</Connector>
<Connector class="oracle.dbtools.crest.swingui.relational.TVFKRelation" oid="72D710DA-EC74-77FD-77F8-915C8858C361" otype="FKIndexAssociation" vid_source="0EEC40A0-9FC2-A9CF-B726-ED27B66B17D4" vid_target="12729AAB-D73B-715B-83AA-476CBD0F078E">
<hideElementsInCurrentOnly>false</hideElementsInCurrentOnly>
<backgroundColor>-16777216</backgroundColor>
<lineWidth>1</lineWidth>
<points>
<point x="905" y="279"/>
<point x="905" y="335"/>
</points>
</Connector>
<Connector class="oracle.dbtools.crest.swingui.relational.TVFKRelation" oid="7DF5677E-0516-4456-5DCA-6D7BAD6D0EF9" otype="FKIndexAssociation" vid_source="6095237A-2B3C-34B4-F110-9E36C71CEA49" vid_target="6095237A-2B3C-34B4-F110-9E36C71CEA49">
<hideElementsInCurrentOnly>false</hideElementsInCurrentOnly>
<backgroundColor>-16777216</backgroundColor>
<lineWidth>1</lineWidth>
<points>
<point x="1438" y="782"/>
<point x="1501" y="782"/>
<point x="1535" y="927"/>
<point x="1268" y="911"/>
<point x="1268" y="880"/>
</points>
</Connector>
<Connector class="oracle.dbtools.crest.swingui.relational.TVFKRelation" oid="86E3B041-6815-2A20-54E7-F55B1D53A892" otype="FKIndexAssociation" vid_source="B198CD91-91A5-DA13-6F83-8D415F9787B9" vid_target="12729AAB-D73B-715B-83AA-476CBD0F078E">
<hideElementsInCurrentOnly>false</hideElementsInCurrentOnly>
<backgroundColor>-16777216</backgroundColor>
<lineWidth>1</lineWidth>
<points>
<point x="678" y="628"/>
<point x="823" y="628"/>
<point x="823" y="543"/>
</points>
</Connector>
<Connector class="oracle.dbtools.crest.swingui.relational.TVFKRelation" oid="9E379D3B-144D-ED09-D87A-0E0EBC42F7D9" otype="FKIndexAssociation" vid_source="0EEC40A0-9FC2-A9CF-B726-ED27B66B17D4" vid_target="19328D67-9B68-A6DC-67DA-7B1FF8FECC4F">
<hideElementsInCurrentOnly>false</hideElementsInCurrentOnly>
<backgroundColor>-16777216</backgroundColor>
<lineWidth>1</lineWidth>
<points>
<point x="843" y="169"/>
<point x="843" y="49"/>
<point x="942" y="49"/>
</points>
</Connector>
<Connector class="oracle.dbtools.crest.swingui.relational.TVFKRelation" oid="ADBDBF20-A9DF-5BA3-57FD-16CE7BFADA93" otype="FKIndexAssociation" vid_source="B198CD91-91A5-DA13-6F83-8D415F9787B9" vid_target="9284CD73-1701-D939-CA91-C1E534386E0B">
<hideElementsInCurrentOnly>false</hideElementsInCurrentOnly>
<backgroundColor>-16777216</backgroundColor>
<lineWidth>1</lineWidth>
<points>
<point x="613" y="617"/>
<point x="613" y="523"/>
<point x="1184" y="523"/>
</points>
</Connector>
<Connector class="oracle.dbtools.crest.swingui.relational.TVFKRelation" oid="B6383FB9-DD10-A2C8-B623-E0AA1900B4DA" otype="FKIndexAssociation" vid_source="9284CD73-1701-D939-CA91-C1E534386E0B" vid_target="FE572DBF-B1AA-807A-F8B1-8821A9FE92ED">
<hideElementsInCurrentOnly>false</hideElementsInCurrentOnly>
<backgroundColor>-16777216</backgroundColor>
<lineWidth>1</lineWidth>
<points>
<point x="1410" y="456"/>
<point x="1522" y="456"/>
</points>
</Connector>
<Connector class="oracle.dbtools.crest.swingui.relational.TVFKRelation" oid="D26A25D0-3212-3998-B1BE-32DB09A80A54" otype="FKIndexAssociation" vid_source="81A3ECD2-34A6-B476-9046-7DA96DB87AF1" vid_target="19328D67-9B68-A6DC-67DA-7B1FF8FECC4F">
<hideElementsInCurrentOnly>false</hideElementsInCurrentOnly>
<backgroundColor>-16777216</backgroundColor>
<lineWidth>1</lineWidth>
<points>
<point x="1315" y="170"/>
<point x="1315" y="69"/>
<point x="1181" y="69"/>
</points>
</Connector>
<Connector class="oracle.dbtools.crest.swingui.relational.TVFKRelation" oid="E088361E-197E-1B9B-D527-D849EE28EB5D" otype="FKIndexAssociation" vid_source="17308900-7EB9-0E5D-305B-5AA850EC1BF3" vid_target="12729AAB-D73B-715B-83AA-476CBD0F078E">
<hideElementsInCurrentOnly>false</hideElementsInCurrentOnly>
<backgroundColor>-16777216</backgroundColor>
<lineWidth>1</lineWidth>
<points>
<point x="690" y="449"/>
<point x="771" y="449"/>
</points>
</Connector>
<Connector class="oracle.dbtools.crest.swingui.relational.TVFKRelation" oid="E6EE212A-405B-4C0D-023C-4DFAD5D3E54E" otype="FKIndexAssociation" vid_source="2A19EA88-C564-7C59-61B0-C6FBEF3EED07" vid_target="17308900-7EB9-0E5D-305B-5AA850EC1BF3">
<hideElementsInCurrentOnly>false</hideElementsInCurrentOnly>
<backgroundColor>-16777216</backgroundColor>
<lineWidth>1</lineWidth>
<points>
<point x="571" y="244"/>
<point x="571" y="359"/>
</points>
</Connector>
<Connector class="oracle.dbtools.crest.swingui.relational.TVFKRelation" oid="F0CAE880-EBB6-1ED9-69BB-E6836D3758D4" otype="FKIndexAssociation" vid_source="6095237A-2B3C-34B4-F110-9E36C71CEA49" vid_target="9284CD73-1701-D939-CA91-C1E534386E0B">
<hideElementsInCurrentOnly>false</hideElementsInCurrentOnly>
<backgroundColor>-16777216</backgroundColor>
<lineWidth>1</lineWidth>
<points>
<point x="1297" y="685"/>
<point x="1297" y="614"/>
<point x="1297" y="607"/>
</points>
</Connector>
<Connector class="oracle.dbtools.crest.swingui.relational.TVFKRelation" oid="FDE93057-C22E-515A-60E0-D3031F942B4B" otype="FKIndexAssociation" vid_source="B198CD91-91A5-DA13-6F83-8D415F9787B9" vid_target="6CF63EC4-068F-EF96-5C87-49BF531D7A74">
<hideElementsInCurrentOnly>false</hideElementsInCurrentOnly>
<backgroundColor>-16777216</backgroundColor>
<lineWidth>1</lineWidth>
<points>
<point x="678" y="723"/>
<point x="791" y="723"/>
</points>
</Connector>
</connectors>
</Diagram>
