<?xml version = '1.0' encoding = 'UTF-8'?>
<Entity class="oracle.dbtools.crest.model.design.logical.Entity" directorySegmentName="seg_0" id="4CE090CF-E550-7A66-B1F4-AE0B5F00672C" name="property">
<createdBy>Jason</createdBy>
<createdTime>2020-10-03 01:55:56 UTC</createdTime>
<ownerDesignName>asm1b</ownerDesignName>
<engineerTo>
<item key="438F20F1-176A-786E-218B-CFC1DBFD9644" value="true"/>
</engineerTo>
<adequatelyNormalized>NO</adequatelyNormalized>
<expectedVolumes>0</expectedVolumes>
<fwdEngineeringStrategyName>Single Table</fwdEngineeringStrategyName>
<growthPercent>0</growthPercent>
<growthType>Year</growthType>
<maxVolumes>9999999</maxVolumes>
<minVolumes>0</minVolumes>
<normalForm>Third</normalForm>
<attributes itemClass="oracle.dbtools.crest.model.design.logical.Attribute">
<Attribute name="property_id" id="07DACED4-CE53-0D0C-B07F-3FA5E00773EF">
<createdBy>Jason</createdBy>
<createdTime>2020-10-03 01:56:07 UTC</createdTime>
<commentInRDBMS><![CDATA[This is property id  which identifies attributes of property]]></commentInRDBMS>
<ownerDesignName>asm1b</ownerDesignName>
<engineerTo>
<item key="438F20F1-176A-786E-218B-CFC1DBFD9644" value="true"/>
</engineerTo>
<useDomainConstraints>false</useDomainConstraints>
<use>1</use>
<logicalDatatype>LOGDT019</logicalDatatype>
<dataTypePrecision>7</dataTypePrecision>
<ownDataTypeParameters>,7,</ownDataTypeParameters>
</Attribute>
<Attribute name="property_street" id="5633EAFB-9FC6-753B-DC9D-6FE832A00174">
<createdBy>Jason</createdBy>
<createdTime>2020-10-03 03:29:07 UTC</createdTime>
<commentInRDBMS><![CDATA[This is property street]]></commentInRDBMS>
<ownerDesignName>asm1b</ownerDesignName>
<engineerTo>
<item key="438F20F1-176A-786E-218B-CFC1DBFD9644" value="true"/>
</engineerTo>
<nullsAllowed>true</nullsAllowed>
<useDomainConstraints>false</useDomainConstraints>
<use>1</use>
<logicalDatatype>LOGDT024</logicalDatatype>
<dataTypeSize>100</dataTypeSize>
<ownDataTypeParameters>100,,</ownDataTypeParameters>
</Attribute>
<Attribute name="property_town" id="A1B700DC-A927-0B6B-6669-2DF16ECE6970">
<createdBy>Jason</createdBy>
<createdTime>2020-10-03 03:29:08 UTC</createdTime>
<commentInRDBMS><![CDATA[This is property town]]></commentInRDBMS>
<ownerDesignName>asm1b</ownerDesignName>
<engineerTo>
<item key="438F20F1-176A-786E-218B-CFC1DBFD9644" value="true"/>
</engineerTo>
<nullsAllowed>true</nullsAllowed>
<useDomainConstraints>false</useDomainConstraints>
<use>1</use>
<logicalDatatype>LOGDT024</logicalDatatype>
<dataTypeSize>100</dataTypeSize>
<ownDataTypeParameters>100,,</ownDataTypeParameters>
</Attribute>
<Attribute name="property_postcode" id="FC5D2F4C-3568-5735-2C8E-EFD9E6F616B2">
<createdBy>Jason</createdBy>
<createdTime>2020-10-03 03:29:08 UTC</createdTime>
<commentInRDBMS><![CDATA[This is property postcode 

For example, Syd2121 is the postcode of Epping in Sydney ]]></commentInRDBMS>
<ownerDesignName>asm1b</ownerDesignName>
<engineerTo>
<item key="438F20F1-176A-786E-218B-CFC1DBFD9644" value="true"/>
</engineerTo>
<nullsAllowed>true</nullsAllowed>
<useDomainConstraints>false</useDomainConstraints>
<use>1</use>
<logicalDatatype>LOGDT024</logicalDatatype>
<dataTypeSize>16</dataTypeSize>
<ownDataTypeParameters>16,,</ownDataTypeParameters>
</Attribute>
<Attribute name="property_size" id="26AAA275-A96D-D70E-7F92-22874CB55A1A">
<createdBy>Jason</createdBy>
<createdTime>2020-10-03 01:56:07 UTC</createdTime>
<commentInRDBMS><![CDATA[This is property size]]></commentInRDBMS>
<ownerDesignName>asm1b</ownerDesignName>
<engineerTo>
<item key="438F20F1-176A-786E-218B-CFC1DBFD9644" value="true"/>
</engineerTo>
<nullsAllowed>true</nullsAllowed>
<useDomainConstraints>false</useDomainConstraints>
<use>1</use>
<logicalDatatype>LOGDT019</logicalDatatype>
<dataTypePrecision>13</dataTypePrecision>
<dataTypeScale>3</dataTypeScale>
<ownDataTypeParameters>,13,3</ownDataTypeParameters>
</Attribute>
<Attribute name="owner_id" id="8E83D408-6681-44E4-9085-BB73E0944F79">
<createdBy>Jason</createdBy>
<createdTime>2020-10-03 02:41:17 UTC</createdTime>
<commentInRDBMS><![CDATA[This is owner id which identifies attributes of owner]]></commentInRDBMS>
<generatorID>4F468187-9EB6-B064-A247-E7F145AA315B</generatorID>
<ownerDesignName>asm1b</ownerDesignName>
<engineerTo>
<item key="438F20F1-176A-786E-218B-CFC1DBFD9644" value="true"/>
</engineerTo>
<referedAttribute>5A7499A5-2ADE-88F1-3313-0C4F9FD911B2</referedAttribute>
<useDomainConstraints>false</useDomainConstraints>
<use>1</use>
<logicalDatatype>LOGDT019</logicalDatatype>
<dataTypePrecision>5</dataTypePrecision>
<ownDataTypeParameters>,5,</ownDataTypeParameters>
</Attribute>
<Attribute name="proprty_type_id" id="B6FAA5BB-CEBC-C9BD-28FE-E471A84EC56A">
<createdBy>Jason</createdBy>
<createdTime>2020-10-04 23:11:46 UTC</createdTime>
<commentInRDBMS><![CDATA[This is the proprty_type_id which identifies attributes of property_type
Constraint : 
B  = This indicates business property
F = This indicates farm property
R = This indicates residential property
]]></commentInRDBMS>
<generatorID>C294C5BD-81C0-5880-EB35-5BB4363ACE24</generatorID>
<ownerDesignName>asm1b</ownerDesignName>
<engineerTo>
<item key="438F20F1-176A-786E-218B-CFC1DBFD9644" value="true"/>
</engineerTo>
<referedAttribute>BBBF29ED-4124-B242-3023-A5FCEF56F5D7</referedAttribute>
<useDomainConstraints>false</useDomainConstraints>
<use>1</use>
<logicalDatatype>LOGDT025</logicalDatatype>
<dataTypeSize>1</dataTypeSize>
<ownDataTypeParameters>1,,</ownDataTypeParameters>
</Attribute>
</attributes>
<identifiers itemClass="oracle.dbtools.crest.model.design.logical.CandidateKey">
<identifier id="F1BF7187-5BA7-3733-5601-DE5061C33924" name="property PK">
<createdBy>Jason</createdBy>
<createdTime>2020-10-03 01:57:25 UTC</createdTime>
<ownerDesignName>asm1b</ownerDesignName>
<engineerTo>
<item key="438F20F1-176A-786E-218B-CFC1DBFD9644" value="true"/>
</engineerTo>
<pk>true</pk>
<usedAttributes>
<attributeRef>07DACED4-CE53-0D0C-B07F-3FA5E00773EF</attributeRef>
</usedAttributes>
</identifier>
</identifiers>
</Entity>
