<?xml version = '1.0' encoding = 'UTF-8'?>
<Entity class="oracle.dbtools.crest.model.design.logical.Entity" directorySegmentName="seg_0" id="4D54922B-E0A5-6AA1-F90E-7A567AB5A505" name="fire_event">
<createdBy>Jason</createdBy>
<createdTime>2020-10-02 13:32:49 UTC</createdTime>
<ownerDesignName>asm1b</ownerDesignName>
<engineerTo>
<item key="1B8895E0-82D4-F840-E7A3-4D66DB130477" value="true"/>
</engineerTo>
<adequatelyNormalized>NO</adequatelyNormalized>
<expectedVolumes>0</expectedVolumes>
<fwdEngineeringStrategyName>Single Table</fwdEngineeringStrategyName>
<growthPercent>0</growthPercent>
<growthType>Year</growthType>
<maxVolumes>9999999</maxVolumes>
<minVolumes>0</minVolumes>
<normalForm>Third</normalForm>
<attributes itemClass="oracle.dbtools.crest.model.design.logical.Attribute">
<Attribute name="fire_id" id="F318A0CE-C397-01F2-136A-1799011FE879">
<createdBy>Jason</createdBy>
<createdTime>2020-10-02 13:33:07 UTC</createdTime>
<commentInRDBMS><![CDATA[This is the fire event id which identifies attributes of fire_event]]></commentInRDBMS>
<ownerDesignName>asm1b</ownerDesignName>
<engineerTo>
<item key="1B8895E0-82D4-F840-E7A3-4D66DB130477" value="true"/>
</engineerTo>
<useDomainConstraints>false</useDomainConstraints>
<use>1</use>
<logicalDatatype>LOGDT024</logicalDatatype>
<dataTypeSize>9</dataTypeSize>
<ownDataTypeParameters>9,,</ownDataTypeParameters>
<listOfRanges>
<rangeDef class="oracle.dbtools.crest.model.design.constraint.AVT">
<beginValue>F00000000</beginValue>
<endValue>F99999999</endValue>
</rangeDef>
</listOfRanges>
</Attribute>
<Attribute name="fire_name" id="4DF03EE7-371A-16AF-BD3E-557A09C3C4C2">
<createdBy>Jason</createdBy>
<createdTime>2020-10-02 13:33:07 UTC</createdTime>
<commentInRDBMS><![CDATA[This is the fire event name]]></commentInRDBMS>
<ownerDesignName>asm1b</ownerDesignName>
<engineerTo>
<item key="1B8895E0-82D4-F840-E7A3-4D66DB130477" value="true"/>
</engineerTo>
<nullsAllowed>true</nullsAllowed>
<useDomainConstraints>false</useDomainConstraints>
<use>1</use>
<logicalDatatype>LOGDT024</logicalDatatype>
<dataTypeSize>128</dataTypeSize>
<ownDataTypeParameters>128,,</ownDataTypeParameters>
</Attribute>
<Attribute name="fire_latitude" id="07049F24-845D-46F2-0309-3AD7A7CEF83A">
<createdBy>Jason</createdBy>
<createdTime>2020-10-02 13:33:07 UTC</createdTime>
<commentInRDBMS><![CDATA[This is the fire  latitude
Since a fire event is a serious issues, the more precise the location code, the easier to find the location. 
So, the fire_latitude is 20-digit-long. 
For example, 0000134567.0099887734]]></commentInRDBMS>
<ownerDesignName>asm1b</ownerDesignName>
<engineerTo>
<item key="1B8895E0-82D4-F840-E7A3-4D66DB130477" value="true"/>
</engineerTo>
<nullsAllowed>true</nullsAllowed>
<useDomainConstraints>false</useDomainConstraints>
<use>1</use>
<logicalDatatype>LOGDT019</logicalDatatype>
<dataTypePrecision>10</dataTypePrecision>
<dataTypeScale>4</dataTypeScale>
<ownDataTypeParameters>,10,4</ownDataTypeParameters>
</Attribute>
<Attribute name="fire_longitude" id="E7294505-5D66-61FC-6C73-DB21B2D9455A">
<createdBy>Jason</createdBy>
<createdTime>2020-10-02 13:38:04 UTC</createdTime>
<commentInRDBMS><![CDATA[This is the fire longitude
Since a fire event is a serious issues, the more precise the location code, the easier to find the location. 
So, the fire_longitude is 20-digit-long. 
For example, 0000134567.0099887734]]></commentInRDBMS>
<ownerDesignName>asm1b</ownerDesignName>
<engineerTo>
<item key="1B8895E0-82D4-F840-E7A3-4D66DB130477" value="true"/>
</engineerTo>
<nullsAllowed>true</nullsAllowed>
<useDomainConstraints>false</useDomainConstraints>
<use>1</use>
<logicalDatatype>LOGDT019</logicalDatatype>
<dataTypePrecision>10</dataTypePrecision>
<dataTypeScale>4</dataTypeScale>
<ownDataTypeParameters>,10,4</ownDataTypeParameters>
</Attribute>
<Attribute name="fire_area" id="E7779851-A3F3-F2CE-A2DD-0A39FD689BE3">
<createdBy>Jason</createdBy>
<createdTime>2020-10-02 13:33:08 UTC</createdTime>
<commentInRDBMS><![CDATA[This is the fire area]]></commentInRDBMS>
<ownerDesignName>asm1b</ownerDesignName>
<engineerTo>
<item key="1B8895E0-82D4-F840-E7A3-4D66DB130477" value="true"/>
</engineerTo>
<nullsAllowed>true</nullsAllowed>
<useDomainConstraints>false</useDomainConstraints>
<use>1</use>
<logicalDatatype>LOGDT019</logicalDatatype>
<dataTypePrecision>13</dataTypePrecision>
<dataTypeScale>3</dataTypeScale>
<ownDataTypeParameters>,13,3</ownDataTypeParameters>
</Attribute>
<Attribute name="fire_date_started" id="94E0ECFD-B4C8-C91B-3814-938230F6BCFC">
<createdBy>Jason</createdBy>
<createdTime>2020-10-02 13:33:08 UTC</createdTime>
<commentInRDBMS><![CDATA[This is the fire event started date]]></commentInRDBMS>
<ownerDesignName>asm1b</ownerDesignName>
<engineerTo>
<item key="1B8895E0-82D4-F840-E7A3-4D66DB130477" value="true"/>
</engineerTo>
<nullsAllowed>true</nullsAllowed>
<useDomainConstraints>false</useDomainConstraints>
<use>1</use>
<logicalDatatype>LOGDT007</logicalDatatype>
<ownDataTypeParameters>,,</ownDataTypeParameters>
</Attribute>
<Attribute name="fire_lives_lost" id="687C9311-A2F1-E830-FBBB-DFA1739424CC">
<createdBy>Jason</createdBy>
<createdTime>2020-10-03 03:34:02 UTC</createdTime>
<commentInRDBMS><![CDATA[This is the fire event lost
]]></commentInRDBMS>
<ownerDesignName>asm1b</ownerDesignName>
<engineerTo>
<item key="1B8895E0-82D4-F840-E7A3-4D66DB130477" value="true"/>
</engineerTo>
<nullsAllowed>true</nullsAllowed>
<useDomainConstraints>false</useDomainConstraints>
<use>1</use>
<logicalDatatype>LOGDT019</logicalDatatype>
<dataTypePrecision>10</dataTypePrecision>
<ownDataTypeParameters>,10,</ownDataTypeParameters>
</Attribute>
<Attribute name="fire_damage" id="7290320D-67F6-7507-8FB3-95BBA7E76768">
<createdBy>Jason</createdBy>
<createdTime>2020-10-03 03:35:36 UTC</createdTime>
<commentInRDBMS><![CDATA[This is fire damage]]></commentInRDBMS>
<ownerDesignName>asm1b</ownerDesignName>
<engineerTo>
<item key="1B8895E0-82D4-F840-E7A3-4D66DB130477" value="true"/>
</engineerTo>
<nullsAllowed>true</nullsAllowed>
<useDomainConstraints>false</useDomainConstraints>
<use>1</use>
<logicalDatatype>LOGDT019</logicalDatatype>
<dataTypePrecision>16</dataTypePrecision>
<dataTypeScale>3</dataTypeScale>
<ownDataTypeParameters>,16,3</ownDataTypeParameters>
</Attribute>
<Attribute name="fire_id1" id="42304847-B539-9A6B-256E-B640B1F841D1">
<createdBy>Jason</createdBy>
<createdTime>2020-10-03 03:26:20 UTC</createdTime>
<commentInRDBMS><![CDATA[This is the fire event id which identifies attributes of fire_event]]></commentInRDBMS>
<generatorID>E7C65EF8-A588-8E91-7FC1-813346340537</generatorID>
<ownerDesignName>asm1b</ownerDesignName>
<engineerTo>
<item key="1B8895E0-82D4-F840-E7A3-4D66DB130477" value="true"/>
</engineerTo>
<nullsAllowed>true</nullsAllowed>
<referedAttribute>F318A0CE-C397-01F2-136A-1799011FE879</referedAttribute>
<useDomainConstraints>false</useDomainConstraints>
<use>1</use>
<logicalDatatype>LOGDT024</logicalDatatype>
<dataTypeSize>9</dataTypeSize>
<ownDataTypeParameters>9,,</ownDataTypeParameters>
</Attribute>
</attributes>
<identifiers itemClass="oracle.dbtools.crest.model.design.logical.CandidateKey">
<identifier id="8392B8A4-827A-80FA-D0CB-58410EEE1517" name="fire_event PK">
<createdBy>Jason</createdBy>
<createdTime>2020-10-02 13:33:19 UTC</createdTime>
<ownerDesignName>asm1b</ownerDesignName>
<engineerTo>
<item key="1B8895E0-82D4-F840-E7A3-4D66DB130477" value="true"/>
</engineerTo>
<pk>true</pk>
<usedAttributes>
<attributeRef>F318A0CE-C397-01F2-136A-1799011FE879</attributeRef>
</usedAttributes>
</identifier>
</identifiers>
</Entity>
