<?xml version = '1.0' encoding = 'UTF-8'?>
<Entity class="oracle.dbtools.crest.model.design.logical.Entity" directorySegmentName="seg_0" id="4F7EA608-25FE-F01B-3FA3-F5FB43A16F87" name="insurer">
<createdBy>Jason</createdBy>
<createdTime>2020-10-02 13:42:03 UTC</createdTime>
<ownerDesignName>asm1b</ownerDesignName>
<adequatelyNormalized>NO</adequatelyNormalized>
<expectedVolumes>0</expectedVolumes>
<fwdEngineeringStrategyName>Single Table</fwdEngineeringStrategyName>
<growthPercent>0</growthPercent>
<growthType>Year</growthType>
<maxVolumes>9999999</maxVolumes>
<minVolumes>0</minVolumes>
<normalForm>Third</normalForm>
<attributes itemClass="oracle.dbtools.crest.model.design.logical.Attribute">
<Attribute name="insurer_id" id="FB26AB5F-E7D3-1237-83AB-9D347105B317">
<createdBy>Jason</createdBy>
<createdTime>2020-10-02 13:42:12 UTC</createdTime>
<commentInRDBMS><![CDATA[This is the insurer id which identifies attributes of insurer
]]></commentInRDBMS>
<ownerDesignName>asm1b</ownerDesignName>
<useDomainConstraints>false</useDomainConstraints>
<use>1</use>
<logicalDatatype>LOGDT019</logicalDatatype>
<dataTypePrecision>7</dataTypePrecision>
<ownDataTypeParameters>,7,</ownDataTypeParameters>
</Attribute>
<Attribute name="insurer_phone_num" id="22A417FA-AD37-4748-C6F1-765B3E5D7B57">
<createdBy>Jason</createdBy>
<createdTime>2020-10-02 13:42:21 UTC</createdTime>
<commentInRDBMS><![CDATA[This is the insurer phone number


Geographic numbers : 
	Central East region (02)
	South-east region (03)
	North-east region (07)
	Central and West region (08)
	Mobile phone numbers (04, 05)
==============================================
Format of AU phone number : 
	Phone number = 0 + (Geographic numbers) + (Australian "Local Area" 	numbers [8 digits] )

	For example,  I want to dial to South-east region australia (Geographic numbers is 3)
Phone number = 0312345678]]></commentInRDBMS>
<ownerDesignName>asm1b</ownerDesignName>
<nullsAllowed>true</nullsAllowed>
<useDomainConstraints>false</useDomainConstraints>
<use>1</use>
<logicalDatatype>LOGDT019</logicalDatatype>
<dataTypePrecision>10</dataTypePrecision>
<ownDataTypeParameters>,10,</ownDataTypeParameters>
<listOfRanges>
<rangeDef class="oracle.dbtools.crest.model.design.constraint.AVT">
<beginValue>0200000000</beginValue>
<endValue>0299999999</endValue>
</rangeDef>
<rangeDef class="oracle.dbtools.crest.model.design.constraint.AVT">
<beginValue>0300000000</beginValue>
<endValue>0399999999</endValue>
</rangeDef>
<rangeDef class="oracle.dbtools.crest.model.design.constraint.AVT">
<beginValue>0400000000</beginValue>
<endValue>0499999999</endValue>
</rangeDef>
<rangeDef class="oracle.dbtools.crest.model.design.constraint.AVT">
<beginValue>0500000000</beginValue>
<endValue>0599999999</endValue>
</rangeDef>
<rangeDef class="oracle.dbtools.crest.model.design.constraint.AVT">
<beginValue>0700000000</beginValue>
<endValue>0799999999</endValue>
</rangeDef>
<rangeDef class="oracle.dbtools.crest.model.design.constraint.AVT">
<beginValue>0800000000</beginValue>
<endValue>0899999999</endValue>
</rangeDef>
</listOfRanges>
</Attribute>
<Attribute name="insurer_name" id="354AADB7-5E2B-FAC7-71CE-43607865DE74">
<createdBy>Jason</createdBy>
<createdTime>2020-10-02 13:42:23 UTC</createdTime>
<commentInRDBMS><![CDATA[This is the insurer name]]></commentInRDBMS>
<ownerDesignName>asm1b</ownerDesignName>
<nullsAllowed>true</nullsAllowed>
<useDomainConstraints>false</useDomainConstraints>
<use>1</use>
<logicalDatatype>LOGDT024</logicalDatatype>
<dataTypeSize>128</dataTypeSize>
<ownDataTypeParameters>128,,</ownDataTypeParameters>
</Attribute>
</attributes>
<identifiers itemClass="oracle.dbtools.crest.model.design.logical.CandidateKey">
<identifier id="E88DD265-F6E7-ACF1-5DAA-BE36498D8AC1" name="insurer PK">
<createdBy>Jason</createdBy>
<createdTime>2020-10-02 13:43:31 UTC</createdTime>
<ownerDesignName>asm1b</ownerDesignName>
<pk>true</pk>
<usedAttributes>
<attributeRef>FB26AB5F-E7D3-1237-83AB-9D347105B317</attributeRef>
</usedAttributes>
</identifier>
</identifiers>
</Entity>
