<?xml version = '1.0' encoding = 'UTF-8'?>
<Entity class="oracle.dbtools.crest.model.design.logical.Entity" directorySegmentName="seg_0" id="655A1636-A5F9-3CE3-99F2-4F1E95F93FD6" name="Visit_datetime">
<createdBy>Jason</createdBy>
<createdTime>2020-10-03 03:36:51 UTC</createdTime>
<ownerDesignName>asm1b</ownerDesignName>
<adequatelyNormalized>NO</adequatelyNormalized>
<expectedVolumes>0</expectedVolumes>
<fwdEngineeringStrategyName>Single Table</fwdEngineeringStrategyName>
<growthPercent>0</growthPercent>
<growthType>Year</growthType>
<maxVolumes>9999999</maxVolumes>
<minVolumes>0</minVolumes>
<normalForm>Third</normalForm>
<attributes itemClass="oracle.dbtools.crest.model.design.logical.Attribute">
<Attribute name="arrival_date_and_time" id="C190B9B6-A581-4FEB-0081-90882C304458">
<createdBy>Jason</createdBy>
<createdTime>2020-10-03 03:37:12 UTC</createdTime>
<commentInRDBMS><![CDATA[This is arrival date and time of the visit]]></commentInRDBMS>
<ownerDesignName>asm1b</ownerDesignName>
<useDomainConstraints>false</useDomainConstraints>
<use>1</use>
<logicalDatatype>LOGDT007</logicalDatatype>
<ownDataTypeParameters>,,</ownDataTypeParameters>
</Attribute>
<Attribute name="departed_date_and_time" id="00A13D4A-B77D-0421-CFAA-9F0E2BA93461">
<createdBy>Jason</createdBy>
<createdTime>2020-10-03 03:37:16 UTC</createdTime>
<commentInRDBMS><![CDATA[This is departed date and time of the visit]]></commentInRDBMS>
<ownerDesignName>asm1b</ownerDesignName>
<nullsAllowed>true</nullsAllowed>
<useDomainConstraints>false</useDomainConstraints>
<use>1</use>
<logicalDatatype>LOGDT007</logicalDatatype>
<ownDataTypeParameters>,,</ownDataTypeParameters>
</Attribute>
<Attribute name="damage_id" id="4FBA730F-6F0D-909E-AFB2-6DE73A1C1A9E">
<createdBy>Jason</createdBy>
<createdTime>2020-10-04 03:03:54 UTC</createdTime>
<commentInRDBMS><![CDATA[surrogate key of Damage which identifies attributes of damage
The key ranges from 00000001 to 99999999]]></commentInRDBMS>
<generatorID>33C6EA44-24B2-D132-6384-374087CE8DBB</generatorID>
<ownerDesignName>asm1b</ownerDesignName>
<referedAttribute>F0F514F9-27BE-3186-856C-231B546C0084</referedAttribute>
<useDomainConstraints>false</useDomainConstraints>
<use>1</use>
<logicalDatatype>LOGDT019</logicalDatatype>
<dataTypePrecision>8</dataTypePrecision>
<ownDataTypeParameters>,8,</ownDataTypeParameters>
</Attribute>
</attributes>
<identifiers itemClass="oracle.dbtools.crest.model.design.logical.CandidateKey">
<identifier id="AA1C2783-F1D0-3720-D603-7C4BF21B70C8" name="visit PK">
<createdBy>Jason</createdBy>
<createdTime>2020-10-03 03:37:44 UTC</createdTime>
<ownerDesignName>asm1b</ownerDesignName>
<pk>true</pk>
<usedAttributes>
<attributeRef>C190B9B6-A581-4FEB-0081-90882C304458</attributeRef>
<attributeRef>4FBA730F-6F0D-909E-AFB2-6DE73A1C1A9E</attributeRef>
</usedAttributes>
</identifier>
</identifiers>
</Entity>
