<?xml version = '1.0' encoding = 'UTF-8'?>
<Entity class="oracle.dbtools.crest.model.design.logical.Entity" directorySegmentName="seg_0" id="F99DC57D-84CB-6369-9E9C-CC75C319CB71" name="property_type">
<createdBy>Jason</createdBy>
<createdTime>2020-10-04 23:04:14 UTC</createdTime>
<ownerDesignName>asm1b</ownerDesignName>
<adequatelyNormalized>NO</adequatelyNormalized>
<expectedVolumes>0</expectedVolumes>
<fwdEngineeringStrategyName>Single Table</fwdEngineeringStrategyName>
<growthPercent>0</growthPercent>
<growthType>Year</growthType>
<maxVolumes>9999999</maxVolumes>
<minVolumes>0</minVolumes>
<normalForm>Third</normalForm>
<attributes itemClass="oracle.dbtools.crest.model.design.logical.Attribute">
<Attribute name="proprty_type_id" id="BBBF29ED-4124-B242-3023-A5FCEF56F5D7">
<createdBy>Jason</createdBy>
<createdTime>2020-10-04 23:08:04 UTC</createdTime>
<commentInRDBMS><![CDATA[This is the proprty_type_id which identifies attributes of property_type
Constraint : 
B  = This indicates business property
F = This indicates farm property
R = This indicates residential property
]]></commentInRDBMS>
<ownerDesignName>asm1b</ownerDesignName>
<useDomainConstraints>false</useDomainConstraints>
<use>1</use>
<logicalDatatype>LOGDT025</logicalDatatype>
<dataTypeSize>1</dataTypeSize>
<listOfValues>
<valueDef value="B" description="This indicates business property"/>
<valueDef value="F" description="This indicates farm property"/>
<valueDef value="R" description="This indicates residential property"/>
</listOfValues>
<ownDataTypeParameters>1,,</ownDataTypeParameters>
</Attribute>
<Attribute name="proprty_type_name" id="A48FA845-0923-E17C-5033-25785B84DA5A">
<createdBy>Jason</createdBy>
<createdTime>2020-10-04 23:04:35 UTC</createdTime>
<commentInRDBMS><![CDATA[this is the proprty_type_name

Constrint of property name :
business_property  = This indicates business property
farm_property = This indicates farm property
residential_property = This indicates residential property]]></commentInRDBMS>
<ownerDesignName>asm1b</ownerDesignName>
<nullsAllowed>true</nullsAllowed>
<useDomainConstraints>false</useDomainConstraints>
<use>1</use>
<logicalDatatype>LOGDT024</logicalDatatype>
<dataTypeSize>100</dataTypeSize>
<listOfValues>
<valueDef value="business_property" description="This is business property"/>
<valueDef value="farm_property" description="This is farm property"/>
<valueDef value="residential_property" description="This is residential property"/>
</listOfValues>
<ownDataTypeParameters>100,,</ownDataTypeParameters>
</Attribute>
</attributes>
<identifiers itemClass="oracle.dbtools.crest.model.design.logical.CandidateKey">
<identifier id="8A9EB441-3A89-1773-48CA-4A79284DDF43" name="property_type PK">
<createdBy>Jason</createdBy>
<createdTime>2020-10-04 23:08:59 UTC</createdTime>
<ownerDesignName>asm1b</ownerDesignName>
<pk>true</pk>
<usedAttributes>
<attributeRef>BBBF29ED-4124-B242-3023-A5FCEF56F5D7</attributeRef>
</usedAttributes>
</identifier>
</identifiers>
</Entity>
