<?xml version = '1.0' encoding = 'UTF-8'?>
<Relation class="oracle.dbtools.crest.model.design.logical.Relation" name="assessor_employment" directorySegmentName="seg_0" id="25FF8AA9-A4A4-A934-10DF-BB1B57D5E8DD">
<createdBy>Jason</createdBy>
<createdTime>2020-10-04 02:24:21 UTC</createdTime>
<ownerDesignName>asm1b</ownerDesignName>
<sourcePk>CD1E3FA5-475B-F9F9-2BEE-B9F6EC194878</sourcePk>
<identifying>true</identifying>
<nameOnSource>is filed</nameOnSource>
<optionalSource>false</optionalSource>
<optionalTarget>false</optionalTarget>
<sourceCardinality>1</sourceCardinality>
<sourceEntity>F21254C4-9F41-C590-0223-872D648C39E2</sourceEntity>
<targetCardinalityString>*</targetCardinalityString>
<targetEntity>47FB3833-F147-0E3D-4BAF-A6214DA79243</targetEntity>
<transferable>true</transferable>
<deleteRule>NO ACTION</deleteRule>
</Relation>
