<?xml version = '1.0' encoding = 'UTF-8'?>
<Relation class="oracle.dbtools.crest.model.design.logical.Relation" name="owner_property" directorySegmentName="seg_0" id="4F468187-9EB6-B064-A247-E7F145AA315B">
<createdBy>Jason</createdBy>
<createdTime>2020-10-03 02:41:17 UTC</createdTime>
<ownerDesignName>asm1b</ownerDesignName>
<sourcePk>D246A2E3-0510-46BB-29EC-C9BE7E0A3B81</sourcePk>
<identifying>false</identifying>
<nameOnSource>has</nameOnSource>
<optionalSource>false</optionalSource>
<optionalTarget>false</optionalTarget>
<sourceCardinality>1</sourceCardinality>
<sourceEntity>81B6FB32-7B35-D05E-747D-FED4DA56E9C3</sourceEntity>
<targetCardinalityString>*</targetCardinalityString>
<targetEntity>4CE090CF-E550-7A66-B1F4-AE0B5F00672C</targetEntity>
<transferable>true</transferable>
<deleteRule>NO ACTION</deleteRule>
</Relation>
