<?xml version = '1.0' encoding = 'UTF-8'?>
<Relation class="oracle.dbtools.crest.model.design.logical.Relation" name="lga_fireLG" directorySegmentName="seg_0" id="66722951-CC80-3C4B-2A62-25BF6DA21018">
<createdBy>Jason</createdBy>
<createdTime>2020-10-03 03:14:52 UTC</createdTime>
<ownerDesignName>asm1b</ownerDesignName>
<sourcePk>5C1363ED-5713-0E56-DAE6-9CB3F03D8037</sourcePk>
<identifying>true</identifying>
<nameOnSource>controls</nameOnSource>
<optionalSource>true</optionalSource>
<optionalTarget>false</optionalTarget>
<sourceCardinality>1</sourceCardinality>
<sourceEntity>CE164B31-3890-E276-C799-1CEF97C42872</sourceEntity>
<targetCardinalityString>*</targetCardinalityString>
<targetEntity>C7152BB5-E8E2-3505-FDA4-41A819754A05</targetEntity>
<transferable>true</transferable>
<deleteRule>NO ACTION</deleteRule>
</Relation>
