<?xml version = '1.0' encoding = 'UTF-8'?>
<Relation class="oracle.dbtools.crest.model.design.logical.Relation" name="LGA_Assess_Building" directorySegmentName="seg_0" id="9086C6DC-43BE-263A-5AD8-3D48FAFF9DCB">
<createdBy>Jason</createdBy>
<createdTime>2020-10-08 09:45:11 UTC</createdTime>
<ownerDesignName>asm1b</ownerDesignName>
<sourcePk>5C1363ED-5713-0E56-DAE6-9CB3F03D8037</sourcePk>
<identifying>false</identifying>
<nameOnSource>Assesses</nameOnSource>
<optionalSource>true</optionalSource>
<optionalTarget>false</optionalTarget>
<sourceCardinality>1</sourceCardinality>
<sourceEntity>CE164B31-3890-E276-C799-1CEF97C42872</sourceEntity>
<targetCardinalityString>*</targetCardinalityString>
<targetEntity>9795177F-826E-10F5-45F2-F6CB7E27E7BF</targetEntity>
<transferable>true</transferable>
<deleteRule>NO ACTION</deleteRule>
</Relation>
