<?xml version = '1.0' encoding = 'UTF-8'?>
<Relation class="oracle.dbtools.crest.model.design.logical.Relation" name="property_building" directorySegmentName="seg_0" id="B2BACD83-8F78-D195-A744-AE8E746EF23C">
<createdBy>Jason</createdBy>
<createdTime>2020-10-03 02:23:40 UTC</createdTime>
<ownerDesignName>asm1b</ownerDesignName>
<sourcePk>F1BF7187-5BA7-3733-5601-DE5061C33924</sourcePk>
<identifying>true</identifying>
<nameOnSource>has</nameOnSource>
<optionalSource>true</optionalSource>
<optionalTarget>false</optionalTarget>
<sourceCardinality>1</sourceCardinality>
<sourceEntity>4CE090CF-E550-7A66-B1F4-AE0B5F00672C</sourceEntity>
<targetCardinalityString>*</targetCardinalityString>
<targetEntity>9795177F-826E-10F5-45F2-F6CB7E27E7BF</targetEntity>
<transferable>true</transferable>
<deleteRule>NO ACTION</deleteRule>
</Relation>
