<?xml version = '1.0' encoding = 'UTF-8'?>
<Relation class="oracle.dbtools.crest.model.design.logical.Relation" name="Relation_15" directorySegmentName="seg_0" id="C294C5BD-81C0-5880-EB35-5BB4363ACE24">
<createdBy>Jason</createdBy>
<createdTime>2020-10-04 23:08:19 UTC</createdTime>
<ownerDesignName>asm1b</ownerDesignName>
<sourcePk>8A9EB441-3A89-1773-48CA-4A79284DDF43</sourcePk>
<identifying>false</identifying>
<nameOnSource>is a type of</nameOnSource>
<optionalSource>false</optionalSource>
<optionalTarget>false</optionalTarget>
<sourceCardinality>1</sourceCardinality>
<sourceEntity>F99DC57D-84CB-6369-9E9C-CC75C319CB71</sourceEntity>
<targetCardinalityString>*</targetCardinalityString>
<targetEntity>4CE090CF-E550-7A66-B1F4-AE0B5F00672C</targetEntity>
<transferable>true</transferable>
<deleteRule>NO ACTION</deleteRule>
</Relation>
