<?xml version = '1.0' encoding = 'UTF-8'?>
<Relation class="oracle.dbtools.crest.model.design.logical.Relation" name="LGA_damage" directorySegmentName="seg_0" id="C29ABAE0-BA5A-C0D7-D84E-E727E726901F">
<createdBy>Jason</createdBy>
<createdTime>2020-10-03 03:23:53 UTC</createdTime>
<ownerDesignName>asm1b</ownerDesignName>
<sourcePk>5C1363ED-5713-0E56-DAE6-9CB3F03D8037</sourcePk>
<identifying>false</identifying>
<nameOnSource>manages</nameOnSource>
<optionalSource>true</optionalSource>
<optionalTarget>false</optionalTarget>
<sourceCardinality>1</sourceCardinality>
<sourceEntity>CE164B31-3890-E276-C799-1CEF97C42872</sourceEntity>
<targetCardinalityString>*</targetCardinalityString>
<targetEntity>3010FCA9-8D4C-604E-C789-BF5945EFD43C</targetEntity>
<transferable>true</transferable>
<deleteRule>NO ACTION</deleteRule>
</Relation>
