<?xml version = '1.0' encoding = 'UTF-8'?>
<Relation class="oracle.dbtools.crest.model.design.logical.Relation" name="fire_event_fire_event" directorySegmentName="seg_0" id="E7C65EF8-A588-8E91-7FC1-813346340537">
<createdBy>Jason</createdBy>
<createdTime>2020-10-03 03:26:20 UTC</createdTime>
<ownerDesignName>asm1b</ownerDesignName>
<targetPk>8392B8A4-827A-80FA-D0CB-58410EEE1517</targetPk>
<identifying>false</identifying>
<nameOnSource>is sparked by</nameOnSource>
<optionalSource>true</optionalSource>
<optionalTarget>true</optionalTarget>
<sourceCardinality>1</sourceCardinality>
<sourceEntity>4D54922B-E0A5-6AA1-F90E-7A567AB5A505</sourceEntity>
<targetCardinalityString>*</targetCardinalityString>
<targetEntity>4D54922B-E0A5-6AA1-F90E-7A567AB5A505</targetEntity>
<transferable>true</transferable>
<deleteRule>NO ACTION</deleteRule>
</Relation>
