<?xml version = '1.0' encoding = 'UTF-8'?>
<Relation class="oracle.dbtools.crest.model.design.logical.Relation" name="assessor_damage" directorySegmentName="seg_0" id="FD8C27F2-ABED-EE5A-23FC-A9FCA58B1203">
<createdBy>Jason</createdBy>
<createdTime>2020-10-04 01:39:44 UTC</createdTime>
<ownerDesignName>asm1b</ownerDesignName>
<sourcePk>CD1E3FA5-475B-F9F9-2BEE-B9F6EC194878</sourcePk>
<identifying>false</identifying>
<nameOnSource>assesses</nameOnSource>
<optionalSource>true</optionalSource>
<optionalTarget>false</optionalTarget>
<sourceCardinality>1</sourceCardinality>
<sourceEntity>F21254C4-9F41-C590-0223-872D648C39E2</sourceEntity>
<targetCardinalityString>*</targetCardinalityString>
<targetEntity>3010FCA9-8D4C-604E-C789-BF5945EFD43C</targetEntity>
<transferable>true</transferable>
<deleteRule>NO ACTION</deleteRule>
</Relation>
