<?xml version = '1.0' encoding = 'UTF-8'?>
<Table class="oracle.dbtools.crest.model.design.relational.Table" directorySegmentName="seg_0" id="11910A4C-95EA-6F18-AA9D-6CDE5CC72245" name="assessor_insurer">
<createdBy>Jason</createdBy>
<createdTime>2020-10-11 12:41:51 UTC</createdTime>
<generatorID>47FB3833-F147-0E3D-4BAF-A6214DA79243</generatorID>
<ownerDesignName>asm1b</ownerDesignName>
<allowColumnReorder>false</allowColumnReorder>
<existDependencyGenerateInDDl>true</existDependencyGenerateInDDl>
<parsed>true</parsed>
<columns itemClass="oracle.dbtools.crest.model.design.relational.Column">
<Column name="assessor_employment_start" id="BDB8DECF-027A-8146-FCFD-AC30AB3C1AD0">
<createdBy>Jason</createdBy>
<createdTime>2020-10-11 12:41:51 UTC</createdTime>
<commentInRDBMS><![CDATA[This is the date the assessor started working for the insurer]]></commentInRDBMS>
<generatorID>724DD058-AD8B-841D-0DF1-4E48BD3DD936</generatorID>
<ownerDesignName>asm1b</ownerDesignName>
<nullsAllowed>true</nullsAllowed>
<useDomainConstraints>false</useDomainConstraints>
<use>1</use>
<logicalDatatype>LOGDT007</logicalDatatype>
<ownDataTypeParameters>,,</ownDataTypeParameters>
<autoIncrementCycle>false</autoIncrementCycle>
</Column>
<Column name="assessor_employment_resign" id="6464F31A-972B-0E77-498B-56C6E617649D">
<createdBy>Jason</createdBy>
<createdTime>2020-10-11 12:41:51 UTC</createdTime>
<commentInRDBMS><![CDATA[This is the date the assessor quitting to work for the insurer]]></commentInRDBMS>
<generatorID>FB5247E3-3C62-DCB1-5FDE-0C6D97BE812F</generatorID>
<ownerDesignName>asm1b</ownerDesignName>
<nullsAllowed>true</nullsAllowed>
<useDomainConstraints>false</useDomainConstraints>
<use>1</use>
<logicalDatatype>LOGDT007</logicalDatatype>
<ownDataTypeParameters>,,</ownDataTypeParameters>
<autoIncrementCycle>false</autoIncrementCycle>
</Column>
<Column name="assessor_id" id="51775D93-2091-8740-B183-BDA5BE5C99A0">
<createdBy>Jason</createdBy>
<createdTime>2020-10-11 12:41:51 UTC</createdTime>
<commentInRDBMS><![CDATA[This is assessor id which identifies attributes of assessor
for example 
assessor id ranges from 0001 to  9999
]]></commentInRDBMS>
<generatorID>94C9D3B2-402C-29E5-5925-309625E3768F</generatorID>
<ownerDesignName>asm1b</ownerDesignName>
<useDomainConstraints>false</useDomainConstraints>
<use>1</use>
<logicalDatatype>LOGDT019</logicalDatatype>
<dataTypePrecision>4</dataTypePrecision>
<ownDataTypeParameters>,,</ownDataTypeParameters>
<previousColumn>false</previousColumn>
<autoIncrementCycle>false</autoIncrementCycle>
<associations>
<colAssociation fkAssociation="34F945E7-A9AC-0675-C130-09CCD48D495E" referredColumn="B3CDC9FD-146B-8A50-2AD5-3DB5FA362D4A"/>
</associations>
</Column>
<Column name="insurer_id" id="7F7E55C8-838F-547C-37CC-06CCA7E46706">
<createdBy>Jason</createdBy>
<createdTime>2020-10-11 12:41:51 UTC</createdTime>
<commentInRDBMS><![CDATA[This is the insurer id which identifies attributes of insurer
]]></commentInRDBMS>
<generatorID>2AA3A4B8-628B-717B-BC02-A8246895B8E8</generatorID>
<ownerDesignName>asm1b</ownerDesignName>
<useDomainConstraints>false</useDomainConstraints>
<use>1</use>
<logicalDatatype>LOGDT019</logicalDatatype>
<dataTypePrecision>7</dataTypePrecision>
<ownDataTypeParameters>,,</ownDataTypeParameters>
<previousColumn>false</previousColumn>
<autoIncrementCycle>false</autoIncrementCycle>
<associations>
<colAssociation fkAssociation="4FD96CF9-4B54-1B9E-965D-DCDDD679387A" referredColumn="E048CC45-83C0-5ABD-F43E-A6E76655B52C"/>
</associations>
</Column>
</columns>
<indexes itemClass="oracle.dbtools.crest.model.design.relational.Index">
<ind_PK_UK id="7B0DFE89-BC93-9C1E-10D8-8692F51C4174" name="assessor_insurer_PK">
<createdBy>Jason</createdBy>
<createdTime>2020-10-11 12:41:51 UTC</createdTime>
<generatorID>4265D0E4-72DF-0AFA-65F9-00E53B95DAB2</generatorID>
<ownerDesignName>asm1b</ownerDesignName>
<pk>true</pk>
<indexState>Primary Constraint</indexState>
<isSurrogateKey>false</isSurrogateKey>
<indexColumnUsage>
<colUsage columnID="51775D93-2091-8740-B183-BDA5BE5C99A0"/>
<colUsage columnID="7F7E55C8-838F-547C-37CC-06CCA7E46706"/>
</indexColumnUsage>
</ind_PK_UK>
<ind_PK_UK id="A560E421-F3B0-A8F9-78BA-4A1493AFE169" name="assessor_employment">
<createdBy>Jason</createdBy>
<createdTime>2020-10-11 12:41:51 UTC</createdTime>
<generatorID>25FF8AA9-A4A4-A934-10DF-BB1B57D5E8DD</generatorID>
<ownerDesignName>asm1b</ownerDesignName>
<indexState>Foreign Key</indexState>
<isSurrogateKey>false</isSurrogateKey>
<indexColumnUsage>
<colUsage columnID="51775D93-2091-8740-B183-BDA5BE5C99A0"/>
</indexColumnUsage>
</ind_PK_UK>
<ind_PK_UK id="75C1D5F1-BC4A-87F9-C58E-C832712BB079" name="insurer_employement">
<createdBy>Jason</createdBy>
<createdTime>2020-10-11 12:41:51 UTC</createdTime>
<generatorID>55342052-5B23-97ED-EC78-A1D62FE52D5C</generatorID>
<ownerDesignName>asm1b</ownerDesignName>
<indexState>Foreign Key</indexState>
<isSurrogateKey>false</isSurrogateKey>
<indexColumnUsage>
<colUsage columnID="7F7E55C8-838F-547C-37CC-06CCA7E46706"/>
</indexColumnUsage>
</ind_PK_UK>
</indexes>
</Table>
