<?xml version = '1.0' encoding = 'UTF-8'?>
<Table class="oracle.dbtools.crest.model.design.relational.Table" directorySegmentName="seg_0" id="3EEE95FE-986A-D1B4-3F2F-646EA1664509" name="insurer">
<createdBy>Jason</createdBy>
<createdTime>2020-10-11 12:41:51 UTC</createdTime>
<generatorID>4F7EA608-25FE-F01B-3FA3-F5FB43A16F87</generatorID>
<ownerDesignName>asm1b</ownerDesignName>
<allowColumnReorder>false</allowColumnReorder>
<existDependencyGenerateInDDl>true</existDependencyGenerateInDDl>
<parsed>true</parsed>
<columns itemClass="oracle.dbtools.crest.model.design.relational.Column">
<Column name="insurer_id" id="E048CC45-83C0-5ABD-F43E-A6E76655B52C">
<createdBy>Jason</createdBy>
<createdTime>2020-10-11 12:41:51 UTC</createdTime>
<commentInRDBMS><![CDATA[This is the insurer id which identifies attributes of insurer
]]></commentInRDBMS>
<generatorID>FB26AB5F-E7D3-1237-83AB-9D347105B317</generatorID>
<ownerDesignName>asm1b</ownerDesignName>
<useDomainConstraints>false</useDomainConstraints>
<use>1</use>
<logicalDatatype>LOGDT019</logicalDatatype>
<dataTypePrecision>7</dataTypePrecision>
<ownDataTypeParameters>,7,</ownDataTypeParameters>
<autoIncrementCycle>false</autoIncrementCycle>
</Column>
<Column name="insurer_phone_num" id="BAFEA830-3EED-7378-D13E-D63A1C652628">
<createdBy>Jason</createdBy>
<createdTime>2020-10-11 12:41:51 UTC</createdTime>
<commentInRDBMS><![CDATA[This is the insurer phone number


Geographic numbers : 
	Central East region (02)
	South-east region (03)
	North-east region (07)
	Central and West region (08)
	Mobile phone numbers (04, 05)
==============================================
Format of AU phone number : 
	Phone number = 0 + (Geographic numbers) + (Australian "Local Area" 	numbers [8 digits] )

	For example,  I want to dial to South-east region australia (Geographic numbers is 3)
Phone number = 0312345678]]></commentInRDBMS>
<generatorID>22A417FA-AD37-4748-C6F1-765B3E5D7B57</generatorID>
<ownerDesignName>asm1b</ownerDesignName>
<nullsAllowed>true</nullsAllowed>
<useDomainConstraints>false</useDomainConstraints>
<use>1</use>
<logicalDatatype>LOGDT019</logicalDatatype>
<dataTypePrecision>10</dataTypePrecision>
<ownDataTypeParameters>,10,</ownDataTypeParameters>
<autoIncrementCycle>false</autoIncrementCycle>
<listOfRanges>
<rangeDef class="oracle.dbtools.crest.model.design.constraint.AVT">
<beginValue>0200000000</beginValue>
<endValue>0299999999</endValue>
</rangeDef>
<rangeDef class="oracle.dbtools.crest.model.design.constraint.AVT">
<beginValue>0300000000</beginValue>
<endValue>0399999999</endValue>
</rangeDef>
<rangeDef class="oracle.dbtools.crest.model.design.constraint.AVT">
<beginValue>0400000000</beginValue>
<endValue>0499999999</endValue>
</rangeDef>
<rangeDef class="oracle.dbtools.crest.model.design.constraint.AVT">
<beginValue>0500000000</beginValue>
<endValue>0599999999</endValue>
</rangeDef>
<rangeDef class="oracle.dbtools.crest.model.design.constraint.AVT">
<beginValue>0700000000</beginValue>
<endValue>0799999999</endValue>
</rangeDef>
<rangeDef class="oracle.dbtools.crest.model.design.constraint.AVT">
<beginValue>0800000000</beginValue>
<endValue>0899999999</endValue>
</rangeDef>
</listOfRanges>
</Column>
<Column name="insurer_name" id="29D38AFF-C759-209B-979E-AB0312ADE92F">
<createdBy>Jason</createdBy>
<createdTime>2020-10-11 12:41:51 UTC</createdTime>
<commentInRDBMS><![CDATA[This is the insurer name]]></commentInRDBMS>
<generatorID>354AADB7-5E2B-FAC7-71CE-43607865DE74</generatorID>
<ownerDesignName>asm1b</ownerDesignName>
<nullsAllowed>true</nullsAllowed>
<useDomainConstraints>false</useDomainConstraints>
<use>1</use>
<logicalDatatype>LOGDT024</logicalDatatype>
<dataTypeSize>128</dataTypeSize>
<ownDataTypeParameters>128,,</ownDataTypeParameters>
<autoIncrementCycle>false</autoIncrementCycle>
</Column>
</columns>
<indexes itemClass="oracle.dbtools.crest.model.design.relational.Index">
<ind_PK_UK id="4555B072-09D4-F1E5-057E-0775228B3D65" name="insurer_PK">
<createdBy>Jason</createdBy>
<createdTime>2020-10-11 12:41:51 UTC</createdTime>
<generatorID>E88DD265-F6E7-ACF1-5DAA-BE36498D8AC1</generatorID>
<ownerDesignName>asm1b</ownerDesignName>
<pk>true</pk>
<indexState>Primary Constraint</indexState>
<isSurrogateKey>false</isSurrogateKey>
<indexColumnUsage>
<colUsage columnID="E048CC45-83C0-5ABD-F43E-A6E76655B52C"/>
</indexColumnUsage>
</ind_PK_UK>
</indexes>
</Table>
