<?xml version = '1.0' encoding = 'UTF-8'?>
<Table class="oracle.dbtools.crest.model.design.relational.Table" directorySegmentName="seg_0" id="784EDC0F-96DD-38B7-BE8E-2655D658E7B7" name="fire_lga">
<createdBy>Jason</createdBy>
<createdTime>2020-10-11 12:41:51 UTC</createdTime>
<generatorID>C7152BB5-E8E2-3505-FDA4-41A819754A05</generatorID>
<ownerDesignName>asm1b</ownerDesignName>
<allowColumnReorder>false</allowColumnReorder>
<existDependencyGenerateInDDl>true</existDependencyGenerateInDDl>
<parsed>true</parsed>
<columns itemClass="oracle.dbtools.crest.model.design.relational.Column">
<Column name="fire_id" id="158B0156-87C4-75D8-2AFF-10E3050261B3">
<createdBy>Jason</createdBy>
<createdTime>2020-10-11 12:41:51 UTC</createdTime>
<commentInRDBMS><![CDATA[This is the fire event id which identifies attributes of fire_event]]></commentInRDBMS>
<generatorID>50DF6026-C204-C160-736E-B3269982C6F7</generatorID>
<ownerDesignName>asm1b</ownerDesignName>
<useDomainConstraints>false</useDomainConstraints>
<use>1</use>
<logicalDatatype>LOGDT024</logicalDatatype>
<dataTypeSize>9</dataTypeSize>
<ownDataTypeParameters>,,</ownDataTypeParameters>
<previousColumn>false</previousColumn>
<autoIncrementCycle>false</autoIncrementCycle>
<associations>
<colAssociation fkAssociation="2DB5AD18-7368-A264-F551-E77A78F2FEDD" referredColumn="5773F121-4946-9384-4AC9-FFA87B912A9C"/>
</associations>
</Column>
<Column name="LGA_code" id="F427C74A-20E3-7C4D-5565-C3FF49A20508">
<createdBy>Jason</createdBy>
<createdTime>2020-10-11 12:41:51 UTC</createdTime>
<commentInRDBMS><![CDATA[This is the LGA code which identifies attributes of LGA
example : 00000028 is one of the LGA code]]></commentInRDBMS>
<generatorID>3418BA29-8CAC-AFF8-1C0A-D855D32605E6</generatorID>
<ownerDesignName>asm1b</ownerDesignName>
<useDomainConstraints>false</useDomainConstraints>
<use>1</use>
<logicalDatatype>LOGDT019</logicalDatatype>
<dataTypePrecision>8</dataTypePrecision>
<ownDataTypeParameters>,,</ownDataTypeParameters>
<previousColumn>false</previousColumn>
<autoIncrementCycle>false</autoIncrementCycle>
<associations>
<colAssociation fkAssociation="469F10DB-D379-5A4C-469A-02CBC0BEA320" referredColumn="4B99C774-5838-0F88-CE7A-A86F3ED41F06"/>
</associations>
</Column>
</columns>
<indexes itemClass="oracle.dbtools.crest.model.design.relational.Index">
<ind_PK_UK id="FD8C63ED-A99F-738A-79E7-A7CBCB6638B9" name="fire_lga_PK">
<createdBy>Jason</createdBy>
<createdTime>2020-10-11 12:41:51 UTC</createdTime>
<generatorID>2C3DC463-313F-A8E5-CFBD-527F5BAF983D</generatorID>
<ownerDesignName>asm1b</ownerDesignName>
<pk>true</pk>
<indexState>Primary Constraint</indexState>
<isSurrogateKey>false</isSurrogateKey>
<indexColumnUsage>
<colUsage columnID="158B0156-87C4-75D8-2AFF-10E3050261B3"/>
<colUsage columnID="F427C74A-20E3-7C4D-5565-C3FF49A20508"/>
</indexColumnUsage>
</ind_PK_UK>
<ind_PK_UK id="F3FE2C24-7F8C-6A7A-8617-9D8CC973E347" name="fire_event_fireLGA">
<createdBy>Jason</createdBy>
<createdTime>2020-10-11 12:41:51 UTC</createdTime>
<generatorID>55A75823-76A2-C8AF-4FD5-046B680BA755</generatorID>
<ownerDesignName>asm1b</ownerDesignName>
<indexState>Foreign Key</indexState>
<isSurrogateKey>false</isSurrogateKey>
<indexColumnUsage>
<colUsage columnID="158B0156-87C4-75D8-2AFF-10E3050261B3"/>
</indexColumnUsage>
</ind_PK_UK>
<ind_PK_UK id="6073B90E-9E33-DAA5-2FA7-435BEA03EA83" name="lga_fireLG">
<createdBy>Jason</createdBy>
<createdTime>2020-10-11 12:41:51 UTC</createdTime>
<generatorID>66722951-CC80-3C4B-2A62-25BF6DA21018</generatorID>
<ownerDesignName>asm1b</ownerDesignName>
<indexState>Foreign Key</indexState>
<isSurrogateKey>false</isSurrogateKey>
<indexColumnUsage>
<colUsage columnID="F427C74A-20E3-7C4D-5565-C3FF49A20508"/>
</indexColumnUsage>
</ind_PK_UK>
</indexes>
</Table>
