<?xml version = '1.0' encoding = 'UTF-8'?>
<Table class="oracle.dbtools.crest.model.design.relational.Table" directorySegmentName="seg_0" id="85A53793-3D03-1743-958A-690E43B47C4B" name="building">
<createdBy>Jason</createdBy>
<createdTime>2020-10-11 12:41:51 UTC</createdTime>
<generatorID>9795177F-826E-10F5-45F2-F6CB7E27E7BF</generatorID>
<ownerDesignName>asm1b</ownerDesignName>
<allowColumnReorder>false</allowColumnReorder>
<existDependencyGenerateInDDl>true</existDependencyGenerateInDDl>
<parsed>true</parsed>
<columns itemClass="oracle.dbtools.crest.model.design.relational.Column">
<Column name="property_id" id="3D29E943-DE3A-1C1A-19D0-9032345F304A">
<createdBy>Jason</createdBy>
<createdTime>2020-10-11 12:41:51 UTC</createdTime>
<commentInRDBMS><![CDATA[This is property id  which identifies attributes of property]]></commentInRDBMS>
<generatorID>5E2DDA4C-4450-CE4C-9DD3-8F059AC39CFF</generatorID>
<ownerDesignName>asm1b</ownerDesignName>
<useDomainConstraints>false</useDomainConstraints>
<use>1</use>
<logicalDatatype>LOGDT019</logicalDatatype>
<dataTypePrecision>7</dataTypePrecision>
<ownDataTypeParameters>,,</ownDataTypeParameters>
<previousColumn>false</previousColumn>
<autoIncrementCycle>false</autoIncrementCycle>
<associations>
<colAssociation fkAssociation="AC5F36C4-C4D7-7757-177A-C2F72372B082" referredColumn="59CC1FDB-BA10-E11D-3522-AF4FD0D0AE37"/>
</associations>
</Column>
<Column name="building_id" id="7374BECF-E701-58A9-7347-8988F8D1A735">
<createdBy>Jason</createdBy>
<createdTime>2020-10-11 12:41:51 UTC</createdTime>
<commentInRDBMS><![CDATA[This is building id]]></commentInRDBMS>
<generatorID>DF6BEB2C-E793-3F58-B583-1A4B98978D9E</generatorID>
<ownerDesignName>asm1b</ownerDesignName>
<useDomainConstraints>false</useDomainConstraints>
<use>1</use>
<logicalDatatype>LOGDT019</logicalDatatype>
<dataTypePrecision>2</dataTypePrecision>
<ownDataTypeParameters>,2,</ownDataTypeParameters>
<autoIncrementCycle>false</autoIncrementCycle>
</Column>
<Column name="building_approv_date" id="AAE85A5B-177E-DF79-5526-342409F5006D">
<createdBy>Jason</createdBy>
<createdTime>2020-10-11 12:41:51 UTC</createdTime>
<commentInRDBMS><![CDATA[This is building approval date]]></commentInRDBMS>
<generatorID>D06AF81C-3C15-51C0-D6ED-34180B2E6A66</generatorID>
<ownerDesignName>asm1b</ownerDesignName>
<nullsAllowed>true</nullsAllowed>
<useDomainConstraints>false</useDomainConstraints>
<use>1</use>
<logicalDatatype>LOGDT007</logicalDatatype>
<ownDataTypeParameters>,,</ownDataTypeParameters>
<autoIncrementCycle>false</autoIncrementCycle>
</Column>
<Column name="building_size" id="72F2B42F-D4B8-2228-AF17-CACBCA97C6F3">
<createdBy>Jason</createdBy>
<createdTime>2020-10-11 12:41:51 UTC</createdTime>
<commentInRDBMS><![CDATA[This is building size]]></commentInRDBMS>
<generatorID>84E07E87-AFA5-A706-5ACC-F72CA105DB48</generatorID>
<ownerDesignName>asm1b</ownerDesignName>
<nullsAllowed>true</nullsAllowed>
<useDomainConstraints>false</useDomainConstraints>
<use>1</use>
<logicalDatatype>LOGDT019</logicalDatatype>
<dataTypePrecision>10</dataTypePrecision>
<dataTypeScale>2</dataTypeScale>
<ownDataTypeParameters>,10,2</ownDataTypeParameters>
<autoIncrementCycle>false</autoIncrementCycle>
</Column>
<Column name="building_class" id="C9A52312-D418-7FCA-57C6-6482D6EF2F83">
<createdBy>Jason</createdBy>
<createdTime>2020-10-11 12:41:51 UTC</createdTime>
<commentInRDBMS><![CDATA[This is building class ranging from 1 to 10
For example, 
class 1 is recorded as C01
class 1a is recorded as C01A]]></commentInRDBMS>
<generatorID>D6F354A8-376F-9D62-3295-00D24F824C3B</generatorID>
<ownerDesignName>asm1b</ownerDesignName>
<nullsAllowed>true</nullsAllowed>
<useDomainConstraints>false</useDomainConstraints>
<use>1</use>
<logicalDatatype>LOGDT024</logicalDatatype>
<dataTypeSize>4</dataTypeSize>
<ownDataTypeParameters>4,,</ownDataTypeParameters>
<autoIncrementCycle>false</autoIncrementCycle>
<listOfRanges>
<rangeDef class="oracle.dbtools.crest.model.design.constraint.AVT">
<beginValue>1</beginValue>
<endValue>10</endValue>
</rangeDef>
</listOfRanges>
</Column>
<Column name="building_insur_coverage" id="7CB7484C-9894-4406-1EBB-68118D5E9995">
<createdBy>Jason</createdBy>
<createdTime>2020-10-11 12:41:51 UTC</createdTime>
<commentInRDBMS><![CDATA[this is building insurance coverage
Constraint : 
N = No
Y = Yes]]></commentInRDBMS>
<generatorID>F3145DE4-C4DA-A204-BC16-B29C5DC63E56</generatorID>
<ownerDesignName>asm1b</ownerDesignName>
<nullsAllowed>true</nullsAllowed>
<useDomainConstraints>false</useDomainConstraints>
<use>1</use>
<logicalDatatype>LOGDT025</logicalDatatype>
<dataTypeSize>1</dataTypeSize>
<listOfValues>
<valueDef value="N" description="No"/>
<valueDef value="Y" description="Yes"/>
</listOfValues>
<ownDataTypeParameters>1,,</ownDataTypeParameters>
<autoIncrementCycle>false</autoIncrementCycle>
</Column>
<Column name="insurer_id" id="1741E08F-F1B6-3222-7A2B-7C54E4ECBA3F">
<createdBy>Jason</createdBy>
<createdTime>2020-10-11 12:41:51 UTC</createdTime>
<commentInRDBMS><![CDATA[This is the insurer id which identifies attributes of insurer
]]></commentInRDBMS>
<generatorID>78DDAEF1-995C-F98B-AD27-0529E3B30E75</generatorID>
<ownerDesignName>asm1b</ownerDesignName>
<nullsAllowed>true</nullsAllowed>
<useDomainConstraints>false</useDomainConstraints>
<use>1</use>
<logicalDatatype>LOGDT019</logicalDatatype>
<dataTypePrecision>7</dataTypePrecision>
<ownDataTypeParameters>,,</ownDataTypeParameters>
<previousColumn>false</previousColumn>
<autoIncrementCycle>false</autoIncrementCycle>
<associations>
<colAssociation fkAssociation="73CC6B0D-B74F-3AF2-0489-ACFABBF7286C" referredColumn="E048CC45-83C0-5ABD-F43E-A6E76655B52C"/>
</associations>
</Column>
<Column name="LGA_code" id="FCD53320-CF49-EF95-48EA-17CBB9C20D5D">
<createdBy>Jason</createdBy>
<createdTime>2020-10-11 12:41:51 UTC</createdTime>
<commentInRDBMS><![CDATA[This is the LGA code which identifies attributes of LGA
example : 00000028 is one of the LGA code]]></commentInRDBMS>
<generatorID>0AF2DB43-1C63-F199-5857-3EE34F9F1982</generatorID>
<ownerDesignName>asm1b</ownerDesignName>
<useDomainConstraints>false</useDomainConstraints>
<use>1</use>
<logicalDatatype>LOGDT019</logicalDatatype>
<dataTypePrecision>8</dataTypePrecision>
<ownDataTypeParameters>,,</ownDataTypeParameters>
<previousColumn>false</previousColumn>
<autoIncrementCycle>false</autoIncrementCycle>
<associations>
<colAssociation fkAssociation="CB6F72FA-DCDF-96F7-7B5C-F460F550E275" referredColumn="4B99C774-5838-0F88-CE7A-A86F3ED41F06"/>
</associations>
</Column>
<Column name="Lga_building_value" id="BBD9BBB6-09AA-00FF-9524-9E7F9A61319B">
<createdBy>Jason</createdBy>
<createdTime>2020-10-11 12:41:51 UTC</createdTime>
<commentInRDBMS><![CDATA[This is building value assessed by LGA]]></commentInRDBMS>
<generatorID>9C1E661B-F69F-F650-596E-C7125AEC5D29</generatorID>
<ownerDesignName>asm1b</ownerDesignName>
<nullsAllowed>true</nullsAllowed>
<useDomainConstraints>false</useDomainConstraints>
<use>1</use>
<logicalDatatype>LOGDT019</logicalDatatype>
<dataTypePrecision>12</dataTypePrecision>
<dataTypeScale>2</dataTypeScale>
<ownDataTypeParameters>,12,2</ownDataTypeParameters>
<autoIncrementCycle>false</autoIncrementCycle>
</Column>
</columns>
<indexes itemClass="oracle.dbtools.crest.model.design.relational.Index">
<ind_PK_UK id="EE543BCF-4D04-464C-825D-0FA71CB50ADE" name="building_PK">
<createdBy>Jason</createdBy>
<createdTime>2020-10-11 12:41:51 UTC</createdTime>
<generatorID>39BA27CB-145B-9F36-E8D9-3E170BAEC227</generatorID>
<ownerDesignName>asm1b</ownerDesignName>
<pk>true</pk>
<indexState>Primary Constraint</indexState>
<isSurrogateKey>false</isSurrogateKey>
<indexColumnUsage>
<colUsage columnID="3D29E943-DE3A-1C1A-19D0-9032345F304A"/>
<colUsage columnID="7374BECF-E701-58A9-7347-8988F8D1A735"/>
</indexColumnUsage>
</ind_PK_UK>
<ind_PK_UK id="0A5E5BE5-E030-7D05-9E1B-31BB8ACF3D8A" name="insurer_building">
<createdBy>Jason</createdBy>
<createdTime>2020-10-11 12:41:51 UTC</createdTime>
<generatorID>69D1FEF3-6665-2233-5E2A-122A41AC4BD8</generatorID>
<ownerDesignName>asm1b</ownerDesignName>
<indexState>Foreign Key</indexState>
<isSurrogateKey>false</isSurrogateKey>
<indexColumnUsage>
<colUsage columnID="1741E08F-F1B6-3222-7A2B-7C54E4ECBA3F"/>
</indexColumnUsage>
</ind_PK_UK>
<ind_PK_UK id="684E3891-59DA-59B6-C39B-C1B869D285D6" name="LGA_Assess_Building">
<createdBy>Jason</createdBy>
<createdTime>2020-10-11 12:41:51 UTC</createdTime>
<generatorID>9086C6DC-43BE-263A-5AD8-3D48FAFF9DCB</generatorID>
<ownerDesignName>asm1b</ownerDesignName>
<indexState>Foreign Key</indexState>
<isSurrogateKey>false</isSurrogateKey>
<indexColumnUsage>
<colUsage columnID="FCD53320-CF49-EF95-48EA-17CBB9C20D5D"/>
</indexColumnUsage>
</ind_PK_UK>
<ind_PK_UK id="4D9CCE5C-B612-47E8-DC4E-DD613EE5AD65" name="property_building">
<createdBy>Jason</createdBy>
<createdTime>2020-10-11 12:41:51 UTC</createdTime>
<generatorID>B2BACD83-8F78-D195-A744-AE8E746EF23C</generatorID>
<ownerDesignName>asm1b</ownerDesignName>
<indexState>Foreign Key</indexState>
<isSurrogateKey>false</isSurrogateKey>
<indexColumnUsage>
<colUsage columnID="3D29E943-DE3A-1C1A-19D0-9032345F304A"/>
</indexColumnUsage>
</ind_PK_UK>
</indexes>
</Table>
