<?xml version = '1.0' encoding = 'UTF-8'?>
<Table class="oracle.dbtools.crest.model.design.relational.Table" directorySegmentName="seg_0" id="DBC761EC-18C2-1914-29DD-E962AAEB933F" name="property">
<createdBy>Jason</createdBy>
<createdTime>2020-10-11 12:41:51 UTC</createdTime>
<generatorID>4CE090CF-E550-7A66-B1F4-AE0B5F00672C</generatorID>
<ownerDesignName>asm1b</ownerDesignName>
<allowColumnReorder>false</allowColumnReorder>
<existDependencyGenerateInDDl>true</existDependencyGenerateInDDl>
<parsed>true</parsed>
<columns itemClass="oracle.dbtools.crest.model.design.relational.Column">
<Column name="property_id" id="59CC1FDB-BA10-E11D-3522-AF4FD0D0AE37">
<createdBy>Jason</createdBy>
<createdTime>2020-10-11 12:41:51 UTC</createdTime>
<commentInRDBMS><![CDATA[This is property id  which identifies attributes of property]]></commentInRDBMS>
<generatorID>07DACED4-CE53-0D0C-B07F-3FA5E00773EF</generatorID>
<ownerDesignName>asm1b</ownerDesignName>
<useDomainConstraints>false</useDomainConstraints>
<use>1</use>
<logicalDatatype>LOGDT019</logicalDatatype>
<dataTypePrecision>7</dataTypePrecision>
<ownDataTypeParameters>,7,</ownDataTypeParameters>
<autoIncrementCycle>false</autoIncrementCycle>
</Column>
<Column name="property_street" id="4960B3FA-40BB-0A53-D53C-8F335FBBD95E">
<createdBy>Jason</createdBy>
<createdTime>2020-10-11 12:41:51 UTC</createdTime>
<commentInRDBMS><![CDATA[This is property street]]></commentInRDBMS>
<generatorID>5633EAFB-9FC6-753B-DC9D-6FE832A00174</generatorID>
<ownerDesignName>asm1b</ownerDesignName>
<nullsAllowed>true</nullsAllowed>
<useDomainConstraints>false</useDomainConstraints>
<use>1</use>
<logicalDatatype>LOGDT024</logicalDatatype>
<dataTypeSize>100</dataTypeSize>
<ownDataTypeParameters>100,,</ownDataTypeParameters>
<autoIncrementCycle>false</autoIncrementCycle>
</Column>
<Column name="property_town" id="E380EC7F-9D51-ADB6-B7CD-4FEF1547CE85">
<createdBy>Jason</createdBy>
<createdTime>2020-10-11 12:41:51 UTC</createdTime>
<commentInRDBMS><![CDATA[This is property town]]></commentInRDBMS>
<generatorID>A1B700DC-A927-0B6B-6669-2DF16ECE6970</generatorID>
<ownerDesignName>asm1b</ownerDesignName>
<nullsAllowed>true</nullsAllowed>
<useDomainConstraints>false</useDomainConstraints>
<use>1</use>
<logicalDatatype>LOGDT024</logicalDatatype>
<dataTypeSize>100</dataTypeSize>
<ownDataTypeParameters>100,,</ownDataTypeParameters>
<autoIncrementCycle>false</autoIncrementCycle>
</Column>
<Column name="property_postcode" id="9FBB92AC-1CC3-1050-C046-39FF34FA1878">
<createdBy>Jason</createdBy>
<createdTime>2020-10-11 12:41:51 UTC</createdTime>
<commentInRDBMS><![CDATA[This is property postcode 

For example, Syd2121 is the postcode of Epping in Sydney ]]></commentInRDBMS>
<generatorID>FC5D2F4C-3568-5735-2C8E-EFD9E6F616B2</generatorID>
<ownerDesignName>asm1b</ownerDesignName>
<nullsAllowed>true</nullsAllowed>
<useDomainConstraints>false</useDomainConstraints>
<use>1</use>
<logicalDatatype>LOGDT024</logicalDatatype>
<dataTypeSize>16</dataTypeSize>
<ownDataTypeParameters>16,,</ownDataTypeParameters>
<autoIncrementCycle>false</autoIncrementCycle>
</Column>
<Column name="property_size" id="4185C071-6329-DF32-EC69-5633A4057294">
<createdBy>Jason</createdBy>
<createdTime>2020-10-11 12:41:51 UTC</createdTime>
<commentInRDBMS><![CDATA[This is property size]]></commentInRDBMS>
<generatorID>26AAA275-A96D-D70E-7F92-22874CB55A1A</generatorID>
<ownerDesignName>asm1b</ownerDesignName>
<nullsAllowed>true</nullsAllowed>
<useDomainConstraints>false</useDomainConstraints>
<use>1</use>
<logicalDatatype>LOGDT019</logicalDatatype>
<dataTypePrecision>13</dataTypePrecision>
<dataTypeScale>3</dataTypeScale>
<ownDataTypeParameters>,13,3</ownDataTypeParameters>
<autoIncrementCycle>false</autoIncrementCycle>
</Column>
<Column name="owner_id" id="36D7B565-0024-07A8-EF63-192C7D3CC49A">
<createdBy>Jason</createdBy>
<createdTime>2020-10-11 12:41:51 UTC</createdTime>
<commentInRDBMS><![CDATA[This is owner id which identifies attributes of owner]]></commentInRDBMS>
<generatorID>8E83D408-6681-44E4-9085-BB73E0944F79</generatorID>
<ownerDesignName>asm1b</ownerDesignName>
<useDomainConstraints>false</useDomainConstraints>
<use>1</use>
<logicalDatatype>LOGDT019</logicalDatatype>
<dataTypePrecision>5</dataTypePrecision>
<ownDataTypeParameters>,,</ownDataTypeParameters>
<previousColumn>false</previousColumn>
<autoIncrementCycle>false</autoIncrementCycle>
<associations>
<colAssociation fkAssociation="50D46EAB-81A0-3FFD-86D7-9FA90243B9BE" referredColumn="6FA35ED1-EF09-5603-0CBD-30518F691C09"/>
</associations>
</Column>
<Column name="proprty_type_id" id="D3651E2F-84BE-2FF9-0109-AF043BBDE54F">
<createdBy>Jason</createdBy>
<createdTime>2020-10-11 12:41:51 UTC</createdTime>
<commentInRDBMS><![CDATA[This is the proprty_type_id which identifies attributes of property_type
Constraint : 
B  = This indicates business property
F = This indicates farm property
R = This indicates residential property
]]></commentInRDBMS>
<generatorID>B6FAA5BB-CEBC-C9BD-28FE-E471A84EC56A</generatorID>
<ownerDesignName>asm1b</ownerDesignName>
<useDomainConstraints>false</useDomainConstraints>
<use>1</use>
<logicalDatatype>LOGDT025</logicalDatatype>
<dataTypeSize>1</dataTypeSize>
<ownDataTypeParameters>,,</ownDataTypeParameters>
<previousColumn>false</previousColumn>
<autoIncrementCycle>false</autoIncrementCycle>
<associations>
<colAssociation fkAssociation="C9C92A50-34A7-5037-AC94-85384029EEC6" referredColumn="F974EA20-BD99-AF9E-8D32-2DBB4C525A0D"/>
</associations>
</Column>
</columns>
<indexes itemClass="oracle.dbtools.crest.model.design.relational.Index">
<ind_PK_UK id="EEFF08DF-2FFC-9D56-D4AA-3CAD23DF58D5" name="property_PK">
<createdBy>Jason</createdBy>
<createdTime>2020-10-11 12:41:51 UTC</createdTime>
<generatorID>F1BF7187-5BA7-3733-5601-DE5061C33924</generatorID>
<ownerDesignName>asm1b</ownerDesignName>
<pk>true</pk>
<indexState>Primary Constraint</indexState>
<isSurrogateKey>false</isSurrogateKey>
<indexColumnUsage>
<colUsage columnID="59CC1FDB-BA10-E11D-3522-AF4FD0D0AE37"/>
</indexColumnUsage>
</ind_PK_UK>
<ind_PK_UK id="337F8278-76E8-D265-275D-F041436C6E30" name="owner_property">
<createdBy>Jason</createdBy>
<createdTime>2020-10-11 12:41:51 UTC</createdTime>
<generatorID>4F468187-9EB6-B064-A247-E7F145AA315B</generatorID>
<ownerDesignName>asm1b</ownerDesignName>
<indexState>Foreign Key</indexState>
<isSurrogateKey>false</isSurrogateKey>
<indexColumnUsage>
<colUsage columnID="36D7B565-0024-07A8-EF63-192C7D3CC49A"/>
</indexColumnUsage>
</ind_PK_UK>
<ind_PK_UK id="C2230ACB-79C7-BCC3-B7C9-3F63E36BDF53" name="Relation_15">
<createdBy>Jason</createdBy>
<createdTime>2020-10-11 12:41:51 UTC</createdTime>
<generatorID>C294C5BD-81C0-5880-EB35-5BB4363ACE24</generatorID>
<ownerDesignName>asm1b</ownerDesignName>
<indexState>Foreign Key</indexState>
<isSurrogateKey>false</isSurrogateKey>
<indexColumnUsage>
<colUsage columnID="D3651E2F-84BE-2FF9-0109-AF043BBDE54F"/>
</indexColumnUsage>
</ind_PK_UK>
</indexes>
</Table>
