<?xml version = '1.0' encoding = 'UTF-8'?>
<Table class="oracle.dbtools.crest.model.design.relational.Table" directorySegmentName="seg_0" id="E6549463-5915-A696-681E-A57B2AA0F969" name="damage">
<createdBy>Jason</createdBy>
<createdTime>2020-10-11 12:41:51 UTC</createdTime>
<generatorID>3010FCA9-8D4C-604E-C789-BF5945EFD43C</generatorID>
<ownerDesignName>asm1b</ownerDesignName>
<allowColumnReorder>false</allowColumnReorder>
<existDependencyGenerateInDDl>true</existDependencyGenerateInDDl>
<parsed>true</parsed>
<columns itemClass="oracle.dbtools.crest.model.design.relational.Column">
<Column name="damage_id" id="98DAE359-4877-1F11-8107-1A7EDAD751D9">
<createdBy>Jason</createdBy>
<createdTime>2020-10-11 12:41:51 UTC</createdTime>
<commentInRDBMS><![CDATA[surrogate key of Damage which identifies attributes of damage
The key ranges from 00000001 to 99999999]]></commentInRDBMS>
<generatorID>F0F514F9-27BE-3186-856C-231B546C0084</generatorID>
<ownerDesignName>asm1b</ownerDesignName>
<useDomainConstraints>false</useDomainConstraints>
<use>1</use>
<logicalDatatype>LOGDT019</logicalDatatype>
<dataTypePrecision>8</dataTypePrecision>
<ownDataTypeParameters>,8,</ownDataTypeParameters>
<autoIncrementCycle>false</autoIncrementCycle>
</Column>
<Column name="property_id" id="178D6ED3-12C9-2109-EFC0-CEB5D7A2F36A">
<createdBy>Jason</createdBy>
<createdTime>2020-10-11 12:41:51 UTC</createdTime>
<commentInRDBMS><![CDATA[This is property id  which identifies attributes of property]]></commentInRDBMS>
<generatorID>3A7C57B0-E64B-5F25-0D43-BE7AA0F68F57</generatorID>
<ownerDesignName>asm1b</ownerDesignName>
<useDomainConstraints>false</useDomainConstraints>
<use>1</use>
<logicalDatatype>LOGDT019</logicalDatatype>
<dataTypePrecision>7</dataTypePrecision>
<ownDataTypeParameters>,,</ownDataTypeParameters>
<previousColumn>false</previousColumn>
<autoIncrementCycle>false</autoIncrementCycle>
<associations>
<colAssociation fkAssociation="15DD7846-317A-B24E-942C-2B4D34BCD89E" referredColumn="3D29E943-DE3A-1C1A-19D0-9032345F304A"/>
</associations>
</Column>
<Column name="building_id" id="D1639306-7ED1-5919-786E-105F276AE769">
<createdBy>Jason</createdBy>
<createdTime>2020-10-11 12:41:51 UTC</createdTime>
<commentInRDBMS><![CDATA[This is building id]]></commentInRDBMS>
<generatorID>262D3729-0F90-F842-E37B-4A08404B3D34</generatorID>
<ownerDesignName>asm1b</ownerDesignName>
<useDomainConstraints>false</useDomainConstraints>
<use>1</use>
<logicalDatatype>LOGDT019</logicalDatatype>
<dataTypePrecision>2</dataTypePrecision>
<ownDataTypeParameters>,,</ownDataTypeParameters>
<previousColumn>false</previousColumn>
<autoIncrementCycle>false</autoIncrementCycle>
<associations>
<colAssociation fkAssociation="15DD7846-317A-B24E-942C-2B4D34BCD89E" referredColumn="7374BECF-E701-58A9-7347-8988F8D1A735"/>
</associations>
</Column>
<Column name="fire_id" id="299999B4-F871-DB0E-118E-1585AB5AAFEF">
<createdBy>Jason</createdBy>
<createdTime>2020-10-11 12:41:51 UTC</createdTime>
<commentInRDBMS><![CDATA[This is the fire event id which identifies attributes of fire_event]]></commentInRDBMS>
<generatorID>243D89F0-4B85-A9C1-661F-53E5E338D628</generatorID>
<ownerDesignName>asm1b</ownerDesignName>
<useDomainConstraints>false</useDomainConstraints>
<use>1</use>
<logicalDatatype>LOGDT024</logicalDatatype>
<dataTypeSize>9</dataTypeSize>
<ownDataTypeParameters>,,</ownDataTypeParameters>
<previousColumn>false</previousColumn>
<autoIncrementCycle>false</autoIncrementCycle>
<associations>
<colAssociation fkAssociation="6291C58B-BBBA-88CE-4466-379B02E9A753" referredColumn="5773F121-4946-9384-4AC9-FFA87B912A9C"/>
</associations>
</Column>
<Column name="assessor_id" id="D3C987E8-1D8B-7953-6B1C-408E881F5B82">
<createdBy>Jason</createdBy>
<createdTime>2020-10-11 12:41:51 UTC</createdTime>
<commentInRDBMS><![CDATA[This is assessor id which identifies attributes of assessor
for example 
assessor id ranges from 0001 to  9999
]]></commentInRDBMS>
<generatorID>0D858EA8-CA7B-0D2E-B865-C38F59E9E505</generatorID>
<ownerDesignName>asm1b</ownerDesignName>
<useDomainConstraints>false</useDomainConstraints>
<use>1</use>
<logicalDatatype>LOGDT019</logicalDatatype>
<dataTypePrecision>4</dataTypePrecision>
<ownDataTypeParameters>,,</ownDataTypeParameters>
<previousColumn>false</previousColumn>
<autoIncrementCycle>false</autoIncrementCycle>
<associations>
<colAssociation fkAssociation="DCD53756-24C9-E3E1-9964-439F151E3778" referredColumn="B3CDC9FD-146B-8A50-2AD5-3DB5FA362D4A"/>
</associations>
</Column>
<Column name="LGA_code" id="E2694740-81E5-9031-2F04-B3171C5A7BF6">
<createdBy>Jason</createdBy>
<createdTime>2020-10-11 12:41:51 UTC</createdTime>
<commentInRDBMS><![CDATA[This is the LGA code which identifies attributes of LGA
example : 00000028 is one of the LGA code]]></commentInRDBMS>
<generatorID>A21DD56A-2620-383F-A5FB-81D730260AF2</generatorID>
<ownerDesignName>asm1b</ownerDesignName>
<useDomainConstraints>false</useDomainConstraints>
<use>1</use>
<logicalDatatype>LOGDT019</logicalDatatype>
<dataTypePrecision>8</dataTypePrecision>
<ownDataTypeParameters>,,</ownDataTypeParameters>
<previousColumn>false</previousColumn>
<autoIncrementCycle>false</autoIncrementCycle>
<associations>
<colAssociation fkAssociation="41915A32-373B-F83E-CFA4-2579D7E56EC9" referredColumn="4B99C774-5838-0F88-CE7A-A86F3ED41F06"/>
</associations>
</Column>
<Column name="damage_total_destroy" id="CADEDA59-B51A-7406-686E-F0C987587547">
<createdBy>Jason</createdBy>
<createdTime>2020-10-11 12:41:51 UTC</createdTime>
<commentInRDBMS><![CDATA[This is the total  damage cost]]></commentInRDBMS>
<generatorID>C1B24C0F-EDDF-3525-F281-8386BAF7EA35</generatorID>
<ownerDesignName>asm1b</ownerDesignName>
<nullsAllowed>true</nullsAllowed>
<useDomainConstraints>false</useDomainConstraints>
<use>1</use>
<logicalDatatype>LOGDT025</logicalDatatype>
<dataTypeSize>1</dataTypeSize>
<listOfValues>
<valueDef value="N" description="No"/>
<valueDef value="Y" description="Yes"/>
</listOfValues>
<ownDataTypeParameters>1,,</ownDataTypeParameters>
<autoIncrementCycle>false</autoIncrementCycle>
</Column>
<Column name="damage_cost" id="08CF8571-2F88-9249-ABC8-EA760C9DC330">
<createdBy>Jason</createdBy>
<createdTime>2020-10-11 12:41:51 UTC</createdTime>
<commentInRDBMS><![CDATA[This is the damage cost]]></commentInRDBMS>
<generatorID>C03F79F3-BF82-51D1-03E4-EF5DD0BC5CD7</generatorID>
<ownerDesignName>asm1b</ownerDesignName>
<nullsAllowed>true</nullsAllowed>
<useDomainConstraints>false</useDomainConstraints>
<use>1</use>
<logicalDatatype>LOGDT019</logicalDatatype>
<dataTypePrecision>16</dataTypePrecision>
<dataTypeScale>3</dataTypeScale>
<ownDataTypeParameters>,16,3</ownDataTypeParameters>
<autoIncrementCycle>false</autoIncrementCycle>
</Column>
</columns>
<indexes itemClass="oracle.dbtools.crest.model.design.relational.Index">
<ind_PK_UK id="F338FB60-B631-56D2-77C1-5236D3B1366D" name="damage_PK">
<createdBy>Jason</createdBy>
<createdTime>2020-10-11 12:41:51 UTC</createdTime>
<generatorID>3D74C17E-F8E7-D664-48E7-6E41BFD6DB3B</generatorID>
<ownerDesignName>asm1b</ownerDesignName>
<pk>true</pk>
<indexState>Primary Constraint</indexState>
<isSurrogateKey>false</isSurrogateKey>
<indexColumnUsage>
<colUsage columnID="98DAE359-4877-1F11-8107-1A7EDAD751D9"/>
</indexColumnUsage>
</ind_PK_UK>
<ind_PK_UK id="3623AB40-7218-B211-24E8-ACF6B8D31F1C" name="damage_nk">
<createdBy>Jason</createdBy>
<createdTime>2020-10-11 12:41:51 UTC</createdTime>
<generatorID>7A1A1EBC-13B7-6919-6506-B252BDB5E13A</generatorID>
<ownerDesignName>asm1b</ownerDesignName>
<indexState>Unique Constraint</indexState>
<isSurrogateKey>false</isSurrogateKey>
<indexColumnUsage>
<colUsage columnID="178D6ED3-12C9-2109-EFC0-CEB5D7A2F36A"/>
<colUsage columnID="D1639306-7ED1-5919-786E-105F276AE769"/>
<colUsage columnID="299999B4-F871-DB0E-118E-1585AB5AAFEF"/>
</indexColumnUsage>
</ind_PK_UK>
<ind_PK_UK id="4B69240C-7B19-1377-2768-E25D6D59A853" name="assessor_damage">
<createdBy>Jason</createdBy>
<createdTime>2020-10-11 12:41:51 UTC</createdTime>
<generatorID>FD8C27F2-ABED-EE5A-23FC-A9FCA58B1203</generatorID>
<ownerDesignName>asm1b</ownerDesignName>
<indexState>Foreign Key</indexState>
<isSurrogateKey>false</isSurrogateKey>
<indexColumnUsage>
<colUsage columnID="D3C987E8-1D8B-7953-6B1C-408E881F5B82"/>
</indexColumnUsage>
</ind_PK_UK>
<ind_PK_UK id="8E095260-06A4-14BF-5344-38F96173C6CD" name="building_damage">
<createdBy>Jason</createdBy>
<createdTime>2020-10-11 12:41:51 UTC</createdTime>
<generatorID>0FDB5120-38B2-C2A4-037F-CE6F65878658</generatorID>
<ownerDesignName>asm1b</ownerDesignName>
<indexState>Foreign Key</indexState>
<isSurrogateKey>false</isSurrogateKey>
<indexColumnUsage>
<colUsage columnID="178D6ED3-12C9-2109-EFC0-CEB5D7A2F36A"/>
<colUsage columnID="D1639306-7ED1-5919-786E-105F276AE769"/>
</indexColumnUsage>
</ind_PK_UK>
<ind_PK_UK id="B1A22ACE-36B5-48B3-9156-21CB112B2070" name="fire_event_damage">
<createdBy>Jason</createdBy>
<createdTime>2020-10-11 12:41:51 UTC</createdTime>
<generatorID>6D6E1C6C-D739-2D52-30B2-92EF4907F3D9</generatorID>
<ownerDesignName>asm1b</ownerDesignName>
<indexState>Foreign Key</indexState>
<isSurrogateKey>false</isSurrogateKey>
<indexColumnUsage>
<colUsage columnID="299999B4-F871-DB0E-118E-1585AB5AAFEF"/>
</indexColumnUsage>
</ind_PK_UK>
<ind_PK_UK id="563C4A02-3A3F-28CB-9944-8E89BD72291C" name="LGA_damage">
<createdBy>Jason</createdBy>
<createdTime>2020-10-11 12:41:51 UTC</createdTime>
<generatorID>C29ABAE0-BA5A-C0D7-D84E-E727E726901F</generatorID>
<ownerDesignName>asm1b</ownerDesignName>
<indexState>Foreign Key</indexState>
<isSurrogateKey>false</isSurrogateKey>
<indexColumnUsage>
<colUsage columnID="E2694740-81E5-9031-2F04-B3171C5A7BF6"/>
</indexColumnUsage>
</ind_PK_UK>
</indexes>
</Table>
