<?xml version = '1.0' encoding = 'UTF-8'?>
<Table class="oracle.dbtools.crest.model.design.relational.Table" directorySegmentName="seg_0" id="E6C33286-5880-4260-AA2F-D18A91BDC1C7" name="Visit_datetime">
<createdBy>Jason</createdBy>
<createdTime>2020-10-11 12:41:51 UTC</createdTime>
<generatorID>655A1636-A5F9-3CE3-99F2-4F1E95F93FD6</generatorID>
<ownerDesignName>asm1b</ownerDesignName>
<allowColumnReorder>false</allowColumnReorder>
<existDependencyGenerateInDDl>true</existDependencyGenerateInDDl>
<parsed>true</parsed>
<columns itemClass="oracle.dbtools.crest.model.design.relational.Column">
<Column name="arrival_date_and_time" id="449805D9-D033-124C-F8E1-B9471667323C">
<createdBy>Jason</createdBy>
<createdTime>2020-10-11 12:41:51 UTC</createdTime>
<commentInRDBMS><![CDATA[This is arrival date and time of the visit]]></commentInRDBMS>
<generatorID>C190B9B6-A581-4FEB-0081-90882C304458</generatorID>
<ownerDesignName>asm1b</ownerDesignName>
<useDomainConstraints>false</useDomainConstraints>
<use>1</use>
<logicalDatatype>LOGDT007</logicalDatatype>
<ownDataTypeParameters>,,</ownDataTypeParameters>
<autoIncrementCycle>false</autoIncrementCycle>
</Column>
<Column name="departed_date_and_time" id="5FD076F3-2035-0D78-7062-450B85064768">
<createdBy>Jason</createdBy>
<createdTime>2020-10-11 12:41:51 UTC</createdTime>
<commentInRDBMS><![CDATA[This is departed date and time of the visit]]></commentInRDBMS>
<generatorID>00A13D4A-B77D-0421-CFAA-9F0E2BA93461</generatorID>
<ownerDesignName>asm1b</ownerDesignName>
<nullsAllowed>true</nullsAllowed>
<useDomainConstraints>false</useDomainConstraints>
<use>1</use>
<logicalDatatype>LOGDT007</logicalDatatype>
<ownDataTypeParameters>,,</ownDataTypeParameters>
<autoIncrementCycle>false</autoIncrementCycle>
</Column>
<Column name="damage_id" id="E092A60A-CD2B-0699-D116-5DF01BDC419D">
<createdBy>Jason</createdBy>
<createdTime>2020-10-11 12:41:51 UTC</createdTime>
<commentInRDBMS><![CDATA[surrogate key of Damage which identifies attributes of damage
The key ranges from 00000001 to 99999999]]></commentInRDBMS>
<generatorID>4FBA730F-6F0D-909E-AFB2-6DE73A1C1A9E</generatorID>
<ownerDesignName>asm1b</ownerDesignName>
<useDomainConstraints>false</useDomainConstraints>
<use>1</use>
<logicalDatatype>LOGDT019</logicalDatatype>
<dataTypePrecision>8</dataTypePrecision>
<ownDataTypeParameters>,,</ownDataTypeParameters>
<previousColumn>false</previousColumn>
<autoIncrementCycle>false</autoIncrementCycle>
<associations>
<colAssociation fkAssociation="82049620-06DE-57DE-7E7B-054361E5CCE8" referredColumn="98DAE359-4877-1F11-8107-1A7EDAD751D9"/>
</associations>
</Column>
</columns>
<indexes itemClass="oracle.dbtools.crest.model.design.relational.Index">
<ind_PK_UK id="23065ECF-00B4-D7BD-5104-958E8AE2E101" name="visit_PK">
<createdBy>Jason</createdBy>
<createdTime>2020-10-11 12:41:51 UTC</createdTime>
<generatorID>AA1C2783-F1D0-3720-D603-7C4BF21B70C8</generatorID>
<ownerDesignName>asm1b</ownerDesignName>
<pk>true</pk>
<indexState>Primary Constraint</indexState>
<isSurrogateKey>false</isSurrogateKey>
<indexColumnUsage>
<colUsage columnID="449805D9-D033-124C-F8E1-B9471667323C"/>
<colUsage columnID="E092A60A-CD2B-0699-D116-5DF01BDC419D"/>
</indexColumnUsage>
</ind_PK_UK>
<ind_PK_UK id="0B23EE80-6B4A-4C9F-9ED2-1B46827E3B86" name="damage_visit">
<createdBy>Jason</createdBy>
<createdTime>2020-10-11 12:41:51 UTC</createdTime>
<generatorID>33C6EA44-24B2-D132-6384-374087CE8DBB</generatorID>
<ownerDesignName>asm1b</ownerDesignName>
<indexState>Foreign Key</indexState>
<isSurrogateKey>false</isSurrogateKey>
<indexColumnUsage>
<colUsage columnID="E092A60A-CD2B-0699-D116-5DF01BDC419D"/>
</indexColumnUsage>
</ind_PK_UK>
</indexes>
</Table>
