<?xml version = '1.0' encoding = 'UTF-8'?>
<FKIndexAssociation class="oracle.dbtools.crest.model.design.relational.FKIndexAssociation" directorySegmentName="seg_0" id="15DD7846-317A-B24E-942C-2B4D34BCD89E" containerWithKeyObject="E6549463-5915-A696-681E-A57B2AA0F969" localFKIndex="8E095260-06A4-14BF-5344-38F96173C6CD" name="building_damage">
<createdBy>Jason</createdBy>
<createdTime>2020-10-11 12:41:51 UTC</createdTime>
<generatorID>0FDB5120-38B2-C2A4-037F-CE6F65878658</generatorID>
<ownerDesignName>asm1b</ownerDesignName>
<referredTableLongName>building</referredTableLongName>
<deleteRule>NO ACTION</deleteRule>
<referredTableID>85A53793-3D03-1743-958A-690E43B47C4B</referredTableID>
<keyObject>EE543BCF-4D04-464C-825D-0FA71CB50ADE</keyObject>
<referredKeyID>EE543BCF-4D04-464C-825D-0FA71CB50ADE</referredKeyID>
<mandatory>true</mandatory>
<refColNames>property_id,building_id</refColNames>
<transferable>true</transferable>
<rely>false</rely>
<columnDependencyConstraintGenerateInDDL>true</columnDependencyConstraintGenerateInDDL>
</FKIndexAssociation>
