<?xml version = '1.0' encoding = 'UTF-8'?>
<FKIndexAssociation class="oracle.dbtools.crest.model.design.relational.FKIndexAssociation" directorySegmentName="seg_0" id="2DB5AD18-7368-A264-F551-E77A78F2FEDD" containerWithKeyObject="784EDC0F-96DD-38B7-BE8E-2655D658E7B7" localFKIndex="F3FE2C24-7F8C-6A7A-8617-9D8CC973E347" name="fire_event_fireLGA">
<createdBy>Jason</createdBy>
<createdTime>2020-10-11 12:41:51 UTC</createdTime>
<generatorID>55A75823-76A2-C8AF-4FD5-046B680BA755</generatorID>
<ownerDesignName>asm1b</ownerDesignName>
<referredTableLongName>fire_event</referredTableLongName>
<deleteRule>NO ACTION</deleteRule>
<referredTableID>1127D1EB-CFF5-0FBF-89F2-A52875602078</referredTableID>
<keyObject>8FA511DC-DEEF-6257-E764-79602715E5DB</keyObject>
<referredKeyID>8FA511DC-DEEF-6257-E764-79602715E5DB</referredKeyID>
<mandatory>true</mandatory>
<refColNames>fire_id</refColNames>
<transferable>true</transferable>
<rely>false</rely>
<columnDependencyConstraintGenerateInDDL>true</columnDependencyConstraintGenerateInDDL>
</FKIndexAssociation>
