<?xml version = '1.0' encoding = 'UTF-8'?>
<FKIndexAssociation class="oracle.dbtools.crest.model.design.relational.FKIndexAssociation" directorySegmentName="seg_0" id="34F945E7-A9AC-0675-C130-09CCD48D495E" containerWithKeyObject="11910A4C-95EA-6F18-AA9D-6CDE5CC72245" localFKIndex="A560E421-F3B0-A8F9-78BA-4A1493AFE169" name="assessor_employment">
<createdBy>Jason</createdBy>
<createdTime>2020-10-11 12:41:51 UTC</createdTime>
<generatorID>25FF8AA9-A4A4-A934-10DF-BB1B57D5E8DD</generatorID>
<ownerDesignName>asm1b</ownerDesignName>
<referredTableLongName>assessor</referredTableLongName>
<deleteRule>NO ACTION</deleteRule>
<referredTableID>7EE3128D-1A0B-89BD-FAE7-D83E84838D7E</referredTableID>
<keyObject>C63CF3AA-8272-8B8E-BF60-870AEF318D3C</keyObject>
<referredKeyID>C63CF3AA-8272-8B8E-BF60-870AEF318D3C</referredKeyID>
<mandatory>true</mandatory>
<refColNames>assessor_id</refColNames>
<transferable>true</transferable>
<rely>false</rely>
<columnDependencyConstraintGenerateInDDL>true</columnDependencyConstraintGenerateInDDL>
</FKIndexAssociation>
