<?xml version = '1.0' encoding = 'UTF-8'?>
<FKIndexAssociation class="oracle.dbtools.crest.model.design.relational.FKIndexAssociation" directorySegmentName="seg_0" id="41915A32-373B-F83E-CFA4-2579D7E56EC9" containerWithKeyObject="E6549463-5915-A696-681E-A57B2AA0F969" localFKIndex="563C4A02-3A3F-28CB-9944-8E89BD72291C" name="LGA_damage">
<createdBy>Jason</createdBy>
<createdTime>2020-10-11 12:41:51 UTC</createdTime>
<generatorID>C29ABAE0-BA5A-C0D7-D84E-E727E726901F</generatorID>
<ownerDesignName>asm1b</ownerDesignName>
<referredTableLongName>LGA</referredTableLongName>
<deleteRule>NO ACTION</deleteRule>
<referredTableID>19ED59EA-D13F-95EB-CA6D-A9E3C005E4EB</referredTableID>
<keyObject>128FFADB-5BE2-AD92-7D73-7937B7B8B7D2</keyObject>
<referredKeyID>128FFADB-5BE2-AD92-7D73-7937B7B8B7D2</referredKeyID>
<mandatory>true</mandatory>
<refColNames>LGA_code</refColNames>
<transferable>true</transferable>
<rely>false</rely>
<columnDependencyConstraintGenerateInDDL>true</columnDependencyConstraintGenerateInDDL>
</FKIndexAssociation>
