<?xml version = '1.0' encoding = 'UTF-8'?>
<FKIndexAssociation class="oracle.dbtools.crest.model.design.relational.FKIndexAssociation" directorySegmentName="seg_0" id="469F10DB-D379-5A4C-469A-02CBC0BEA320" containerWithKeyObject="784EDC0F-96DD-38B7-BE8E-2655D658E7B7" localFKIndex="6073B90E-9E33-DAA5-2FA7-435BEA03EA83" name="lga_fireLG">
<createdBy>Jason</createdBy>
<createdTime>2020-10-11 12:41:51 UTC</createdTime>
<generatorID>66722951-CC80-3C4B-2A62-25BF6DA21018</generatorID>
<ownerDesignName>asm1b</ownerDesignName>
<referredTableLongName>LGA</referredTableLongName>
<deleteRule>NO ACTION</deleteRule>
<referredTableID>19ED59EA-D13F-95EB-CA6D-A9E3C005E4EB</referredTableID>
<keyObject>128FFADB-5BE2-AD92-7D73-7937B7B8B7D2</keyObject>
<referredKeyID>128FFADB-5BE2-AD92-7D73-7937B7B8B7D2</referredKeyID>
<mandatory>true</mandatory>
<refColNames>LGA_code</refColNames>
<transferable>true</transferable>
<rely>false</rely>
<columnDependencyConstraintGenerateInDDL>true</columnDependencyConstraintGenerateInDDL>
</FKIndexAssociation>
