<?xml version = '1.0' encoding = 'UTF-8'?>
<FKIndexAssociation class="oracle.dbtools.crest.model.design.relational.FKIndexAssociation" directorySegmentName="seg_0" id="4FD96CF9-4B54-1B9E-965D-DCDDD679387A" containerWithKeyObject="11910A4C-95EA-6F18-AA9D-6CDE5CC72245" localFKIndex="75C1D5F1-BC4A-87F9-C58E-C832712BB079" name="insurer_employement">
<createdBy>Jason</createdBy>
<createdTime>2020-10-11 12:41:51 UTC</createdTime>
<generatorID>55342052-5B23-97ED-EC78-A1D62FE52D5C</generatorID>
<ownerDesignName>asm1b</ownerDesignName>
<referredTableLongName>insurer</referredTableLongName>
<deleteRule>NO ACTION</deleteRule>
<referredTableID>3EEE95FE-986A-D1B4-3F2F-646EA1664509</referredTableID>
<keyObject>4555B072-09D4-F1E5-057E-0775228B3D65</keyObject>
<referredKeyID>4555B072-09D4-F1E5-057E-0775228B3D65</referredKeyID>
<mandatory>true</mandatory>
<refColNames>insurer_id</refColNames>
<transferable>true</transferable>
<rely>false</rely>
<columnDependencyConstraintGenerateInDDL>true</columnDependencyConstraintGenerateInDDL>
</FKIndexAssociation>
