<?xml version = '1.0' encoding = 'UTF-8'?>
<FKIndexAssociation class="oracle.dbtools.crest.model.design.relational.FKIndexAssociation" directorySegmentName="seg_0" id="50D46EAB-81A0-3FFD-86D7-9FA90243B9BE" containerWithKeyObject="DBC761EC-18C2-1914-29DD-E962AAEB933F" localFKIndex="337F8278-76E8-D265-275D-F041436C6E30" name="owner_property">
<createdBy>Jason</createdBy>
<createdTime>2020-10-11 12:41:51 UTC</createdTime>
<generatorID>4F468187-9EB6-B064-A247-E7F145AA315B</generatorID>
<ownerDesignName>asm1b</ownerDesignName>
<referredTableLongName>owner</referredTableLongName>
<deleteRule>NO ACTION</deleteRule>
<referredTableID>80C88815-F04A-639E-8A7E-AF6E41C0225A</referredTableID>
<keyObject>E5B12BE7-FD36-65C3-A204-731C4D9EF6F8</keyObject>
<referredKeyID>E5B12BE7-FD36-65C3-A204-731C4D9EF6F8</referredKeyID>
<mandatory>true</mandatory>
<refColNames>owner_id</refColNames>
<transferable>true</transferable>
<rely>false</rely>
<columnDependencyConstraintGenerateInDDL>true</columnDependencyConstraintGenerateInDDL>
</FKIndexAssociation>
