<?xml version = '1.0' encoding = 'UTF-8'?>
<FKIndexAssociation class="oracle.dbtools.crest.model.design.relational.FKIndexAssociation" directorySegmentName="seg_0" id="6291C58B-BBBA-88CE-4466-379B02E9A753" containerWithKeyObject="E6549463-5915-A696-681E-A57B2AA0F969" localFKIndex="B1A22ACE-36B5-48B3-9156-21CB112B2070" name="fire_event_damage">
<createdBy>Jason</createdBy>
<createdTime>2020-10-11 12:41:51 UTC</createdTime>
<generatorID>6D6E1C6C-D739-2D52-30B2-92EF4907F3D9</generatorID>
<ownerDesignName>asm1b</ownerDesignName>
<referredTableLongName>fire_event</referredTableLongName>
<deleteRule>NO ACTION</deleteRule>
<referredTableID>1127D1EB-CFF5-0FBF-89F2-A52875602078</referredTableID>
<keyObject>8FA511DC-DEEF-6257-E764-79602715E5DB</keyObject>
<referredKeyID>8FA511DC-DEEF-6257-E764-79602715E5DB</referredKeyID>
<mandatory>true</mandatory>
<refColNames>fire_id</refColNames>
<transferable>true</transferable>
<rely>false</rely>
<columnDependencyConstraintGenerateInDDL>true</columnDependencyConstraintGenerateInDDL>
</FKIndexAssociation>
