<?xml version = '1.0' encoding = 'UTF-8'?>
<FKIndexAssociation class="oracle.dbtools.crest.model.design.relational.FKIndexAssociation" directorySegmentName="seg_0" id="73CC6B0D-B74F-3AF2-0489-ACFABBF7286C" containerWithKeyObject="85A53793-3D03-1743-958A-690E43B47C4B" localFKIndex="0A5E5BE5-E030-7D05-9E1B-31BB8ACF3D8A" name="insurer_building">
<createdBy>Jason</createdBy>
<createdTime>2020-10-11 12:41:51 UTC</createdTime>
<generatorID>69D1FEF3-6665-2233-5E2A-122A41AC4BD8</generatorID>
<ownerDesignName>asm1b</ownerDesignName>
<referredTableLongName>insurer</referredTableLongName>
<deleteRule>NO ACTION</deleteRule>
<referredTableID>3EEE95FE-986A-D1B4-3F2F-646EA1664509</referredTableID>
<keyObject>4555B072-09D4-F1E5-057E-0775228B3D65</keyObject>
<referredKeyID>4555B072-09D4-F1E5-057E-0775228B3D65</referredKeyID>
<mandatory>false</mandatory>
<refColNames>insurer_id</refColNames>
<transferable>true</transferable>
<rely>false</rely>
<columnDependencyConstraintGenerateInDDL>true</columnDependencyConstraintGenerateInDDL>
</FKIndexAssociation>
