<?xml version = '1.0' encoding = 'UTF-8'?>
<FKIndexAssociation class="oracle.dbtools.crest.model.design.relational.FKIndexAssociation" directorySegmentName="seg_0" id="82049620-06DE-57DE-7E7B-054361E5CCE8" containerWithKeyObject="E6C33286-5880-4260-AA2F-D18A91BDC1C7" localFKIndex="0B23EE80-6B4A-4C9F-9ED2-1B46827E3B86" name="damage_visit">
<createdBy>Jason</createdBy>
<createdTime>2020-10-11 12:41:51 UTC</createdTime>
<generatorID>33C6EA44-24B2-D132-6384-374087CE8DBB</generatorID>
<ownerDesignName>asm1b</ownerDesignName>
<referredTableLongName>damage</referredTableLongName>
<deleteRule>NO ACTION</deleteRule>
<referredTableID>E6549463-5915-A696-681E-A57B2AA0F969</referredTableID>
<keyObject>F338FB60-B631-56D2-77C1-5236D3B1366D</keyObject>
<referredKeyID>F338FB60-B631-56D2-77C1-5236D3B1366D</referredKeyID>
<mandatory>true</mandatory>
<refColNames>damage_id</refColNames>
<transferable>true</transferable>
<rely>false</rely>
<columnDependencyConstraintGenerateInDDL>true</columnDependencyConstraintGenerateInDDL>
</FKIndexAssociation>
