<?xml version = '1.0' encoding = 'UTF-8'?>
<FKIndexAssociation class="oracle.dbtools.crest.model.design.relational.FKIndexAssociation" directorySegmentName="seg_0" id="853505B5-F53A-468B-834A-0FC99528D67E" containerWithKeyObject="1127D1EB-CFF5-0FBF-89F2-A52875602078" localFKIndex="61729029-61F8-7EC8-2227-431CEA892705" name="fire_event_fire_event">
<createdBy>Jason</createdBy>
<createdTime>2020-10-11 12:41:51 UTC</createdTime>
<generatorID>E7C65EF8-A588-8E91-7FC1-813346340537</generatorID>
<ownerDesignName>asm1b</ownerDesignName>
<referredTableLongName>fire_event</referredTableLongName>
<deleteRule>NO ACTION</deleteRule>
<referredTableID>1127D1EB-CFF5-0FBF-89F2-A52875602078</referredTableID>
<keyObject>8FA511DC-DEEF-6257-E764-79602715E5DB</keyObject>
<referredKeyID>8FA511DC-DEEF-6257-E764-79602715E5DB</referredKeyID>
<mandatory>false</mandatory>
<refColNames>fire_id</refColNames>
<transferable>true</transferable>
<rely>false</rely>
<columnDependencyConstraintGenerateInDDL>true</columnDependencyConstraintGenerateInDDL>
</FKIndexAssociation>
