<?xml version = '1.0' encoding = 'UTF-8'?>
<FKIndexAssociation class="oracle.dbtools.crest.model.design.relational.FKIndexAssociation" directorySegmentName="seg_0" id="AC5F36C4-C4D7-7757-177A-C2F72372B082" containerWithKeyObject="85A53793-3D03-1743-958A-690E43B47C4B" localFKIndex="4D9CCE5C-B612-47E8-DC4E-DD613EE5AD65" name="property_building">
<createdBy>Jason</createdBy>
<createdTime>2020-10-11 12:41:51 UTC</createdTime>
<generatorID>B2BACD83-8F78-D195-A744-AE8E746EF23C</generatorID>
<ownerDesignName>asm1b</ownerDesignName>
<referredTableLongName>property</referredTableLongName>
<deleteRule>NO ACTION</deleteRule>
<referredTableID>DBC761EC-18C2-1914-29DD-E962AAEB933F</referredTableID>
<keyObject>EEFF08DF-2FFC-9D56-D4AA-3CAD23DF58D5</keyObject>
<referredKeyID>EEFF08DF-2FFC-9D56-D4AA-3CAD23DF58D5</referredKeyID>
<mandatory>true</mandatory>
<refColNames>property_id</refColNames>
<transferable>true</transferable>
<rely>false</rely>
<columnDependencyConstraintGenerateInDDL>true</columnDependencyConstraintGenerateInDDL>
</FKIndexAssociation>
