<?xml version = '1.0' encoding = 'UTF-8'?>
<FKIndexAssociation class="oracle.dbtools.crest.model.design.relational.FKIndexAssociation" directorySegmentName="seg_0" id="C9C92A50-34A7-5037-AC94-85384029EEC6" containerWithKeyObject="DBC761EC-18C2-1914-29DD-E962AAEB933F" localFKIndex="C2230ACB-79C7-BCC3-B7C9-3F63E36BDF53" name="Relation_15">
<createdBy>Jason</createdBy>
<createdTime>2020-10-11 12:41:51 UTC</createdTime>
<generatorID>C294C5BD-81C0-5880-EB35-5BB4363ACE24</generatorID>
<ownerDesignName>asm1b</ownerDesignName>
<referredTableLongName>property_type</referredTableLongName>
<deleteRule>NO ACTION</deleteRule>
<referredTableID>8C99E600-5AA8-2451-5659-BC7417F99C61</referredTableID>
<keyObject>AFD323F4-F6FA-709C-0640-92400465B3CC</keyObject>
<referredKeyID>AFD323F4-F6FA-709C-0640-92400465B3CC</referredKeyID>
<mandatory>true</mandatory>
<refColNames>proprty_type_id</refColNames>
<transferable>true</transferable>
<rely>false</rely>
<columnDependencyConstraintGenerateInDDL>true</columnDependencyConstraintGenerateInDDL>
</FKIndexAssociation>
