<?xml version = '1.0' encoding = 'UTF-8'?>
<FKIndexAssociation class="oracle.dbtools.crest.model.design.relational.FKIndexAssociation" directorySegmentName="seg_0" id="CB6F72FA-DCDF-96F7-7B5C-F460F550E275" containerWithKeyObject="85A53793-3D03-1743-958A-690E43B47C4B" localFKIndex="684E3891-59DA-59B6-C39B-C1B869D285D6" name="LGA_Assess_Building">
<createdBy>Jason</createdBy>
<createdTime>2020-10-11 12:41:51 UTC</createdTime>
<generatorID>9086C6DC-43BE-263A-5AD8-3D48FAFF9DCB</generatorID>
<ownerDesignName>asm1b</ownerDesignName>
<referredTableLongName>LGA</referredTableLongName>
<deleteRule>NO ACTION</deleteRule>
<referredTableID>19ED59EA-D13F-95EB-CA6D-A9E3C005E4EB</referredTableID>
<keyObject>128FFADB-5BE2-AD92-7D73-7937B7B8B7D2</keyObject>
<referredKeyID>128FFADB-5BE2-AD92-7D73-7937B7B8B7D2</referredKeyID>
<mandatory>true</mandatory>
<refColNames>LGA_code</refColNames>
<transferable>true</transferable>
<rely>false</rely>
<columnDependencyConstraintGenerateInDDL>true</columnDependencyConstraintGenerateInDDL>
</FKIndexAssociation>
