<?xml version = '1.0' encoding = 'UTF-8'?>
<FKIndexAssociation class="oracle.dbtools.crest.model.design.relational.FKIndexAssociation" directorySegmentName="seg_0" id="DCD53756-24C9-E3E1-9964-439F151E3778" containerWithKeyObject="E6549463-5915-A696-681E-A57B2AA0F969" localFKIndex="4B69240C-7B19-1377-2768-E25D6D59A853" name="assessor_damage">
<createdBy>Jason</createdBy>
<createdTime>2020-10-11 12:41:51 UTC</createdTime>
<generatorID>FD8C27F2-ABED-EE5A-23FC-A9FCA58B1203</generatorID>
<ownerDesignName>asm1b</ownerDesignName>
<referredTableLongName>assessor</referredTableLongName>
<deleteRule>NO ACTION</deleteRule>
<referredTableID>7EE3128D-1A0B-89BD-FAE7-D83E84838D7E</referredTableID>
<keyObject>C63CF3AA-8272-8B8E-BF60-870AEF318D3C</keyObject>
<referredKeyID>C63CF3AA-8272-8B8E-BF60-870AEF318D3C</referredKeyID>
<mandatory>true</mandatory>
<refColNames>assessor_id</refColNames>
<transferable>true</transferable>
<rely>false</rely>
<columnDependencyConstraintGenerateInDDL>true</columnDependencyConstraintGenerateInDDL>
</FKIndexAssociation>
