<?xml version = '1.0' encoding = 'UTF-8'?>
<Diagram class="oracle.dbtools.crest.swingui.logical.DPVLogical" name="Logical" id="4CD6FE76-79CB-9DEC-5115-AF1DA47E9650">
<createdBy>Jason</createdBy>
<modifiedBy>Jason</modifiedBy>
<createdTime>2020-10-02 11:59:54 UTC</createdTime>
<autoRoute>false</autoRoute>
<boxInbox>true</boxInbox>
<showLegend>true</showLegend>
<showLabels>true</showLabels>
<showRelAttributes>false</showRelAttributes>
<gridEnabled>false</gridEnabled>
<showGrid>false</showGrid>
<diagramColor>-1</diagramColor>
<legendPosX>219</legendPosX>
<legendPosY>0</legendPosY>
<display>false</display>
<notation>2</notation>
<showAllDetails>false</showAllDetails>
<showElements>true</showElements>
<objectViews>
<OView class="oracle.dbtools.crest.swingui.logical.TVEntity" oid="3010FCA9-8D4C-604E-C789-BF5945EFD43C" otype="Entity" vid="8E289A35-3C6F-443C-93B5-41FD1EDF829A">
<hideElementsInCurrentOnly>false</hideElementsInCurrentOnly>
<bounds x="1184" y="386" width="226" height="154"/>
</OView>
<OView class="oracle.dbtools.crest.swingui.logical.TVEntity" oid="47FB3833-F147-0E3D-4BAF-A6214DA79243" otype="Entity" vid="59B48596-F331-B87A-8194-7983FB0857E8">
<hideElementsInCurrentOnly>false</hideElementsInCurrentOnly>
<bounds x="942" y="13" width="239" height="83"/>
</OView>
<OView class="oracle.dbtools.crest.swingui.logical.TVEntity" oid="4CE090CF-E550-7A66-B1F4-AE0B5F00672C" otype="Entity" vid="E0B70B0C-8CD5-476E-8E05-2AF458F680FD">
<hideElementsInCurrentOnly>false</hideElementsInCurrentOnly>
<bounds x="450" y="359" width="240" height="133"/>
</OView>
<OView class="oracle.dbtools.crest.swingui.logical.TVEntity" oid="4D54922B-E0A5-6AA1-F90E-7A567AB5A505" otype="Entity" vid="3BD93ABA-D84C-1BAD-F632-D805C1C81644">
<hideElementsInCurrentOnly>false</hideElementsInCurrentOnly>
<bounds x="1073" y="573" width="131" height="157"/>
</OView>
<OView class="oracle.dbtools.crest.swingui.logical.TVEntity" oid="4F7EA608-25FE-F01B-3FA3-F5FB43A16F87" otype="Entity" vid="1568D872-EA2D-CC46-798C-7F7DC0C6DEED">
<hideElementsInCurrentOnly>false</hideElementsInCurrentOnly>
<bounds x="788" y="134" width="244" height="110"/>
</OView>
<OView class="oracle.dbtools.crest.swingui.logical.TVEntity" oid="655A1636-A5F9-3CE3-99F2-4F1E95F93FD6" otype="Entity" vid="DEB8D154-A3F7-1C3B-DD46-D2317E4786CE">
<hideElementsInCurrentOnly>false</hideElementsInCurrentOnly>
<bounds x="1522" y="377" width="209" height="119"/>
</OView>
<OView class="oracle.dbtools.crest.swingui.logical.TVEntity" oid="81B6FB32-7B35-D05E-747D-FED4DA56E9C3" otype="Entity" vid="6D05A458-4462-5A88-5F14-A3A4D5997C97">
<hideElementsInCurrentOnly>false</hideElementsInCurrentOnly>
<bounds x="453" y="134" width="214" height="110"/>
</OView>
<OView class="oracle.dbtools.crest.swingui.logical.TVEntity" oid="9795177F-826E-10F5-45F2-F6CB7E27E7BF" otype="Entity" vid="C26AB4F9-D7CA-A627-AB00-810FD2F6689C">
<hideElementsInCurrentOnly>false</hideElementsInCurrentOnly>
<bounds x="770" y="352" width="246" height="142"/>
</OView>
<OView class="oracle.dbtools.crest.swingui.TVLegend" oid="C5890522-4C59-7FA9-7A6C-37EDB1AD325A" otype="Legend" vid="447C4219-8CB1-7423-5D8B-C28EAF0DA516">
<hideElementsInCurrentOnly>false</hideElementsInCurrentOnly>
<bounds x="219" y="0" width="226" height="128"/>
</OView>
<OView class="oracle.dbtools.crest.swingui.logical.TVEntity" oid="C7152BB5-E8E2-3505-FDA4-41A819754A05" otype="Entity" vid="55F87FDA-F455-7763-A293-C2311DEFA707">
<hideElementsInCurrentOnly>false</hideElementsInCurrentOnly>
<bounds x="792" y="641" width="170" height="86"/>
</OView>
<OView class="oracle.dbtools.crest.swingui.logical.TVEntity" oid="CE164B31-3890-E276-C799-1CEF97C42872" otype="Entity" vid="3FE712BE-EB1B-E0AB-0D00-9D8F8950771D">
<hideElementsInCurrentOnly>false</hideElementsInCurrentOnly>
<bounds x="459" y="617" width="219" height="122"/>
</OView>
<OView class="oracle.dbtools.crest.swingui.logical.TVEntity" oid="F21254C4-9F41-C590-0223-872D648C39E2" otype="Entity" vid="B4516DF7-01F0-5E54-1718-C84A8C558E0A">
<hideElementsInCurrentOnly>false</hideElementsInCurrentOnly>
<bounds x="1170" y="132" width="241" height="110"/>
</OView>
<OView class="oracle.dbtools.crest.swingui.logical.TVEntity" oid="F99DC57D-84CB-6369-9E9C-CC75C319CB71" otype="Entity" vid="BEE6A0BC-DF0D-58B9-0CC8-69499CAF4CE5">
<hideElementsInCurrentOnly>false</hideElementsInCurrentOnly>
<bounds x="156" y="364" width="199" height="110"/>
</OView>
</objectViews>
<connectors>
<Connector class="oracle.dbtools.crest.swingui.logical.TVRelation" oid="0FDB5120-38B2-C2A4-037F-CE6F65878658" otype="Relation" vid_source="C26AB4F9-D7CA-A627-AB00-810FD2F6689C" vid_target="8E289A35-3C6F-443C-93B5-41FD1EDF829A">
<hideElementsInCurrentOnly>false</hideElementsInCurrentOnly>
<backgroundColor>-16777216</backgroundColor>
<lineWidth>1</lineWidth>
<sourceLabel class="oracle.dbtools.crest.model.design.Label">
<site>0</site>
<labelBounds x="1026" y="410" width="31" height="30"/>
<noBackgroundColor>true</noBackgroundColor>
<noForegroundColor>true</noForegroundColor>
</sourceLabel>
<points>
<point x="1016" y="440"/>
<point x="1184" y="440"/>
</points>
</Connector>
<Connector class="oracle.dbtools.crest.swingui.logical.TVRelation" oid="25FF8AA9-A4A4-A934-10DF-BB1B57D5E8DD" otype="Relation" vid_source="B4516DF7-01F0-5E54-1718-C84A8C558E0A" vid_target="59B48596-F331-B87A-8194-7983FB0857E8">
<hideElementsInCurrentOnly>false</hideElementsInCurrentOnly>
<backgroundColor>-16777216</backgroundColor>
<lineWidth>1</lineWidth>
<sourceLabel class="oracle.dbtools.crest.model.design.Label">
<site>0</site>
<labelBounds x="1315" y="96" width="48" height="30"/>
<noBackgroundColor>true</noBackgroundColor>
<noForegroundColor>true</noForegroundColor>
</sourceLabel>
<points>
<point x="1315" y="132"/>
<point x="1315" y="69"/>
<point x="1181" y="69"/>
</points>
</Connector>
<Connector class="oracle.dbtools.crest.swingui.logical.TVRelation" oid="33C6EA44-24B2-D132-6384-374087CE8DBB" otype="Relation" vid_source="8E289A35-3C6F-443C-93B5-41FD1EDF829A" vid_target="DEB8D154-A3F7-1C3B-DD46-D2317E4786CE">
<hideElementsInCurrentOnly>false</hideElementsInCurrentOnly>
<backgroundColor>-16777216</backgroundColor>
<lineWidth>1</lineWidth>
<sourceLabel class="oracle.dbtools.crest.model.design.Label">
<site>0</site>
<labelBounds x="1420" y="411" width="32" height="30"/>
<noBackgroundColor>true</noBackgroundColor>
<noForegroundColor>true</noForegroundColor>
</sourceLabel>
<points>
<point x="1410" y="441"/>
<point x="1522" y="441"/>
</points>
</Connector>
<Connector class="oracle.dbtools.crest.swingui.logical.TVRelation" oid="4F468187-9EB6-B064-A247-E7F145AA315B" otype="Relation" vid_source="6D05A458-4462-5A88-5F14-A3A4D5997C97" vid_target="E0B70B0C-8CD5-476E-8E05-2AF458F680FD">
<hideElementsInCurrentOnly>false</hideElementsInCurrentOnly>
<backgroundColor>-16777216</backgroundColor>
<lineWidth>1</lineWidth>
<sourceLabel class="oracle.dbtools.crest.model.design.Label">
<site>0</site>
<labelBounds x="560" y="280" width="32" height="30"/>
<noBackgroundColor>true</noBackgroundColor>
<noForegroundColor>true</noForegroundColor>
</sourceLabel>
<points>
<point x="560" y="244"/>
<point x="560" y="359"/>
</points>
</Connector>
<Connector class="oracle.dbtools.crest.swingui.logical.TVRelation" oid="55342052-5B23-97ED-EC78-A1D62FE52D5C" otype="Relation" vid_source="1568D872-EA2D-CC46-798C-7F7DC0C6DEED" vid_target="59B48596-F331-B87A-8194-7983FB0857E8">
<hideElementsInCurrentOnly>false</hideElementsInCurrentOnly>
<backgroundColor>-16777216</backgroundColor>
<lineWidth>1</lineWidth>
<sourceLabel class="oracle.dbtools.crest.model.design.Label">
<site>0</site>
<labelBounds x="843" y="88" width="39" height="32"/>
<noBackgroundColor>true</noBackgroundColor>
<noForegroundColor>true</noForegroundColor>
</sourceLabel>
<points>
<point x="843" y="134"/>
<point x="843" y="49"/>
<point x="942" y="49"/>
</points>
</Connector>
<Connector class="oracle.dbtools.crest.swingui.logical.TVRelation" oid="55A75823-76A2-C8AF-4FD5-046B680BA755" otype="Relation" vid_source="3BD93ABA-D84C-1BAD-F632-D805C1C81644" vid_target="55F87FDA-F455-7763-A293-C2311DEFA707">
<hideElementsInCurrentOnly>false</hideElementsInCurrentOnly>
<backgroundColor>-16777216</backgroundColor>
<lineWidth>1</lineWidth>
<sourceLabel class="oracle.dbtools.crest.model.design.Label">
<site>0</site>
<labelBounds x="1009" y="653" width="58" height="31"/>
<noBackgroundColor>true</noBackgroundColor>
<noForegroundColor>true</noForegroundColor>
</sourceLabel>
<points>
<point x="1073" y="684"/>
<point x="962" y="684"/>
</points>
</Connector>
<Connector class="oracle.dbtools.crest.swingui.logical.TVRelation" oid="66722951-CC80-3C4B-2A62-25BF6DA21018" otype="Relation" vid_source="3FE712BE-EB1B-E0AB-0D00-9D8F8950771D" vid_target="55F87FDA-F455-7763-A293-C2311DEFA707">
<hideElementsInCurrentOnly>false</hideElementsInCurrentOnly>
<backgroundColor>-16777216</backgroundColor>
<lineWidth>1</lineWidth>
<sourceLabel class="oracle.dbtools.crest.model.design.Label">
<site>0</site>
<labelBounds x="688" y="654" width="54" height="30"/>
<noBackgroundColor>true</noBackgroundColor>
<noForegroundColor>true</noForegroundColor>
</sourceLabel>
<points>
<point x="678" y="684"/>
<point x="792" y="684"/>
</points>
</Connector>
<Connector class="oracle.dbtools.crest.swingui.logical.TVRelation" oid="69D1FEF3-6665-2233-5E2A-122A41AC4BD8" otype="Relation" vid_source="1568D872-EA2D-CC46-798C-7F7DC0C6DEED" vid_target="C26AB4F9-D7CA-A627-AB00-810FD2F6689C">
<hideElementsInCurrentOnly>false</hideElementsInCurrentOnly>
<backgroundColor>-16777216</backgroundColor>
<lineWidth>1</lineWidth>
<sourceLabel class="oracle.dbtools.crest.model.design.Label">
<site>0</site>
<labelBounds x="902" y="280" width="46" height="30"/>
<noBackgroundColor>true</noBackgroundColor>
<noForegroundColor>true</noForegroundColor>
</sourceLabel>
<points>
<point x="902" y="244"/>
<point x="902" y="352"/>
</points>
</Connector>
<Connector class="oracle.dbtools.crest.swingui.logical.TVRelation" oid="6D6E1C6C-D739-2D52-30B2-92EF4907F3D9" otype="Relation" vid_source="3BD93ABA-D84C-1BAD-F632-D805C1C81644" vid_target="8E289A35-3C6F-443C-93B5-41FD1EDF829A">
<hideElementsInCurrentOnly>false</hideElementsInCurrentOnly>
<backgroundColor>-16777216</backgroundColor>
<lineWidth>1</lineWidth>
<sourceLabel class="oracle.dbtools.crest.model.design.Label">
<site>0</site>
<labelBounds x="1214" y="568" width="48" height="30"/>
<noBackgroundColor>true</noBackgroundColor>
<noForegroundColor>true</noForegroundColor>
</sourceLabel>
<points>
<point x="1204" y="598"/>
<point x="1297" y="598"/>
<point x="1297" y="540"/>
</points>
</Connector>
<Connector class="oracle.dbtools.crest.swingui.logical.TVRelation" oid="9086C6DC-43BE-263A-5AD8-3D48FAFF9DCB" otype="Relation" vid_source="3FE712BE-EB1B-E0AB-0D00-9D8F8950771D" vid_target="C26AB4F9-D7CA-A627-AB00-810FD2F6689C">
<hideElementsInCurrentOnly>false</hideElementsInCurrentOnly>
<backgroundColor>-16777216</backgroundColor>
<lineWidth>1</lineWidth>
<sourceLabel class="oracle.dbtools.crest.model.design.Label">
<site>0</site>
<labelBounds x="688" y="598" width="59" height="30"/>
<noBackgroundColor>true</noBackgroundColor>
<noForegroundColor>true</noForegroundColor>
</sourceLabel>
<points>
<point x="678" y="628"/>
<point x="823" y="628"/>
<point x="823" y="494"/>
</points>
</Connector>
<Connector class="oracle.dbtools.crest.swingui.logical.TVRelation" oid="B2BACD83-8F78-D195-A744-AE8E746EF23C" otype="Relation" vid_source="E0B70B0C-8CD5-476E-8E05-2AF458F680FD" vid_target="C26AB4F9-D7CA-A627-AB00-810FD2F6689C">
<hideElementsInCurrentOnly>false</hideElementsInCurrentOnly>
<backgroundColor>-16777216</backgroundColor>
<lineWidth>1</lineWidth>
<sourceLabel class="oracle.dbtools.crest.model.design.Label">
<site>0</site>
<labelBounds x="700" y="395" width="32" height="30"/>
<noBackgroundColor>true</noBackgroundColor>
<noForegroundColor>true</noForegroundColor>
</sourceLabel>
<points>
<point x="690" y="425"/>
<point x="770" y="425"/>
</points>
</Connector>
<Connector class="oracle.dbtools.crest.swingui.logical.TVRelation" oid="C294C5BD-81C0-5880-EB35-5BB4363ACE24" otype="Relation" vid_source="BEE6A0BC-DF0D-58B9-0CC8-69499CAF4CE5" vid_target="E0B70B0C-8CD5-476E-8E05-2AF458F680FD">
<hideElementsInCurrentOnly>false</hideElementsInCurrentOnly>
<backgroundColor>-16777216</backgroundColor>
<lineWidth>1</lineWidth>
<sourceLabel class="oracle.dbtools.crest.model.design.Label">
<site>0</site>
<labelBounds x="365" y="389" width="69" height="30"/>
<noBackgroundColor>true</noBackgroundColor>
<noForegroundColor>true</noForegroundColor>
</sourceLabel>
<points>
<point x="355" y="419"/>
<point x="450" y="419"/>
</points>
</Connector>
<Connector class="oracle.dbtools.crest.swingui.logical.TVRelation" oid="C29ABAE0-BA5A-C0D7-D84E-E727E726901F" otype="Relation" vid_source="3FE712BE-EB1B-E0AB-0D00-9D8F8950771D" vid_target="8E289A35-3C6F-443C-93B5-41FD1EDF829A">
<hideElementsInCurrentOnly>false</hideElementsInCurrentOnly>
<backgroundColor>-16777216</backgroundColor>
<lineWidth>1</lineWidth>
<sourceLabel class="oracle.dbtools.crest.model.design.Label">
<site>0</site>
<labelBounds x="613" y="567" width="61" height="28"/>
<noBackgroundColor>true</noBackgroundColor>
<noForegroundColor>true</noForegroundColor>
</sourceLabel>
<points>
<point x="613" y="617"/>
<point x="613" y="523"/>
<point x="1184" y="523"/>
</points>
</Connector>
<Connector class="oracle.dbtools.crest.swingui.logical.TVRelation" oid="E7C65EF8-A588-8E91-7FC1-813346340537" otype="Relation" vid_source="3BD93ABA-D84C-1BAD-F632-D805C1C81644" vid_target="3BD93ABA-D84C-1BAD-F632-D805C1C81644">
<hideElementsInCurrentOnly>false</hideElementsInCurrentOnly>
<backgroundColor>-16777216</backgroundColor>
<lineWidth>1</lineWidth>
<sourceLabel class="oracle.dbtools.crest.model.design.Label">
<site>0</site>
<labelBounds x="1278" y="651" width="79" height="30"/>
<noBackgroundColor>true</noBackgroundColor>
<noForegroundColor>true</noForegroundColor>
</sourceLabel>
<points>
<point x="1204" y="666"/>
<point x="1278" y="666"/>
<point x="1278" y="756"/>
<point x="1183" y="756"/>
<point x="1183" y="730"/>
</points>
</Connector>
<Connector class="oracle.dbtools.crest.swingui.logical.TVRelation" oid="FD8C27F2-ABED-EE5A-23FC-A9FCA58B1203" otype="Relation" vid_source="B4516DF7-01F0-5E54-1718-C84A8C558E0A" vid_target="8E289A35-3C6F-443C-93B5-41FD1EDF829A">
<hideElementsInCurrentOnly>false</hideElementsInCurrentOnly>
<backgroundColor>-16777216</backgroundColor>
<lineWidth>1</lineWidth>
<sourceLabel class="oracle.dbtools.crest.model.design.Label">
<site>0</site>
<labelBounds x="1297" y="286" width="58" height="30"/>
<noBackgroundColor>true</noBackgroundColor>
<noForegroundColor>true</noForegroundColor>
</sourceLabel>
<points>
<point x="1297" y="242"/>
<point x="1297" y="386"/>
</points>
</Connector>
</connectors>
</Diagram>