<?xml version = '1.0' encoding = 'UTF-8'?>
<Diagram class="oracle.dbtools.crest.swingui.relational.DPVRelational" name="Relational_1" id="C0741223-0552-1B50-389A-66947C8649C7">
<createdBy>Jason</createdBy>
<modifiedBy>Jason</modifiedBy>
<createdTime>2020-10-11 11:02:25 UTC</createdTime>
<autoRoute>false</autoRoute>
<boxInbox>true</boxInbox>
<showLegend>false</showLegend>
<showLabels>false</showLabels>
<showRelAttributes>false</showRelAttributes>
<gridEnabled>false</gridEnabled>
<showGrid>false</showGrid>
<diagramColor>-1</diagramColor>
<display>false</display>
<notation>1</notation>
<objectViews>
<OView class="oracle.dbtools.crest.swingui.relational.TVTable" oid="06BF622D-3DA7-A3BF-71E1-9CF0975E9A8C" otype="Table" vid="B2AFEA1B-900D-DBEF-9282-98F7595E8831">
<hideElementsInCurrentOnly>false</hideElementsInCurrentOnly>
<bounds x="786" y="146" width="244" height="110"/>
</OView>
<OView class="oracle.dbtools.crest.swingui.relational.TVTable" oid="0A063A79-2E70-D346-77D5-685F17481546" otype="Table" vid="D2AA5516-1E98-A8AA-B9EC-78CEC2BF1F8C">
<hideElementsInCurrentOnly>false</hideElementsInCurrentOnly>
<bounds x="792" y="641" width="173" height="114"/>
</OView>
<OView class="oracle.dbtools.crest.swingui.relational.TVTable" oid="1D894A85-014D-8331-4E2C-9F331BAF8371" otype="Table" vid="73855ACB-E298-0E45-9961-F677BF310C0B">
<hideElementsInCurrentOnly>false</hideElementsInCurrentOnly>
<bounds x="1184" y="386" width="259" height="228"/>
</OView>
<OView class="oracle.dbtools.crest.swingui.relational.TVTable" oid="7BF82F54-5DB2-E029-E93B-BB1230D10797" otype="Table" vid="20E45091-432F-1D69-55F5-BC23DDEB1590">
<hideElementsInCurrentOnly>false</hideElementsInCurrentOnly>
<bounds x="450" y="359" width="240" height="172"/>
</OView>
<OView class="oracle.dbtools.crest.swingui.relational.TVTable" oid="87E3E4C5-8312-663D-0BF3-47FA96BD9563" otype="Table" vid="E3C85AC2-6E59-58A9-0BC8-5B602824931E">
<hideElementsInCurrentOnly>false</hideElementsInCurrentOnly>
<bounds x="1107" y="667" width="224" height="185"/>
</OView>
<OView class="oracle.dbtools.crest.swingui.relational.TVTable" oid="91377C06-76C8-0BB1-E56B-8EA3986E4F73" otype="Table" vid="82B94D39-A73D-A8F8-BD9C-3C83055CFC1F">
<hideElementsInCurrentOnly>false</hideElementsInCurrentOnly>
<bounds x="156" y="364" width="225" height="110"/>
</OView>
<OView class="oracle.dbtools.crest.swingui.relational.TVTable" oid="A1418CD0-6C6E-99FE-CFF2-6E01181C83A9" otype="Table" vid="06EC865E-BB9C-3D78-EFCE-CA0B9AE678D0">
<hideElementsInCurrentOnly>false</hideElementsInCurrentOnly>
<bounds x="462" y="630" width="219" height="122"/>
</OView>
<OView class="oracle.dbtools.crest.swingui.relational.TVTable" oid="BD2FABDF-726A-0CAF-15C3-5978644D07F9" otype="Table" vid="62F4C721-303B-ABF7-8470-FE2B0643E18B">
<hideElementsInCurrentOnly>false</hideElementsInCurrentOnly>
<bounds x="1170" y="146" width="241" height="110"/>
</OView>
<OView class="oracle.dbtools.crest.swingui.relational.TVTable" oid="CC1D6416-E2D0-AA3F-6B15-70F7701719F9" otype="Table" vid="8BAFC9A8-E71F-DF7D-89B0-A494A64EE5A4">
<hideElementsInCurrentOnly>false</hideElementsInCurrentOnly>
<bounds x="453" y="134" width="219" height="110"/>
</OView>
<OView class="oracle.dbtools.crest.swingui.relational.TVTable" oid="DB3EB396-C9D6-8E22-04C8-D961A839D088" otype="Table" vid="8A5D860A-2639-FE56-793F-7696D90501A1">
<hideElementsInCurrentOnly>false</hideElementsInCurrentOnly>
<bounds x="942" y="13" width="287" height="130"/>
</OView>
<OView class="oracle.dbtools.crest.swingui.relational.TVTable" oid="E563C6B9-2DAC-9EF9-99CA-8B6B1803E758" otype="Table" vid="D3EEF79C-86B0-618D-9977-E2FBA0ACC659">
<hideElementsInCurrentOnly>false</hideElementsInCurrentOnly>
<bounds x="1526" y="373" width="209" height="119"/>
</OView>
<OView class="oracle.dbtools.crest.swingui.relational.TVTable" oid="EE848BC8-9174-2640-968D-4667C45FD786" otype="Table" vid="80D5AF3A-E05A-452A-6F18-37F93C889DFC">
<hideElementsInCurrentOnly>false</hideElementsInCurrentOnly>
<bounds x="770" y="352" width="246" height="142"/>
</OView>
</objectViews>
<connectors>
<Connector class="oracle.dbtools.crest.swingui.relational.TVFKRelation" oid="076F12D5-5D2D-625C-4FF2-ED6EA4ED00EB" otype="FKIndexAssociation" vid_source="B2AFEA1B-900D-DBEF-9282-98F7595E8831" vid_target="80D5AF3A-E05A-452A-6F18-37F93C889DFC">
<hideElementsInCurrentOnly>false</hideElementsInCurrentOnly>
<backgroundColor>-16777216</backgroundColor>
<lineWidth>1</lineWidth>
<points>
<point x="916" y="256"/>
<point x="916" y="352"/>
</points>
</Connector>
<Connector class="oracle.dbtools.crest.swingui.relational.TVFKRelation" oid="1E40D5D9-DEB6-271C-D067-2523C392A1A1" otype="FKIndexAssociation" vid_source="8BAFC9A8-E71F-DF7D-89B0-A494A64EE5A4" vid_target="20E45091-432F-1D69-55F5-BC23DDEB1590">
<hideElementsInCurrentOnly>false</hideElementsInCurrentOnly>
<backgroundColor>-16777216</backgroundColor>
<lineWidth>1</lineWidth>
<points>
<point x="577" y="244"/>
<point x="577" y="359"/>
</points>
</Connector>
<Connector class="oracle.dbtools.crest.swingui.relational.TVFKRelation" oid="1ED8F304-BF6A-091B-A0F1-6B1E9C03C0E4" otype="FKIndexAssociation" vid_source="62F4C721-303B-ABF7-8470-FE2B0643E18B" vid_target="8A5D860A-2639-FE56-793F-7696D90501A1">
<hideElementsInCurrentOnly>false</hideElementsInCurrentOnly>
<backgroundColor>-16777216</backgroundColor>
<lineWidth>1</lineWidth>
<points>
<point x="1315" y="146"/>
<point x="1315" y="69"/>
<point x="1229" y="69"/>
</points>
</Connector>
<Connector class="oracle.dbtools.crest.swingui.relational.TVFKRelation" oid="48B5A636-B2CB-AA4A-F6CD-11552D68197E" otype="FKIndexAssociation" vid_source="06EC865E-BB9C-3D78-EFCE-CA0B9AE678D0" vid_target="80D5AF3A-E05A-452A-6F18-37F93C889DFC">
<hideElementsInCurrentOnly>false</hideElementsInCurrentOnly>
<backgroundColor>-16777216</backgroundColor>
<lineWidth>1</lineWidth>
<points>
<point x="681" y="630"/>
<point x="823" y="628"/>
<point x="823" y="494"/>
</points>
</Connector>
<Connector class="oracle.dbtools.crest.swingui.relational.TVFKRelation" oid="7796F763-4CCD-ED8D-4653-3A6AA2D73AF1" otype="FKIndexAssociation" vid_source="62F4C721-303B-ABF7-8470-FE2B0643E18B" vid_target="73855ACB-E298-0E45-9961-F677BF310C0B">
<hideElementsInCurrentOnly>false</hideElementsInCurrentOnly>
<backgroundColor>-16777216</backgroundColor>
<lineWidth>1</lineWidth>
<points>
<point x="1312" y="256"/>
<point x="1312" y="386"/>
</points>
</Connector>
<Connector class="oracle.dbtools.crest.swingui.relational.TVFKRelation" oid="8048EAB5-6B20-6827-051A-4E5B6266CE22" otype="FKIndexAssociation" vid_source="E3C85AC2-6E59-58A9-0BC8-5B602824931E" vid_target="E3C85AC2-6E59-58A9-0BC8-5B602824931E">
<hideElementsInCurrentOnly>false</hideElementsInCurrentOnly>
<backgroundColor>-16777216</backgroundColor>
<lineWidth>1</lineWidth>
<points>
<point x="1315" y="803"/>
<point x="1315" y="797"/>
<point x="1405" y="821"/>
<point x="1384" y="886"/>
<point x="1220" y="887"/>
<point x="1220" y="852"/>
</points>
</Connector>
<Connector class="oracle.dbtools.crest.swingui.relational.TVFKRelation" oid="8D38DC4F-4F7B-743E-5665-C76AEA2E00AB" otype="FKIndexAssociation" vid_source="E3C85AC2-6E59-58A9-0BC8-5B602824931E" vid_target="D2AA5516-1E98-A8AA-B9EC-78CEC2BF1F8C">
<hideElementsInCurrentOnly>false</hideElementsInCurrentOnly>
<backgroundColor>-16777216</backgroundColor>
<lineWidth>1</lineWidth>
<points>
<point x="1107" y="711"/>
<point x="965" y="711"/>
</points>
</Connector>
<Connector class="oracle.dbtools.crest.swingui.relational.TVFKRelation" oid="9A84ACD6-E7AC-E647-8450-6FD80105EBD5" otype="FKIndexAssociation" vid_source="B2AFEA1B-900D-DBEF-9282-98F7595E8831" vid_target="8A5D860A-2639-FE56-793F-7696D90501A1">
<hideElementsInCurrentOnly>false</hideElementsInCurrentOnly>
<backgroundColor>-16777216</backgroundColor>
<lineWidth>1</lineWidth>
<points>
<point x="843" y="146"/>
<point x="843" y="49"/>
<point x="942" y="49"/>
</points>
</Connector>
<Connector class="oracle.dbtools.crest.swingui.relational.TVFKRelation" oid="ADAABDCD-8C71-3BFD-A347-F3EE6BF1B7A3" otype="FKIndexAssociation" vid_source="E3C85AC2-6E59-58A9-0BC8-5B602824931E" vid_target="73855ACB-E298-0E45-9961-F677BF310C0B">
<hideElementsInCurrentOnly>false</hideElementsInCurrentOnly>
<backgroundColor>-16777216</backgroundColor>
<lineWidth>1</lineWidth>
<points>
<point x="1297" y="667"/>
<point x="1297" y="598"/>
<point x="1297" y="614"/>
</points>
</Connector>
<Connector class="oracle.dbtools.crest.swingui.relational.TVFKRelation" oid="B29C2BE0-1CDB-28F6-F71D-6FF75CD3D5FB" otype="FKIndexAssociation" vid_source="20E45091-432F-1D69-55F5-BC23DDEB1590" vid_target="80D5AF3A-E05A-452A-6F18-37F93C889DFC">
<hideElementsInCurrentOnly>false</hideElementsInCurrentOnly>
<backgroundColor>-16777216</backgroundColor>
<lineWidth>1</lineWidth>
<points>
<point x="690" y="441"/>
<point x="770" y="441"/>
</points>
</Connector>
<Connector class="oracle.dbtools.crest.swingui.relational.TVFKRelation" oid="C51E7B2C-9C12-0F99-E7C8-8FBA52D9FCA4" otype="FKIndexAssociation" vid_source="73855ACB-E298-0E45-9961-F677BF310C0B" vid_target="D3EEF79C-86B0-618D-9977-E2FBA0ACC659">
<hideElementsInCurrentOnly>false</hideElementsInCurrentOnly>
<backgroundColor>-16777216</backgroundColor>
<lineWidth>1</lineWidth>
<points>
<point x="1443" y="454"/>
<point x="1526" y="454"/>
</points>
</Connector>
<Connector class="oracle.dbtools.crest.swingui.relational.TVFKRelation" oid="C8481359-C8BB-892B-C1EC-37749DD7FCD8" otype="FKIndexAssociation" vid_source="80D5AF3A-E05A-452A-6F18-37F93C889DFC" vid_target="73855ACB-E298-0E45-9961-F677BF310C0B">
<hideElementsInCurrentOnly>false</hideElementsInCurrentOnly>
<backgroundColor>-16777216</backgroundColor>
<lineWidth>1</lineWidth>
<points>
<point x="1016" y="455"/>
<point x="1184" y="455"/>
</points>
</Connector>
<Connector class="oracle.dbtools.crest.swingui.relational.TVFKRelation" oid="DB9E9CB1-66B2-44CB-96DA-5438497ADAD0" otype="FKIndexAssociation" vid_source="06EC865E-BB9C-3D78-EFCE-CA0B9AE678D0" vid_target="D2AA5516-1E98-A8AA-B9EC-78CEC2BF1F8C">
<hideElementsInCurrentOnly>false</hideElementsInCurrentOnly>
<backgroundColor>-16777216</backgroundColor>
<lineWidth>1</lineWidth>
<points>
<point x="681" y="696"/>
<point x="792" y="696"/>
</points>
</Connector>
<Connector class="oracle.dbtools.crest.swingui.relational.TVFKRelation" oid="EFD22551-0E02-84E8-5C35-3DA250515001" otype="FKIndexAssociation" vid_source="82B94D39-A73D-A8F8-BD9C-3C83055CFC1F" vid_target="20E45091-432F-1D69-55F5-BC23DDEB1590">
<hideElementsInCurrentOnly>false</hideElementsInCurrentOnly>
<backgroundColor>-16777216</backgroundColor>
<lineWidth>1</lineWidth>
<points>
<point x="381" y="434"/>
<point x="450" y="434"/>
</points>
</Connector>
<Connector class="oracle.dbtools.crest.swingui.relational.TVFKRelation" oid="FB7B8F57-A0A8-EBCB-A122-127479E64E18" otype="FKIndexAssociation" vid_source="06EC865E-BB9C-3D78-EFCE-CA0B9AE678D0" vid_target="73855ACB-E298-0E45-9961-F677BF310C0B">
<hideElementsInCurrentOnly>false</hideElementsInCurrentOnly>
<backgroundColor>-16777216</backgroundColor>
<lineWidth>1</lineWidth>
<points>
<point x="613" y="630"/>
<point x="613" y="541"/>
<point x="1184" y="541"/>
</points>
</Connector>
</connectors>
</Diagram>
