<?xml version = '1.0' encoding = 'UTF-8'?>
<Entity class="oracle.dbtools.crest.model.design.logical.Entity" directorySegmentName="seg_0" id="3010FCA9-8D4C-604E-C789-BF5945EFD43C" name="damage">
<createdBy>Jason</createdBy>
<createdTime>2020-10-03 02:53:08 UTC</createdTime>
<ownerDesignName>fdas_logical</ownerDesignName>
<engineerTo>
<item key="69E460BE-08CB-F48A-203C-0711232FDA0D" value="true"/>
</engineerTo>
<adequatelyNormalized>NO</adequatelyNormalized>
<expectedVolumes>0</expectedVolumes>
<fwdEngineeringStrategyName>Single Table</fwdEngineeringStrategyName>
<growthPercent>0</growthPercent>
<growthType>Year</growthType>
<maxVolumes>9999999</maxVolumes>
<minVolumes>0</minVolumes>
<normalForm>Third</normalForm>
<attributes itemClass="oracle.dbtools.crest.model.design.logical.Attribute">
<Attribute name="damage_id" id="F0F514F9-27BE-3186-856C-231B546C0084">
<createdBy>Jason</createdBy>
<createdTime>2020-10-04 03:02:36 UTC</createdTime>
<commentInRDBMS><![CDATA[surrogate key of Damage which identifies attributes of damage
The key ranges from 00000001 to 99999999]]></commentInRDBMS>
<ownerDesignName>fdas_logical</ownerDesignName>
<engineerTo>
<item key="69E460BE-08CB-F48A-203C-0711232FDA0D" value="true"/>
</engineerTo>
<useDomainConstraints>false</useDomainConstraints>
<use>1</use>
<logicalDatatype>LOGDT019</logicalDatatype>
<dataTypePrecision>8</dataTypePrecision>
<ownDataTypeParameters>,8,</ownDataTypeParameters>
</Attribute>
<Attribute name="property_id" id="3A7C57B0-E64B-5F25-0D43-BE7AA0F68F57">
<createdBy>Jason</createdBy>
<createdTime>2020-10-03 02:58:49 UTC</createdTime>
<commentInRDBMS><![CDATA[This is property id  which identifies attributes of property]]></commentInRDBMS>
<generatorID>0FDB5120-38B2-C2A4-037F-CE6F65878658</generatorID>
<ownerDesignName>fdas_logical</ownerDesignName>
<engineerTo>
<item key="69E460BE-08CB-F48A-203C-0711232FDA0D" value="true"/>
</engineerTo>
<referedAttribute>5E2DDA4C-4450-CE4C-9DD3-8F059AC39CFF</referedAttribute>
<useDomainConstraints>false</useDomainConstraints>
<use>1</use>
<logicalDatatype>LOGDT019</logicalDatatype>
<dataTypePrecision>7</dataTypePrecision>
<ownDataTypeParameters>,,</ownDataTypeParameters>
</Attribute>
<Attribute name="building_id" id="262D3729-0F90-F842-E37B-4A08404B3D34">
<createdBy>Jason</createdBy>
<createdTime>2020-10-03 02:58:49 UTC</createdTime>
<commentInRDBMS><![CDATA[This is building id]]></commentInRDBMS>
<generatorID>0FDB5120-38B2-C2A4-037F-CE6F65878658</generatorID>
<ownerDesignName>fdas_logical</ownerDesignName>
<engineerTo>
<item key="69E460BE-08CB-F48A-203C-0711232FDA0D" value="true"/>
</engineerTo>
<referedAttribute>DF6BEB2C-E793-3F58-B583-1A4B98978D9E</referedAttribute>
<useDomainConstraints>false</useDomainConstraints>
<use>1</use>
<logicalDatatype>LOGDT019</logicalDatatype>
<dataTypePrecision>2</dataTypePrecision>
<ownDataTypeParameters>,,</ownDataTypeParameters>
</Attribute>
<Attribute name="fire_id" id="243D89F0-4B85-A9C1-661F-53E5E338D628">
<createdBy>Jason</createdBy>
<createdTime>2020-10-03 03:05:58 UTC</createdTime>
<commentInRDBMS><![CDATA[This is the fire event id which identifies attributes of fire_event]]></commentInRDBMS>
<generatorID>6D6E1C6C-D739-2D52-30B2-92EF4907F3D9</generatorID>
<ownerDesignName>fdas_logical</ownerDesignName>
<engineerTo>
<item key="69E460BE-08CB-F48A-203C-0711232FDA0D" value="true"/>
</engineerTo>
<referedAttribute>F318A0CE-C397-01F2-136A-1799011FE879</referedAttribute>
<useDomainConstraints>false</useDomainConstraints>
<use>1</use>
<logicalDatatype>LOGDT024</logicalDatatype>
<dataTypeSize>9</dataTypeSize>
<ownDataTypeParameters>,,</ownDataTypeParameters>
</Attribute>
<Attribute name="assessor_id" id="0D858EA8-CA7B-0D2E-B865-C38F59E9E505">
<createdBy>Jason</createdBy>
<createdTime>2020-10-04 01:39:44 UTC</createdTime>
<commentInRDBMS><![CDATA[This is assessor id which identifies attributes of assessor
for example 
assessor id ranges from 0001 to  9999
]]></commentInRDBMS>
<generatorID>FD8C27F2-ABED-EE5A-23FC-A9FCA58B1203</generatorID>
<ownerDesignName>fdas_logical</ownerDesignName>
<engineerTo>
<item key="69E460BE-08CB-F48A-203C-0711232FDA0D" value="true"/>
</engineerTo>
<referedAttribute>C3F6F295-CF18-4332-03CD-C20CC0C7F08D</referedAttribute>
<useDomainConstraints>false</useDomainConstraints>
<use>1</use>
<logicalDatatype>LOGDT019</logicalDatatype>
<dataTypePrecision>4</dataTypePrecision>
<ownDataTypeParameters>,,</ownDataTypeParameters>
</Attribute>
<Attribute name="LGA_code" id="A21DD56A-2620-383F-A5FB-81D730260AF2">
<createdBy>Jason</createdBy>
<createdTime>2020-10-03 03:23:53 UTC</createdTime>
<commentInRDBMS><![CDATA[This is the LGA code which identifies attributes of LGA
example : 00000028 is one of the LGA code]]></commentInRDBMS>
<generatorID>C29ABAE0-BA5A-C0D7-D84E-E727E726901F</generatorID>
<ownerDesignName>fdas_logical</ownerDesignName>
<engineerTo>
<item key="69E460BE-08CB-F48A-203C-0711232FDA0D" value="true"/>
</engineerTo>
<referedAttribute>9996C68E-DD62-C837-9E29-4CCEACE26D92</referedAttribute>
<useDomainConstraints>false</useDomainConstraints>
<use>1</use>
<logicalDatatype>LOGDT019</logicalDatatype>
<dataTypePrecision>8</dataTypePrecision>
<ownDataTypeParameters>,,</ownDataTypeParameters>
</Attribute>
<Attribute name="damage_total_destroy" id="C1B24C0F-EDDF-3525-F281-8386BAF7EA35">
<createdBy>Jason</createdBy>
<createdTime>2020-10-03 02:53:13 UTC</createdTime>
<commentInRDBMS><![CDATA[This is the total  damage cost]]></commentInRDBMS>
<ownerDesignName>fdas_logical</ownerDesignName>
<engineerTo>
<item key="69E460BE-08CB-F48A-203C-0711232FDA0D" value="true"/>
</engineerTo>
<nullsAllowed>true</nullsAllowed>
<useDomainConstraints>false</useDomainConstraints>
<use>1</use>
<logicalDatatype>LOGDT025</logicalDatatype>
<dataTypeSize>1</dataTypeSize>
<listOfValues>
<valueDef value="N" description="No"/>
<valueDef value="Y" description="Yes"/>
</listOfValues>
<ownDataTypeParameters>1,,</ownDataTypeParameters>
</Attribute>
<Attribute name="damage_cost" id="C03F79F3-BF82-51D1-03E4-EF5DD0BC5CD7">
<createdBy>Jason</createdBy>
<createdTime>2020-10-03 02:53:13 UTC</createdTime>
<commentInRDBMS><![CDATA[This is the damage cost]]></commentInRDBMS>
<ownerDesignName>fdas_logical</ownerDesignName>
<engineerTo>
<item key="69E460BE-08CB-F48A-203C-0711232FDA0D" value="true"/>
</engineerTo>
<nullsAllowed>true</nullsAllowed>
<useDomainConstraints>false</useDomainConstraints>
<use>1</use>
<logicalDatatype>LOGDT019</logicalDatatype>
<dataTypePrecision>16</dataTypePrecision>
<dataTypeScale>3</dataTypeScale>
<ownDataTypeParameters>,16,3</ownDataTypeParameters>
</Attribute>
</attributes>
<identifiers itemClass="oracle.dbtools.crest.model.design.logical.CandidateKey">
<identifier id="3D74C17E-F8E7-D664-48E7-6E41BFD6DB3B" name="damage PK">
<createdBy>Jason</createdBy>
<createdTime>2020-10-03 02:58:49 UTC</createdTime>
<ownerDesignName>fdas_logical</ownerDesignName>
<engineerTo>
<item key="69E460BE-08CB-F48A-203C-0711232FDA0D" value="true"/>
</engineerTo>
<pk>true</pk>
<usedAttributes>
<attributeRef>F0F514F9-27BE-3186-856C-231B546C0084</attributeRef>
</usedAttributes>
</identifier>
<identifier id="7A1A1EBC-13B7-6919-6506-B252BDB5E13A" name="damage_nk">
<createdBy>Jason</createdBy>
<createdTime>2020-10-04 03:10:23 UTC</createdTime>
<ownerDesignName>fdas_logical</ownerDesignName>
<engineerTo>
<item key="69E460BE-08CB-F48A-203C-0711232FDA0D" value="true"/>
</engineerTo>
<newElementsIDs>0FDB5120-38B2-C2A4-037F-CE6F65878658,6D6E1C6C-D739-2D52-30B2-92EF4907F3D9</newElementsIDs>
<usedAttributes>
<attributeRef>3A7C57B0-E64B-5F25-0D43-BE7AA0F68F57</attributeRef>
<attributeRef>262D3729-0F90-F842-E37B-4A08404B3D34</attributeRef>
<attributeRef>243D89F0-4B85-A9C1-661F-53E5E338D628</attributeRef>
</usedAttributes>
</identifier>
</identifiers>
</Entity>