<?xml version = '1.0' encoding = 'UTF-8'?>
<Entity class="oracle.dbtools.crest.model.design.logical.Entity" directorySegmentName="seg_0" id="47FB3833-F147-0E3D-4BAF-A6214DA79243" name="assessor_insurer">
<createdBy>Jason</createdBy>
<createdTime>2020-10-04 02:21:16 UTC</createdTime>
<ownerDesignName>fdas_logical</ownerDesignName>
<engineerTo>
<item key="69E460BE-08CB-F48A-203C-0711232FDA0D" value="true"/>
</engineerTo>
<adequatelyNormalized>NO</adequatelyNormalized>
<expectedVolumes>0</expectedVolumes>
<fwdEngineeringStrategyName>Single Table</fwdEngineeringStrategyName>
<growthPercent>0</growthPercent>
<growthType>Year</growthType>
<maxVolumes>9999999</maxVolumes>
<minVolumes>0</minVolumes>
<normalForm>Third</normalForm>
<attributes itemClass="oracle.dbtools.crest.model.design.logical.Attribute">
<Attribute name="assessor_employment_start" id="724DD058-AD8B-841D-0DF1-4E48BD3DD936">
<createdBy>Jason</createdBy>
<createdTime>2020-10-04 02:21:35 UTC</createdTime>
<commentInRDBMS><![CDATA[This is the date the assessor started working for the insurer]]></commentInRDBMS>
<ownerDesignName>fdas_logical</ownerDesignName>
<engineerTo>
<item key="69E460BE-08CB-F48A-203C-0711232FDA0D" value="true"/>
</engineerTo>
<nullsAllowed>true</nullsAllowed>
<useDomainConstraints>false</useDomainConstraints>
<use>1</use>
<logicalDatatype>LOGDT007</logicalDatatype>
<ownDataTypeParameters>,,</ownDataTypeParameters>
</Attribute>
<Attribute name="assessor_employment_resign" id="FB5247E3-3C62-DCB1-5FDE-0C6D97BE812F">
<createdBy>Jason</createdBy>
<createdTime>2020-10-04 02:21:35 UTC</createdTime>
<commentInRDBMS><![CDATA[This is the date the assessor quitting to work for the insurer]]></commentInRDBMS>
<ownerDesignName>fdas_logical</ownerDesignName>
<engineerTo>
<item key="69E460BE-08CB-F48A-203C-0711232FDA0D" value="true"/>
</engineerTo>
<nullsAllowed>true</nullsAllowed>
<useDomainConstraints>false</useDomainConstraints>
<use>1</use>
<logicalDatatype>LOGDT007</logicalDatatype>
<ownDataTypeParameters>,,</ownDataTypeParameters>
</Attribute>
<Attribute name="assessor_id" id="94C9D3B2-402C-29E5-5925-309625E3768F">
<createdBy>Jason</createdBy>
<createdTime>2020-10-04 02:24:21 UTC</createdTime>
<commentInRDBMS><![CDATA[This is assessor id which identifies attributes of assessor
for example 
assessor id ranges from 0001 to  9999
]]></commentInRDBMS>
<generatorID>25FF8AA9-A4A4-A934-10DF-BB1B57D5E8DD</generatorID>
<ownerDesignName>fdas_logical</ownerDesignName>
<engineerTo>
<item key="69E460BE-08CB-F48A-203C-0711232FDA0D" value="true"/>
</engineerTo>
<referedAttribute>C3F6F295-CF18-4332-03CD-C20CC0C7F08D</referedAttribute>
<useDomainConstraints>false</useDomainConstraints>
<use>1</use>
<logicalDatatype>LOGDT019</logicalDatatype>
<dataTypePrecision>4</dataTypePrecision>
<ownDataTypeParameters>,,</ownDataTypeParameters>
</Attribute>
<Attribute name="insurer_id" id="2AA3A4B8-628B-717B-BC02-A8246895B8E8">
<createdBy>Jason</createdBy>
<createdTime>2020-10-04 02:25:29 UTC</createdTime>
<commentInRDBMS><![CDATA[This is the insurer id which identifies attributes of insurer
]]></commentInRDBMS>
<generatorID>55342052-5B23-97ED-EC78-A1D62FE52D5C</generatorID>
<ownerDesignName>fdas_logical</ownerDesignName>
<engineerTo>
<item key="69E460BE-08CB-F48A-203C-0711232FDA0D" value="true"/>
</engineerTo>
<referedAttribute>FB26AB5F-E7D3-1237-83AB-9D347105B317</referedAttribute>
<useDomainConstraints>false</useDomainConstraints>
<use>1</use>
<logicalDatatype>LOGDT019</logicalDatatype>
<dataTypePrecision>10000</dataTypePrecision>
<ownDataTypeParameters>,10000,</ownDataTypeParameters>
</Attribute>
</attributes>
<identifiers itemClass="oracle.dbtools.crest.model.design.logical.CandidateKey">
<identifier id="4265D0E4-72DF-0AFA-65F9-00E53B95DAB2" name="assessor_insurer PK">
<createdBy>Jason</createdBy>
<createdTime>2020-10-04 02:24:21 UTC</createdTime>
<ownerDesignName>fdas_logical</ownerDesignName>
<engineerTo>
<item key="69E460BE-08CB-F48A-203C-0711232FDA0D" value="true"/>
</engineerTo>
<pk>true</pk>
<usedAttributes>
<attributeRef>94C9D3B2-402C-29E5-5925-309625E3768F</attributeRef>
<attributeRef>2AA3A4B8-628B-717B-BC02-A8246895B8E8</attributeRef>
</usedAttributes>
</identifier>
</identifiers>
</Entity>