<?xml version = '1.0' encoding = 'UTF-8'?>
<Entity class="oracle.dbtools.crest.model.design.logical.Entity" directorySegmentName="seg_0" id="C7152BB5-E8E2-3505-FDA4-41A819754A05" name="fire_lga">
<createdBy>Jason</createdBy>
<createdTime>2020-10-03 03:13:09 UTC</createdTime>
<ownerDesignName>fdas_logical</ownerDesignName>
<engineerTo>
<item key="69E460BE-08CB-F48A-203C-0711232FDA0D" value="true"/>
</engineerTo>
<adequatelyNormalized>NO</adequatelyNormalized>
<expectedVolumes>0</expectedVolumes>
<fwdEngineeringStrategyName>Single Table</fwdEngineeringStrategyName>
<growthPercent>0</growthPercent>
<growthType>Year</growthType>
<maxVolumes>9999999</maxVolumes>
<minVolumes>0</minVolumes>
<normalForm>Third</normalForm>
<attributes itemClass="oracle.dbtools.crest.model.design.logical.Attribute">
<Attribute name="fire_id" id="50DF6026-C204-C160-736E-B3269982C6F7">
<createdBy>Jason</createdBy>
<createdTime>2020-10-03 03:13:48 UTC</createdTime>
<commentInRDBMS><![CDATA[This is the fire event id which identifies attributes of fire_event]]></commentInRDBMS>
<generatorID>55A75823-76A2-C8AF-4FD5-046B680BA755</generatorID>
<ownerDesignName>fdas_logical</ownerDesignName>
<engineerTo>
<item key="69E460BE-08CB-F48A-203C-0711232FDA0D" value="true"/>
</engineerTo>
<referedAttribute>F318A0CE-C397-01F2-136A-1799011FE879</referedAttribute>
<useDomainConstraints>false</useDomainConstraints>
<use>1</use>
<logicalDatatype>LOGDT024</logicalDatatype>
<dataTypeSize>9</dataTypeSize>
<ownDataTypeParameters>,,</ownDataTypeParameters>
</Attribute>
<Attribute name="LGA_code" id="3418BA29-8CAC-AFF8-1C0A-D855D32605E6">
<createdBy>Jason</createdBy>
<createdTime>2020-10-03 03:14:52 UTC</createdTime>
<commentInRDBMS><![CDATA[This is the LGA code which identifies attributes of LGA
example : 00000028 is one of the LGA code]]></commentInRDBMS>
<generatorID>66722951-CC80-3C4B-2A62-25BF6DA21018</generatorID>
<ownerDesignName>fdas_logical</ownerDesignName>
<engineerTo>
<item key="69E460BE-08CB-F48A-203C-0711232FDA0D" value="true"/>
</engineerTo>
<referedAttribute>9996C68E-DD62-C837-9E29-4CCEACE26D92</referedAttribute>
<useDomainConstraints>false</useDomainConstraints>
<use>1</use>
<logicalDatatype>LOGDT019</logicalDatatype>
<dataTypePrecision>8</dataTypePrecision>
<ownDataTypeParameters>,,</ownDataTypeParameters>
</Attribute>
</attributes>
<identifiers itemClass="oracle.dbtools.crest.model.design.logical.CandidateKey">
<identifier id="2C3DC463-313F-A8E5-CFBD-527F5BAF983D" name="fire_lga PK">
<createdBy>Jason</createdBy>
<createdTime>2020-10-03 03:13:48 UTC</createdTime>
<ownerDesignName>fdas_logical</ownerDesignName>
<engineerTo>
<item key="69E460BE-08CB-F48A-203C-0711232FDA0D" value="true"/>
</engineerTo>
<pk>true</pk>
<usedAttributes>
<attributeRef>50DF6026-C204-C160-736E-B3269982C6F7</attributeRef>
<attributeRef>3418BA29-8CAC-AFF8-1C0A-D855D32605E6</attributeRef>
</usedAttributes>
</identifier>
</identifiers>
</Entity>