<?xml version = '1.0' encoding = 'UTF-8'?>
<Entity class="oracle.dbtools.crest.model.design.logical.Entity" directorySegmentName="seg_0" id="CE164B31-3890-E276-C799-1CEF97C42872" name="LGA">
<createdBy>Jason</createdBy>
<createdTime>2020-10-02 13:25:42 UTC</createdTime>
<ownerDesignName>fdas_logical</ownerDesignName>
<engineerTo>
<item key="69E460BE-08CB-F48A-203C-0711232FDA0D" value="true"/>
</engineerTo>
<adequatelyNormalized>NO</adequatelyNormalized>
<expectedVolumes>0</expectedVolumes>
<fwdEngineeringStrategyName>Single Table</fwdEngineeringStrategyName>
<growthPercent>0</growthPercent>
<growthType>Year</growthType>
<maxVolumes>9999999</maxVolumes>
<minVolumes>0</minVolumes>
<normalForm>Third</normalForm>
<attributes itemClass="oracle.dbtools.crest.model.design.logical.Attribute">
<Attribute name="LGA_code" id="9996C68E-DD62-C837-9E29-4CCEACE26D92">
<createdBy>Jason</createdBy>
<createdTime>2020-10-02 13:25:47 UTC</createdTime>
<commentInRDBMS><![CDATA[This is the LGA code which identifies attributes of LGA
example : 00000028 is one of the LGA code]]></commentInRDBMS>
<ownerDesignName>fdas_logical</ownerDesignName>
<engineerTo>
<item key="69E460BE-08CB-F48A-203C-0711232FDA0D" value="true"/>
</engineerTo>
<useDomainConstraints>false</useDomainConstraints>
<use>1</use>
<logicalDatatype>LOGDT019</logicalDatatype>
<dataTypePrecision>8</dataTypePrecision>
<ownDataTypeParameters>,8,</ownDataTypeParameters>
</Attribute>
<Attribute name="LGA_name" id="9C34D53A-F744-A61A-EA7B-6671989BC52D">
<createdBy>Jason</createdBy>
<createdTime>2020-10-02 13:26:29 UTC</createdTime>
<commentInRDBMS><![CDATA[This is the LGA name ]]></commentInRDBMS>
<ownerDesignName>fdas_logical</ownerDesignName>
<engineerTo>
<item key="69E460BE-08CB-F48A-203C-0711232FDA0D" value="true"/>
</engineerTo>
<useDomainConstraints>false</useDomainConstraints>
<use>1</use>
<logicalDatatype>LOGDT024</logicalDatatype>
<dataTypeSize>128</dataTypeSize>
<ownDataTypeParameters>128,,</ownDataTypeParameters>
</Attribute>
<Attribute name="LGA_size" id="753089DF-4500-DDA3-4979-05E7C6D09EA0">
<createdBy>Jason</createdBy>
<createdTime>2020-10-02 13:26:31 UTC</createdTime>
<commentInRDBMS><![CDATA[This is the LGA size]]></commentInRDBMS>
<ownerDesignName>fdas_logical</ownerDesignName>
<engineerTo>
<item key="69E460BE-08CB-F48A-203C-0711232FDA0D" value="true"/>
</engineerTo>
<nullsAllowed>true</nullsAllowed>
<useDomainConstraints>false</useDomainConstraints>
<use>1</use>
<logicalDatatype>LOGDT019</logicalDatatype>
<dataTypePrecision>13</dataTypePrecision>
<dataTypeScale>2</dataTypeScale>
<ownDataTypeParameters>,13,2</ownDataTypeParameters>
</Attribute>
<Attribute name="LGA_CEO_name" id="B349EAF8-6114-F8E9-9F35-C2C045A5D0FD">
<createdBy>Jason</createdBy>
<createdTime>2020-10-02 13:26:32 UTC</createdTime>
<commentInRDBMS><![CDATA[This is the LGA CEO name]]></commentInRDBMS>
<ownerDesignName>fdas_logical</ownerDesignName>
<engineerTo>
<item key="69E460BE-08CB-F48A-203C-0711232FDA0D" value="true"/>
</engineerTo>
<nullsAllowed>true</nullsAllowed>
<useDomainConstraints>false</useDomainConstraints>
<use>1</use>
<logicalDatatype>LOGDT024</logicalDatatype>
<dataTypeSize>128</dataTypeSize>
<ownDataTypeParameters>128,,</ownDataTypeParameters>
</Attribute>
<Attribute name="LGA_phone_num" id="C24551ED-46EE-5576-019D-33D6EB046DB5">
<createdBy>Jason</createdBy>
<createdTime>2020-10-02 13:26:34 UTC</createdTime>
<commentInRDBMS><![CDATA[This is the LGA phone number

Geographic numbers : 
	Central East region (02)
	South-east region (03)
	North-east region (07)
	Central and West region (08)
	Mobile phone numbers (04, 05)
==============================================
Format of AU phone number : 
	Phone number = 0 + (Geographic numbers) + (Australian "Local Area" 	numbers [8 digits] )

	For example,  I want to dial to South-east region australia (Geographic numbers is 3)
Phone number = 0312345678]]></commentInRDBMS>
<ownerDesignName>fdas_logical</ownerDesignName>
<engineerTo>
<item key="69E460BE-08CB-F48A-203C-0711232FDA0D" value="true"/>
</engineerTo>
<nullsAllowed>true</nullsAllowed>
<useDomainConstraints>false</useDomainConstraints>
<use>1</use>
<logicalDatatype>LOGDT019</logicalDatatype>
<dataTypePrecision>10</dataTypePrecision>
<ownDataTypeParameters>,10,</ownDataTypeParameters>
<listOfRanges>
<rangeDef class="oracle.dbtools.crest.model.design.constraint.AVT">
<beginValue>0200000000</beginValue>
<endValue>0299999999</endValue>
</rangeDef>
<rangeDef class="oracle.dbtools.crest.model.design.constraint.AVT">
<beginValue>0300000000</beginValue>
<endValue>0399999999</endValue>
</rangeDef>
<rangeDef class="oracle.dbtools.crest.model.design.constraint.AVT">
<beginValue>0400000000</beginValue>
<endValue>0499999999</endValue>
</rangeDef>
<rangeDef class="oracle.dbtools.crest.model.design.constraint.AVT">
<beginValue>0500000000</beginValue>
<endValue>0599999999</endValue>
</rangeDef>
<rangeDef class="oracle.dbtools.crest.model.design.constraint.AVT">
<beginValue>0700000000</beginValue>
<endValue>0799999999</endValue>
</rangeDef>
<rangeDef class="oracle.dbtools.crest.model.design.constraint.AVT">
<beginValue>0800000000</beginValue>
<endValue>0899999999</endValue>
</rangeDef>
</listOfRanges>
</Attribute>
</attributes>
<identifiers itemClass="oracle.dbtools.crest.model.design.logical.CandidateKey">
<identifier id="5C1363ED-5713-0E56-DAE6-9CB3F03D8037" name="LGA PK">
<createdBy>Jason</createdBy>
<createdTime>2020-10-02 13:26:37 UTC</createdTime>
<ownerDesignName>fdas_logical</ownerDesignName>
<engineerTo>
<item key="69E460BE-08CB-F48A-203C-0711232FDA0D" value="true"/>
</engineerTo>
<pk>true</pk>
<usedAttributes>
<attributeRef>9996C68E-DD62-C837-9E29-4CCEACE26D92</attributeRef>
</usedAttributes>
</identifier>
</identifiers>
</Entity>
