<?xml version = '1.0' encoding = 'UTF-8'?>
<FKIndexAssociation class="oracle.dbtools.crest.model.design.relational.FKIndexAssociation" directorySegmentName="seg_0" id="1E40D5D9-DEB6-271C-D067-2523C392A1A1" containerWithKeyObject="7BF82F54-5DB2-E029-E93B-BB1230D10797" localFKIndex="DB963B86-0276-A036-6DAD-CF8589678A1B" name="owner_property">
<createdBy>Jason</createdBy>
<createdTime>2020-10-11 11:03:22 UTC</createdTime>
<generatorID>4F468187-9EB6-B064-A247-E7F145AA315B</generatorID>
<ownerDesignName>asm1b</ownerDesignName>
<referredTableLongName>owner</referredTableLongName>
<deleteRule>NO ACTION</deleteRule>
<referredTableID>CC1D6416-E2D0-AA3F-6B15-70F7701719F9</referredTableID>
<keyObject>D35071BC-9F59-2CBA-1CC7-8F482D43DFC7</keyObject>
<referredKeyID>D35071BC-9F59-2CBA-1CC7-8F482D43DFC7</referredKeyID>
<mandatory>true</mandatory>
<refColNames>owner_id</refColNames>
<transferable>true</transferable>
<rely>false</rely>
<columnDependencyConstraintGenerateInDDL>true</columnDependencyConstraintGenerateInDDL>
</FKIndexAssociation>
