<?xml version = '1.0' encoding = 'UTF-8'?>
<FKIndexAssociation class="oracle.dbtools.crest.model.design.relational.FKIndexAssociation" directorySegmentName="seg_0" id="1ED8F304-BF6A-091B-A0F1-6B1E9C03C0E4" containerWithKeyObject="DB3EB396-C9D6-8E22-04C8-D961A839D088" localFKIndex="9EA5CC39-4284-F6AA-549B-B72EBA2BDA51" name="assessor_employment">
<createdBy>Jason</createdBy>
<createdTime>2020-10-11 11:03:22 UTC</createdTime>
<generatorID>25FF8AA9-A4A4-A934-10DF-BB1B57D5E8DD</generatorID>
<ownerDesignName>asm1b</ownerDesignName>
<referredTableLongName>assessor</referredTableLongName>
<deleteRule>NO ACTION</deleteRule>
<referredTableID>BD2FABDF-726A-0CAF-15C3-5978644D07F9</referredTableID>
<keyObject>DF2707BB-DF40-A61C-092E-C450035A1639</keyObject>
<referredKeyID>DF2707BB-DF40-A61C-092E-C450035A1639</referredKeyID>
<mandatory>true</mandatory>
<refColNames>assessor_id</refColNames>
<transferable>true</transferable>
<rely>false</rely>
<columnDependencyConstraintGenerateInDDL>true</columnDependencyConstraintGenerateInDDL>
</FKIndexAssociation>
