<?xml version = '1.0' encoding = 'UTF-8'?>
<FKIndexAssociation class="oracle.dbtools.crest.model.design.relational.FKIndexAssociation" directorySegmentName="seg_0" id="48B5A636-B2CB-AA4A-F6CD-11552D68197E" containerWithKeyObject="EE848BC8-9174-2640-968D-4667C45FD786" localFKIndex="BEF47F53-2390-2D6A-BE44-C67190C89B79" name="LGA_Assess_Building">
<createdBy>Jason</createdBy>
<createdTime>2020-10-11 11:03:22 UTC</createdTime>
<generatorID>9086C6DC-43BE-263A-5AD8-3D48FAFF9DCB</generatorID>
<ownerDesignName>asm1b</ownerDesignName>
<referredTableLongName>LGA</referredTableLongName>
<deleteRule>NO ACTION</deleteRule>
<referredTableID>A1418CD0-6C6E-99FE-CFF2-6E01181C83A9</referredTableID>
<keyObject>2492FF27-7EEC-EF90-2423-2F6F1DDF869D</keyObject>
<referredKeyID>2492FF27-7EEC-EF90-2423-2F6F1DDF869D</referredKeyID>
<mandatory>true</mandatory>
<refColNames>LGA_code</refColNames>
<transferable>true</transferable>
<rely>false</rely>
<columnDependencyConstraintGenerateInDDL>true</columnDependencyConstraintGenerateInDDL>
</FKIndexAssociation>
