<?xml version = '1.0' encoding = 'UTF-8'?>
<FKIndexAssociation class="oracle.dbtools.crest.model.design.relational.FKIndexAssociation" directorySegmentName="seg_0" id="7796F763-4CCD-ED8D-4653-3A6AA2D73AF1" containerWithKeyObject="1D894A85-014D-8331-4E2C-9F331BAF8371" localFKIndex="92C595B2-ADAB-2B4B-449A-8F678C95620D" name="assessor_damage">
<createdBy>Jason</createdBy>
<createdTime>2020-10-11 11:03:22 UTC</createdTime>
<generatorID>FD8C27F2-ABED-EE5A-23FC-A9FCA58B1203</generatorID>
<ownerDesignName>asm1b</ownerDesignName>
<referredTableLongName>assessor</referredTableLongName>
<deleteRule>NO ACTION</deleteRule>
<referredTableID>BD2FABDF-726A-0CAF-15C3-5978644D07F9</referredTableID>
<keyObject>DF2707BB-DF40-A61C-092E-C450035A1639</keyObject>
<referredKeyID>DF2707BB-DF40-A61C-092E-C450035A1639</referredKeyID>
<mandatory>true</mandatory>
<refColNames>assessor_id</refColNames>
<transferable>true</transferable>
<rely>false</rely>
<columnDependencyConstraintGenerateInDDL>true</columnDependencyConstraintGenerateInDDL>
</FKIndexAssociation>
