<?xml version = '1.0' encoding = 'UTF-8'?>
<FKIndexAssociation class="oracle.dbtools.crest.model.design.relational.FKIndexAssociation" directorySegmentName="seg_0" id="8048EAB5-6B20-6827-051A-4E5B6266CE22" containerWithKeyObject="87E3E4C5-8312-663D-0BF3-47FA96BD9563" localFKIndex="B5F471EB-91E5-52AF-64DA-75FC2C2443E9" name="fire_event_fire_event">
<createdBy>Jason</createdBy>
<createdTime>2020-10-11 11:03:22 UTC</createdTime>
<generatorID>E7C65EF8-A588-8E91-7FC1-813346340537</generatorID>
<ownerDesignName>asm1b</ownerDesignName>
<referredTableLongName>fire_event</referredTableLongName>
<deleteRule>NO ACTION</deleteRule>
<referredTableID>87E3E4C5-8312-663D-0BF3-47FA96BD9563</referredTableID>
<keyObject>7EAD3426-5CE1-752A-FDE5-8844B67D0530</keyObject>
<referredKeyID>7EAD3426-5CE1-752A-FDE5-8844B67D0530</referredKeyID>
<mandatory>false</mandatory>
<refColNames>fire_id</refColNames>
<transferable>true</transferable>
<rely>false</rely>
<columnDependencyConstraintGenerateInDDL>true</columnDependencyConstraintGenerateInDDL>
</FKIndexAssociation>
