<?xml version = '1.0' encoding = 'UTF-8'?>
<FKIndexAssociation class="oracle.dbtools.crest.model.design.relational.FKIndexAssociation" directorySegmentName="seg_0" id="9A84ACD6-E7AC-E647-8450-6FD80105EBD5" containerWithKeyObject="DB3EB396-C9D6-8E22-04C8-D961A839D088" localFKIndex="6B8892C2-F031-5841-E252-DEB32A9E1798" name="insurer_employement">
<createdBy>Jason</createdBy>
<createdTime>2020-10-11 11:03:22 UTC</createdTime>
<generatorID>55342052-5B23-97ED-EC78-A1D62FE52D5C</generatorID>
<ownerDesignName>asm1b</ownerDesignName>
<referredTableLongName>insurer</referredTableLongName>
<deleteRule>NO ACTION</deleteRule>
<referredTableID>06BF622D-3DA7-A3BF-71E1-9CF0975E9A8C</referredTableID>
<keyObject>E67812EB-C33D-6FD6-6064-55F52834A568</keyObject>
<referredKeyID>E67812EB-C33D-6FD6-6064-55F52834A568</referredKeyID>
<mandatory>true</mandatory>
<refColNames>insurer_id</refColNames>
<transferable>true</transferable>
<rely>false</rely>
<columnDependencyConstraintGenerateInDDL>true</columnDependencyConstraintGenerateInDDL>
</FKIndexAssociation>
