<?xml version = '1.0' encoding = 'UTF-8'?>
<FKIndexAssociation class="oracle.dbtools.crest.model.design.relational.FKIndexAssociation" directorySegmentName="seg_0" id="ADAABDCD-8C71-3BFD-A347-F3EE6BF1B7A3" containerWithKeyObject="1D894A85-014D-8331-4E2C-9F331BAF8371" localFKIndex="ADD3D914-70C8-C999-BAAC-87236226E292" name="fire_event_damage">
<createdBy>Jason</createdBy>
<createdTime>2020-10-11 11:03:22 UTC</createdTime>
<generatorID>6D6E1C6C-D739-2D52-30B2-92EF4907F3D9</generatorID>
<ownerDesignName>asm1b</ownerDesignName>
<referredTableLongName>fire_event</referredTableLongName>
<deleteRule>NO ACTION</deleteRule>
<referredTableID>87E3E4C5-8312-663D-0BF3-47FA96BD9563</referredTableID>
<keyObject>7EAD3426-5CE1-752A-FDE5-8844B67D0530</keyObject>
<referredKeyID>7EAD3426-5CE1-752A-FDE5-8844B67D0530</referredKeyID>
<mandatory>true</mandatory>
<refColNames>fire_id</refColNames>
<transferable>true</transferable>
<rely>false</rely>
<columnDependencyConstraintGenerateInDDL>true</columnDependencyConstraintGenerateInDDL>
</FKIndexAssociation>
