<?xml version = '1.0' encoding = 'UTF-8'?>
<FKIndexAssociation class="oracle.dbtools.crest.model.design.relational.FKIndexAssociation" directorySegmentName="seg_0" id="C51E7B2C-9C12-0F99-E7C8-8FBA52D9FCA4" containerWithKeyObject="E563C6B9-2DAC-9EF9-99CA-8B6B1803E758" localFKIndex="09115D18-8308-E8CF-5EC8-8F4C759BBF89" name="damage_visit">
<createdBy>Jason</createdBy>
<createdTime>2020-10-11 11:03:22 UTC</createdTime>
<generatorID>33C6EA44-24B2-D132-6384-374087CE8DBB</generatorID>
<ownerDesignName>asm1b</ownerDesignName>
<referredTableLongName>damage</referredTableLongName>
<deleteRule>NO ACTION</deleteRule>
<referredTableID>1D894A85-014D-8331-4E2C-9F331BAF8371</referredTableID>
<keyObject>8E2D695C-D6F1-311B-2DB3-0AEC71A5B3B3</keyObject>
<referredKeyID>8E2D695C-D6F1-311B-2DB3-0AEC71A5B3B3</referredKeyID>
<mandatory>true</mandatory>
<refColNames>damage_id</refColNames>
<transferable>true</transferable>
<rely>false</rely>
<columnDependencyConstraintGenerateInDDL>true</columnDependencyConstraintGenerateInDDL>
</FKIndexAssociation>
