<?xml version = '1.0' encoding = 'UTF-8'?>
<FKIndexAssociation class="oracle.dbtools.crest.model.design.relational.FKIndexAssociation" directorySegmentName="seg_0" id="C8481359-C8BB-892B-C1EC-37749DD7FCD8" containerWithKeyObject="1D894A85-014D-8331-4E2C-9F331BAF8371" localFKIndex="3D13DBC1-61A9-F7C2-7E50-6C7A66B9A1E1" name="building_damage">
<createdBy>Jason</createdBy>
<createdTime>2020-10-11 11:03:22 UTC</createdTime>
<generatorID>0FDB5120-38B2-C2A4-037F-CE6F65878658</generatorID>
<ownerDesignName>asm1b</ownerDesignName>
<referredTableLongName>building</referredTableLongName>
<deleteRule>NO ACTION</deleteRule>
<referredTableID>EE848BC8-9174-2640-968D-4667C45FD786</referredTableID>
<keyObject>A700C981-8F96-AF9B-BAA1-278F596CE36F</keyObject>
<referredKeyID>A700C981-8F96-AF9B-BAA1-278F596CE36F</referredKeyID>
<mandatory>true</mandatory>
<refColNames>property_id,building_id</refColNames>
<transferable>true</transferable>
<rely>false</rely>
<columnDependencyConstraintGenerateInDDL>true</columnDependencyConstraintGenerateInDDL>
</FKIndexAssociation>
