<?xml version = '1.0' encoding = 'UTF-8'?>
<FKIndexAssociation class="oracle.dbtools.crest.model.design.relational.FKIndexAssociation" directorySegmentName="seg_0" id="DB9E9CB1-66B2-44CB-96DA-5438497ADAD0" containerWithKeyObject="0A063A79-2E70-D346-77D5-685F17481546" localFKIndex="C4FFAA93-2B0D-8AC5-B9D9-FDE0C3794747" name="lga_fireLG">
<createdBy>Jason</createdBy>
<createdTime>2020-10-11 11:03:22 UTC</createdTime>
<generatorID>66722951-CC80-3C4B-2A62-25BF6DA21018</generatorID>
<ownerDesignName>asm1b</ownerDesignName>
<referredTableLongName>LGA</referredTableLongName>
<deleteRule>NO ACTION</deleteRule>
<referredTableID>A1418CD0-6C6E-99FE-CFF2-6E01181C83A9</referredTableID>
<keyObject>2492FF27-7EEC-EF90-2423-2F6F1DDF869D</keyObject>
<referredKeyID>2492FF27-7EEC-EF90-2423-2F6F1DDF869D</referredKeyID>
<mandatory>true</mandatory>
<refColNames>LGA_code</refColNames>
<transferable>true</transferable>
<rely>false</rely>
<columnDependencyConstraintGenerateInDDL>true</columnDependencyConstraintGenerateInDDL>
</FKIndexAssociation>
