<?xml version = '1.0' encoding = 'UTF-8'?>
<Table class="oracle.dbtools.crest.model.design.relational.Table" directorySegmentName="seg_0" id="3B2296F7-ABDA-7236-5D8D-DBFAEB769BE2" name="property_type">
<createdBy>Jason</createdBy>
<createdTime>2020-10-11 11:56:35 UTC</createdTime>
<generatorID>F99DC57D-84CB-6369-9E9C-CC75C319CB71</generatorID>
<ownerDesignName>asm1b</ownerDesignName>
<allowColumnReorder>false</allowColumnReorder>
<existDependencyGenerateInDDl>true</existDependencyGenerateInDDl>
<parsed>true</parsed>
<columns itemClass="oracle.dbtools.crest.model.design.relational.Column">
<Column name="proprty_type_id" id="EA70F693-0DA0-2575-09EB-8CC051C74874">
<createdBy>Jason</createdBy>
<createdTime>2020-10-11 11:56:35 UTC</createdTime>
<commentInRDBMS><![CDATA[This is the proprty_type_id which identifies attributes of property_type
Constraint : 
B  = This indicates business property
F = This indicates farm property
R = This indicates residential property
]]></commentInRDBMS>
<generatorID>BBBF29ED-4124-B242-3023-A5FCEF56F5D7</generatorID>
<ownerDesignName>asm1b</ownerDesignName>
<useDomainConstraints>false</useDomainConstraints>
<use>1</use>
<logicalDatatype>LOGDT025</logicalDatatype>
<dataTypeSize>1</dataTypeSize>
<listOfValues>
<valueDef value="B" description="This indicates business property"/>
<valueDef value="F" description="This indicates farm property"/>
<valueDef value="R" description="This indicates residential property"/>
</listOfValues>
<ownDataTypeParameters>1,,</ownDataTypeParameters>
<autoIncrementCycle>false</autoIncrementCycle>
</Column>
<Column name="proprty_type_name" id="E2CD28FE-6FA1-6F73-CE03-F8A5E7608498">
<createdBy>Jason</createdBy>
<createdTime>2020-10-11 11:56:35 UTC</createdTime>
<commentInRDBMS><![CDATA[this is the proprty_type_name

Constrint of property name :
business_property  = This indicates business property
farm_property = This indicates farm property
residential_property = This indicates residential property]]></commentInRDBMS>
<generatorID>A48FA845-0923-E17C-5033-25785B84DA5A</generatorID>
<ownerDesignName>asm1b</ownerDesignName>
<nullsAllowed>true</nullsAllowed>
<useDomainConstraints>false</useDomainConstraints>
<use>1</use>
<logicalDatatype>LOGDT024</logicalDatatype>
<dataTypeSize>100</dataTypeSize>
<listOfValues>
<valueDef value="business_property" description="This is business property"/>
<valueDef value="farm_property" description="This is farm property"/>
<valueDef value="residential_property" description="This is residential property"/>
</listOfValues>
<ownDataTypeParameters>100,,</ownDataTypeParameters>
<autoIncrementCycle>false</autoIncrementCycle>
</Column>
</columns>
<indexes itemClass="oracle.dbtools.crest.model.design.relational.Index">
<ind_PK_UK id="B02FB050-3601-1A93-9E85-0F0700082461" name="property_type_PK">
<createdBy>Jason</createdBy>
<createdTime>2020-10-11 11:56:35 UTC</createdTime>
<generatorID>8A9EB441-3A89-1773-48CA-4A79284DDF43</generatorID>
<ownerDesignName>asm1b</ownerDesignName>
<pk>true</pk>
<indexState>Primary Constraint</indexState>
<isSurrogateKey>false</isSurrogateKey>
<indexColumnUsage>
<colUsage columnID="EA70F693-0DA0-2575-09EB-8CC051C74874"/>
</indexColumnUsage>
</ind_PK_UK>
</indexes>
</Table>
