<?xml version = '1.0' encoding = 'UTF-8'?>
<Table class="oracle.dbtools.crest.model.design.relational.Table" directorySegmentName="seg_0" id="78CE91B1-5657-E820-7055-A7D1646D50A8" name="property">
<createdBy>Jason</createdBy>
<createdTime>2020-10-11 11:56:35 UTC</createdTime>
<generatorID>4CE090CF-E550-7A66-B1F4-AE0B5F00672C</generatorID>
<ownerDesignName>asm1b</ownerDesignName>
<allowColumnReorder>false</allowColumnReorder>
<existDependencyGenerateInDDl>true</existDependencyGenerateInDDl>
<parsed>true</parsed>
<columns itemClass="oracle.dbtools.crest.model.design.relational.Column">
<Column name="property_id" id="0609E926-5A8C-6BBB-E14C-B8B88EBC4BAF">
<createdBy>Jason</createdBy>
<createdTime>2020-10-11 11:56:35 UTC</createdTime>
<commentInRDBMS><![CDATA[This is property id  which identifies attributes of property]]></commentInRDBMS>
<generatorID>07DACED4-CE53-0D0C-B07F-3FA5E00773EF</generatorID>
<ownerDesignName>asm1b</ownerDesignName>
<useDomainConstraints>false</useDomainConstraints>
<use>1</use>
<logicalDatatype>LOGDT019</logicalDatatype>
<dataTypePrecision>7</dataTypePrecision>
<ownDataTypeParameters>,7,</ownDataTypeParameters>
<autoIncrementCycle>false</autoIncrementCycle>
</Column>
<Column name="property_street" id="85640A10-38B2-0B5D-C94E-31A9EEF0E051">
<createdBy>Jason</createdBy>
<createdTime>2020-10-11 11:56:35 UTC</createdTime>
<commentInRDBMS><![CDATA[This is property street]]></commentInRDBMS>
<generatorID>5633EAFB-9FC6-753B-DC9D-6FE832A00174</generatorID>
<ownerDesignName>asm1b</ownerDesignName>
<nullsAllowed>true</nullsAllowed>
<useDomainConstraints>false</useDomainConstraints>
<use>1</use>
<logicalDatatype>LOGDT024</logicalDatatype>
<dataTypeSize>100</dataTypeSize>
<ownDataTypeParameters>100,,</ownDataTypeParameters>
<autoIncrementCycle>false</autoIncrementCycle>
</Column>
<Column name="property_town" id="B000FC3D-5516-BA8B-E080-C46861805970">
<createdBy>Jason</createdBy>
<createdTime>2020-10-11 11:56:35 UTC</createdTime>
<commentInRDBMS><![CDATA[This is property town]]></commentInRDBMS>
<generatorID>A1B700DC-A927-0B6B-6669-2DF16ECE6970</generatorID>
<ownerDesignName>asm1b</ownerDesignName>
<nullsAllowed>true</nullsAllowed>
<useDomainConstraints>false</useDomainConstraints>
<use>1</use>
<logicalDatatype>LOGDT024</logicalDatatype>
<dataTypeSize>100</dataTypeSize>
<ownDataTypeParameters>100,,</ownDataTypeParameters>
<autoIncrementCycle>false</autoIncrementCycle>
</Column>
<Column name="property_postcode" id="052CAF5B-9833-5367-B733-DA3FC49E2B8F">
<createdBy>Jason</createdBy>
<createdTime>2020-10-11 11:56:35 UTC</createdTime>
<commentInRDBMS><![CDATA[This is property postcode 

For example, Syd2121 is the postcode of Epping in Sydney ]]></commentInRDBMS>
<generatorID>FC5D2F4C-3568-5735-2C8E-EFD9E6F616B2</generatorID>
<ownerDesignName>asm1b</ownerDesignName>
<nullsAllowed>true</nullsAllowed>
<useDomainConstraints>false</useDomainConstraints>
<use>1</use>
<logicalDatatype>LOGDT024</logicalDatatype>
<ownDataTypeParameters>,,</ownDataTypeParameters>
<autoIncrementCycle>false</autoIncrementCycle>
</Column>
<Column name="property_size" id="AA294FE0-92C5-4E17-248C-3E962AFA91CE">
<createdBy>Jason</createdBy>
<createdTime>2020-10-11 11:56:35 UTC</createdTime>
<commentInRDBMS><![CDATA[This is property size]]></commentInRDBMS>
<generatorID>26AAA275-A96D-D70E-7F92-22874CB55A1A</generatorID>
<ownerDesignName>asm1b</ownerDesignName>
<nullsAllowed>true</nullsAllowed>
<useDomainConstraints>false</useDomainConstraints>
<use>1</use>
<logicalDatatype>LOGDT019</logicalDatatype>
<dataTypePrecision>13</dataTypePrecision>
<dataTypeScale>3</dataTypeScale>
<ownDataTypeParameters>,13,3</ownDataTypeParameters>
<autoIncrementCycle>false</autoIncrementCycle>
</Column>
<Column name="owner_id" id="3571F5B4-6860-9E8F-1501-EFE4F89D59F8">
<createdBy>Jason</createdBy>
<createdTime>2020-10-11 11:56:35 UTC</createdTime>
<commentInRDBMS><![CDATA[This is owner id which identifies attributes of owner]]></commentInRDBMS>
<generatorID>8E83D408-6681-44E4-9085-BB73E0944F79</generatorID>
<ownerDesignName>asm1b</ownerDesignName>
<useDomainConstraints>false</useDomainConstraints>
<use>1</use>
<logicalDatatype>LOGDT019</logicalDatatype>
<dataTypePrecision>5</dataTypePrecision>
<ownDataTypeParameters>,,</ownDataTypeParameters>
<previousColumn>false</previousColumn>
<autoIncrementCycle>false</autoIncrementCycle>
<associations>
<colAssociation fkAssociation="E6EE212A-405B-4C0D-023C-4DFAD5D3E54E" referredColumn="460FC44E-61E6-CEDB-5E82-B0EAD279C84D"/>
</associations>
</Column>
<Column name="proprty_type_id" id="EE456F56-7294-921C-825E-CFB13519B0E6">
<createdBy>Jason</createdBy>
<createdTime>2020-10-11 11:56:35 UTC</createdTime>
<commentInRDBMS><![CDATA[This is the proprty_type_id which identifies attributes of property_type
Constraint : 
B  = This indicates business property
F = This indicates farm property
R = This indicates residential property
]]></commentInRDBMS>
<generatorID>B6FAA5BB-CEBC-C9BD-28FE-E471A84EC56A</generatorID>
<ownerDesignName>asm1b</ownerDesignName>
<useDomainConstraints>false</useDomainConstraints>
<use>1</use>
<logicalDatatype>LOGDT025</logicalDatatype>
<dataTypeSize>1</dataTypeSize>
<ownDataTypeParameters>,,</ownDataTypeParameters>
<previousColumn>false</previousColumn>
<autoIncrementCycle>false</autoIncrementCycle>
<associations>
<colAssociation fkAssociation="25BDEADE-F4B5-BD01-FD28-9F9E40A567E3" referredColumn="EA70F693-0DA0-2575-09EB-8CC051C74874"/>
</associations>
</Column>
</columns>
<indexes itemClass="oracle.dbtools.crest.model.design.relational.Index">
<ind_PK_UK id="4219E328-C9B5-84AC-AA78-7C395A449E31" name="property_PK">
<createdBy>Jason</createdBy>
<createdTime>2020-10-11 11:56:35 UTC</createdTime>
<generatorID>F1BF7187-5BA7-3733-5601-DE5061C33924</generatorID>
<ownerDesignName>asm1b</ownerDesignName>
<pk>true</pk>
<indexState>Primary Constraint</indexState>
<isSurrogateKey>false</isSurrogateKey>
<indexColumnUsage>
<colUsage columnID="0609E926-5A8C-6BBB-E14C-B8B88EBC4BAF"/>
</indexColumnUsage>
</ind_PK_UK>
<ind_PK_UK id="CDF73C8A-2532-9986-E3B2-30D520643C90" name="owner_property">
<createdBy>Jason</createdBy>
<createdTime>2020-10-11 11:56:35 UTC</createdTime>
<generatorID>4F468187-9EB6-B064-A247-E7F145AA315B</generatorID>
<ownerDesignName>asm1b</ownerDesignName>
<indexState>Foreign Key</indexState>
<isSurrogateKey>false</isSurrogateKey>
<indexColumnUsage>
<colUsage columnID="3571F5B4-6860-9E8F-1501-EFE4F89D59F8"/>
</indexColumnUsage>
</ind_PK_UK>
<ind_PK_UK id="3210AF10-48DA-2486-7D0C-495DDE853EC3" name="Relation_15">
<createdBy>Jason</createdBy>
<createdTime>2020-10-11 11:56:35 UTC</createdTime>
<generatorID>C294C5BD-81C0-5880-EB35-5BB4363ACE24</generatorID>
<ownerDesignName>asm1b</ownerDesignName>
<indexState>Foreign Key</indexState>
<isSurrogateKey>false</isSurrogateKey>
<indexColumnUsage>
<colUsage columnID="EE456F56-7294-921C-825E-CFB13519B0E6"/>
</indexColumnUsage>
</ind_PK_UK>
</indexes>
</Table>
