<?xml version = '1.0' encoding = 'UTF-8'?>
<Table class="oracle.dbtools.crest.model.design.relational.Table" directorySegmentName="seg_0" id="7BDF4DAF-4453-5729-E33D-62AE14778E70" name="building">
<createdBy>Jason</createdBy>
<createdTime>2020-10-11 11:56:35 UTC</createdTime>
<generatorID>9795177F-826E-10F5-45F2-F6CB7E27E7BF</generatorID>
<ownerDesignName>asm1b</ownerDesignName>
<allowColumnReorder>false</allowColumnReorder>
<existDependencyGenerateInDDl>true</existDependencyGenerateInDDl>
<parsed>true</parsed>
<columns itemClass="oracle.dbtools.crest.model.design.relational.Column">
<Column name="property_id" id="57680215-6A19-DC54-DE6B-8BF14A49C73F">
<createdBy>Jason</createdBy>
<createdTime>2020-10-11 11:56:35 UTC</createdTime>
<commentInRDBMS><![CDATA[This is property id  which identifies attributes of property]]></commentInRDBMS>
<generatorID>5E2DDA4C-4450-CE4C-9DD3-8F059AC39CFF</generatorID>
<ownerDesignName>asm1b</ownerDesignName>
<useDomainConstraints>false</useDomainConstraints>
<use>1</use>
<logicalDatatype>LOGDT019</logicalDatatype>
<dataTypePrecision>7</dataTypePrecision>
<ownDataTypeParameters>,,</ownDataTypeParameters>
<previousColumn>false</previousColumn>
<autoIncrementCycle>false</autoIncrementCycle>
<associations>
<colAssociation fkAssociation="E088361E-197E-1B9B-D527-D849EE28EB5D" referredColumn="0609E926-5A8C-6BBB-E14C-B8B88EBC4BAF"/>
</associations>
</Column>
<Column name="building_id" id="057203B5-F2A3-E78F-5B91-E2BA551127F8">
<createdBy>Jason</createdBy>
<createdTime>2020-10-11 11:56:35 UTC</createdTime>
<commentInRDBMS><![CDATA[This is building id]]></commentInRDBMS>
<generatorID>DF6BEB2C-E793-3F58-B583-1A4B98978D9E</generatorID>
<ownerDesignName>asm1b</ownerDesignName>
<useDomainConstraints>false</useDomainConstraints>
<use>1</use>
<logicalDatatype>LOGDT019</logicalDatatype>
<dataTypePrecision>2</dataTypePrecision>
<ownDataTypeParameters>,2,</ownDataTypeParameters>
<autoIncrementCycle>false</autoIncrementCycle>
</Column>
<Column name="building_approv_date" id="290090F3-5034-F624-33A0-0CBDD53794C6">
<createdBy>Jason</createdBy>
<createdTime>2020-10-11 11:56:35 UTC</createdTime>
<commentInRDBMS><![CDATA[This is building approval date]]></commentInRDBMS>
<generatorID>D06AF81C-3C15-51C0-D6ED-34180B2E6A66</generatorID>
<ownerDesignName>asm1b</ownerDesignName>
<nullsAllowed>true</nullsAllowed>
<useDomainConstraints>false</useDomainConstraints>
<use>1</use>
<logicalDatatype>LOGDT007</logicalDatatype>
<ownDataTypeParameters>,,</ownDataTypeParameters>
<autoIncrementCycle>false</autoIncrementCycle>
</Column>
<Column name="building_size" id="37CE648F-7B0D-4268-07FB-BF5992CE8C54">
<createdBy>Jason</createdBy>
<createdTime>2020-10-11 11:56:35 UTC</createdTime>
<commentInRDBMS><![CDATA[This is building size]]></commentInRDBMS>
<generatorID>84E07E87-AFA5-A706-5ACC-F72CA105DB48</generatorID>
<ownerDesignName>asm1b</ownerDesignName>
<nullsAllowed>true</nullsAllowed>
<useDomainConstraints>false</useDomainConstraints>
<use>1</use>
<logicalDatatype>LOGDT019</logicalDatatype>
<dataTypePrecision>10</dataTypePrecision>
<dataTypeScale>2</dataTypeScale>
<ownDataTypeParameters>,10,2</ownDataTypeParameters>
<autoIncrementCycle>false</autoIncrementCycle>
</Column>
<Column name="building_class" id="5820C18D-0334-04FF-39D7-62C910168286">
<createdBy>Jason</createdBy>
<createdTime>2020-10-11 11:56:35 UTC</createdTime>
<commentInRDBMS><![CDATA[This is building class ranging from 1 to 10
For example, 
class 1 is recorded as C01
class 1a is recorded as C01A]]></commentInRDBMS>
<generatorID>D6F354A8-376F-9D62-3295-00D24F824C3B</generatorID>
<ownerDesignName>asm1b</ownerDesignName>
<nullsAllowed>true</nullsAllowed>
<useDomainConstraints>false</useDomainConstraints>
<use>1</use>
<logicalDatatype>LOGDT024</logicalDatatype>
<dataTypeSize>4</dataTypeSize>
<ownDataTypeParameters>4,,</ownDataTypeParameters>
<autoIncrementCycle>false</autoIncrementCycle>
<listOfRanges>
<rangeDef class="oracle.dbtools.crest.model.design.constraint.AVT">
<beginValue>1</beginValue>
<endValue>10</endValue>
</rangeDef>
</listOfRanges>
</Column>
<Column name="building_insur_coverage" id="B48B32F0-4A34-E1F4-2406-8F2458F5DEE7">
<createdBy>Jason</createdBy>
<createdTime>2020-10-11 11:56:35 UTC</createdTime>
<commentInRDBMS><![CDATA[this is building insurance coverage
Constraint : 
N = No
Y = Yes]]></commentInRDBMS>
<generatorID>F3145DE4-C4DA-A204-BC16-B29C5DC63E56</generatorID>
<ownerDesignName>asm1b</ownerDesignName>
<nullsAllowed>true</nullsAllowed>
<useDomainConstraints>false</useDomainConstraints>
<use>1</use>
<logicalDatatype>LOGDT025</logicalDatatype>
<dataTypeSize>1</dataTypeSize>
<listOfValues>
<valueDef value="N" description="No"/>
<valueDef value="Y" description="Yes"/>
</listOfValues>
<ownDataTypeParameters>1,,</ownDataTypeParameters>
<autoIncrementCycle>false</autoIncrementCycle>
</Column>
<Column name="insurer_id" id="CEE4264D-2D52-021D-6CDA-64D836CA6FA0">
<createdBy>Jason</createdBy>
<createdTime>2020-10-11 11:56:35 UTC</createdTime>
<commentInRDBMS><![CDATA[This is the insurer id which identifies attributes of insurer
]]></commentInRDBMS>
<generatorID>78DDAEF1-995C-F98B-AD27-0529E3B30E75</generatorID>
<ownerDesignName>asm1b</ownerDesignName>
<nullsAllowed>true</nullsAllowed>
<useDomainConstraints>false</useDomainConstraints>
<use>1</use>
<logicalDatatype>LOGDT019</logicalDatatype>
<dataTypePrecision>7</dataTypePrecision>
<ownDataTypeParameters>,,</ownDataTypeParameters>
<previousColumn>false</previousColumn>
<autoIncrementCycle>false</autoIncrementCycle>
<associations>
<colAssociation fkAssociation="72D710DA-EC74-77FD-77F8-915C8858C361" referredColumn="DD6B91CC-647A-44C9-0D44-F632DA411222"/>
</associations>
</Column>
<Column name="LGA_code" id="49651232-FB66-B08D-1D78-04D5E3F55CD5">
<createdBy>Jason</createdBy>
<createdTime>2020-10-11 11:56:35 UTC</createdTime>
<commentInRDBMS><![CDATA[This is the LGA code which identifies attributes of LGA
example : 00000028 is one of the LGA code]]></commentInRDBMS>
<generatorID>0AF2DB43-1C63-F199-5857-3EE34F9F1982</generatorID>
<ownerDesignName>asm1b</ownerDesignName>
<useDomainConstraints>false</useDomainConstraints>
<use>1</use>
<logicalDatatype>LOGDT019</logicalDatatype>
<dataTypePrecision>8</dataTypePrecision>
<ownDataTypeParameters>,,</ownDataTypeParameters>
<previousColumn>false</previousColumn>
<autoIncrementCycle>false</autoIncrementCycle>
<associations>
<colAssociation fkAssociation="86E3B041-6815-2A20-54E7-F55B1D53A892" referredColumn="A5C234A5-B4F3-884A-0930-AC13F6371F14"/>
</associations>
</Column>
<Column name="Lga_building_value" id="AF465640-D45D-CA96-5FDC-B331967FA852">
<createdBy>Jason</createdBy>
<createdTime>2020-10-11 11:56:35 UTC</createdTime>
<commentInRDBMS><![CDATA[This is building value assessed by LGA]]></commentInRDBMS>
<generatorID>9C1E661B-F69F-F650-596E-C7125AEC5D29</generatorID>
<ownerDesignName>asm1b</ownerDesignName>
<nullsAllowed>true</nullsAllowed>
<useDomainConstraints>false</useDomainConstraints>
<use>1</use>
<logicalDatatype>LOGDT019</logicalDatatype>
<dataTypePrecision>12</dataTypePrecision>
<dataTypeScale>2</dataTypeScale>
<ownDataTypeParameters>,12,2</ownDataTypeParameters>
<autoIncrementCycle>false</autoIncrementCycle>
</Column>
</columns>
<indexes itemClass="oracle.dbtools.crest.model.design.relational.Index">
<ind_PK_UK id="A50EF2A3-B181-C7B3-05B2-DA105E4401B1" name="building_PK">
<createdBy>Jason</createdBy>
<createdTime>2020-10-11 11:56:35 UTC</createdTime>
<generatorID>39BA27CB-145B-9F36-E8D9-3E170BAEC227</generatorID>
<ownerDesignName>asm1b</ownerDesignName>
<pk>true</pk>
<indexState>Primary Constraint</indexState>
<isSurrogateKey>false</isSurrogateKey>
<indexColumnUsage>
<colUsage columnID="57680215-6A19-DC54-DE6B-8BF14A49C73F"/>
<colUsage columnID="057203B5-F2A3-E78F-5B91-E2BA551127F8"/>
</indexColumnUsage>
</ind_PK_UK>
<ind_PK_UK id="2A88C3BE-30A7-353F-175C-FC3DC6848A06" name="insurer_building">
<createdBy>Jason</createdBy>
<createdTime>2020-10-11 11:56:35 UTC</createdTime>
<generatorID>69D1FEF3-6665-2233-5E2A-122A41AC4BD8</generatorID>
<ownerDesignName>asm1b</ownerDesignName>
<indexState>Foreign Key</indexState>
<isSurrogateKey>false</isSurrogateKey>
<indexColumnUsage>
<colUsage columnID="CEE4264D-2D52-021D-6CDA-64D836CA6FA0"/>
</indexColumnUsage>
</ind_PK_UK>
<ind_PK_UK id="6C0D62B1-0FE5-38B9-62AF-81C24BACEFFE" name="LGA_Assess_Building">
<createdBy>Jason</createdBy>
<createdTime>2020-10-11 11:56:35 UTC</createdTime>
<generatorID>9086C6DC-43BE-263A-5AD8-3D48FAFF9DCB</generatorID>
<ownerDesignName>asm1b</ownerDesignName>
<indexState>Foreign Key</indexState>
<isSurrogateKey>false</isSurrogateKey>
<indexColumnUsage>
<colUsage columnID="49651232-FB66-B08D-1D78-04D5E3F55CD5"/>
</indexColumnUsage>
</ind_PK_UK>
<ind_PK_UK id="F937096C-E13F-A52B-83FD-9C045A25E4AB" name="property_building">
<createdBy>Jason</createdBy>
<createdTime>2020-10-11 11:56:35 UTC</createdTime>
<generatorID>B2BACD83-8F78-D195-A744-AE8E746EF23C</generatorID>
<ownerDesignName>asm1b</ownerDesignName>
<indexState>Foreign Key</indexState>
<isSurrogateKey>false</isSurrogateKey>
<indexColumnUsage>
<colUsage columnID="57680215-6A19-DC54-DE6B-8BF14A49C73F"/>
</indexColumnUsage>
</ind_PK_UK>
</indexes>
</Table>
