<?xml version = '1.0' encoding = 'UTF-8'?>
<Table class="oracle.dbtools.crest.model.design.relational.Table" directorySegmentName="seg_0" id="9224CFDE-FF3E-0E69-F1E3-9147C9698318" name="fire_lga">
<createdBy>Jason</createdBy>
<createdTime>2020-10-11 11:56:35 UTC</createdTime>
<generatorID>C7152BB5-E8E2-3505-FDA4-41A819754A05</generatorID>
<ownerDesignName>asm1b</ownerDesignName>
<allowColumnReorder>false</allowColumnReorder>
<existDependencyGenerateInDDl>true</existDependencyGenerateInDDl>
<parsed>true</parsed>
<columns itemClass="oracle.dbtools.crest.model.design.relational.Column">
<Column name="fire_id" id="03D3BD8D-D59C-AC54-364C-BEE78D5AAB11">
<createdBy>Jason</createdBy>
<createdTime>2020-10-11 11:56:35 UTC</createdTime>
<commentInRDBMS><![CDATA[This is the fire event id which identifies attributes of fire_event]]></commentInRDBMS>
<generatorID>50DF6026-C204-C160-736E-B3269982C6F7</generatorID>
<ownerDesignName>asm1b</ownerDesignName>
<useDomainConstraints>false</useDomainConstraints>
<use>1</use>
<logicalDatatype>LOGDT024</logicalDatatype>
<dataTypeSize>9</dataTypeSize>
<ownDataTypeParameters>,,</ownDataTypeParameters>
<previousColumn>false</previousColumn>
<autoIncrementCycle>false</autoIncrementCycle>
<associations>
<colAssociation fkAssociation="37D09292-2931-AE0A-D267-4E0F4F66F261" referredColumn="E95DF978-6B8A-EEA0-4B35-9B1EC3026BC8"/>
</associations>
</Column>
<Column name="LGA_code" id="F7B2BB19-9B44-4671-4A00-6779443C8054">
<createdBy>Jason</createdBy>
<createdTime>2020-10-11 11:56:35 UTC</createdTime>
<commentInRDBMS><![CDATA[This is the LGA code which identifies attributes of LGA
example : 00000028 is one of the LGA code]]></commentInRDBMS>
<generatorID>3418BA29-8CAC-AFF8-1C0A-D855D32605E6</generatorID>
<ownerDesignName>asm1b</ownerDesignName>
<useDomainConstraints>false</useDomainConstraints>
<use>1</use>
<logicalDatatype>LOGDT019</logicalDatatype>
<dataTypePrecision>8</dataTypePrecision>
<ownDataTypeParameters>,,</ownDataTypeParameters>
<previousColumn>false</previousColumn>
<autoIncrementCycle>false</autoIncrementCycle>
<associations>
<colAssociation fkAssociation="FDE93057-C22E-515A-60E0-D3031F942B4B" referredColumn="A5C234A5-B4F3-884A-0930-AC13F6371F14"/>
</associations>
</Column>
</columns>
<indexes itemClass="oracle.dbtools.crest.model.design.relational.Index">
<ind_PK_UK id="BA207821-60B8-16F1-7F07-D82C65E0BB5C" name="fire_lga_PK">
<createdBy>Jason</createdBy>
<createdTime>2020-10-11 11:56:35 UTC</createdTime>
<generatorID>2C3DC463-313F-A8E5-CFBD-527F5BAF983D</generatorID>
<ownerDesignName>asm1b</ownerDesignName>
<pk>true</pk>
<indexState>Primary Constraint</indexState>
<isSurrogateKey>false</isSurrogateKey>
<indexColumnUsage>
<colUsage columnID="03D3BD8D-D59C-AC54-364C-BEE78D5AAB11"/>
<colUsage columnID="F7B2BB19-9B44-4671-4A00-6779443C8054"/>
</indexColumnUsage>
</ind_PK_UK>
<ind_PK_UK id="E5446118-ACE3-5F85-C66B-A5AD44B74E20" name="fire_event_fireLGA">
<createdBy>Jason</createdBy>
<createdTime>2020-10-11 11:56:35 UTC</createdTime>
<generatorID>55A75823-76A2-C8AF-4FD5-046B680BA755</generatorID>
<ownerDesignName>asm1b</ownerDesignName>
<indexState>Foreign Key</indexState>
<isSurrogateKey>false</isSurrogateKey>
<indexColumnUsage>
<colUsage columnID="03D3BD8D-D59C-AC54-364C-BEE78D5AAB11"/>
</indexColumnUsage>
</ind_PK_UK>
<ind_PK_UK id="392DF191-6BF1-D6B6-73D1-658B0D42C2A4" name="lga_fireLG">
<createdBy>Jason</createdBy>
<createdTime>2020-10-11 11:56:35 UTC</createdTime>
<generatorID>66722951-CC80-3C4B-2A62-25BF6DA21018</generatorID>
<ownerDesignName>asm1b</ownerDesignName>
<indexState>Foreign Key</indexState>
<isSurrogateKey>false</isSurrogateKey>
<indexColumnUsage>
<colUsage columnID="F7B2BB19-9B44-4671-4A00-6779443C8054"/>
</indexColumnUsage>
</ind_PK_UK>
</indexes>
</Table>
