<?xml version = '1.0' encoding = 'UTF-8'?>
<Table class="oracle.dbtools.crest.model.design.relational.Table" directorySegmentName="seg_0" id="92A2E163-40B0-8587-CA76-FE851E642788" name="assessor_insurer">
<createdBy>Jason</createdBy>
<createdTime>2020-10-11 11:56:35 UTC</createdTime>
<generatorID>47FB3833-F147-0E3D-4BAF-A6214DA79243</generatorID>
<ownerDesignName>asm1b</ownerDesignName>
<allowColumnReorder>false</allowColumnReorder>
<existDependencyGenerateInDDl>true</existDependencyGenerateInDDl>
<parsed>true</parsed>
<columns itemClass="oracle.dbtools.crest.model.design.relational.Column">
<Column name="assessor_employment_start" id="2E99CC67-968C-7E9E-CD0F-972AAD246172">
<createdBy>Jason</createdBy>
<createdTime>2020-10-11 11:56:35 UTC</createdTime>
<commentInRDBMS><![CDATA[This is the date the assessor started working for the insurer]]></commentInRDBMS>
<generatorID>724DD058-AD8B-841D-0DF1-4E48BD3DD936</generatorID>
<ownerDesignName>asm1b</ownerDesignName>
<nullsAllowed>true</nullsAllowed>
<useDomainConstraints>false</useDomainConstraints>
<use>1</use>
<logicalDatatype>LOGDT007</logicalDatatype>
<ownDataTypeParameters>,,</ownDataTypeParameters>
<autoIncrementCycle>false</autoIncrementCycle>
</Column>
<Column name="assessor_employment_resign" id="3811090D-9B1C-7E3D-F469-6B8E53249EA2">
<createdBy>Jason</createdBy>
<createdTime>2020-10-11 11:56:35 UTC</createdTime>
<commentInRDBMS><![CDATA[This is the date the assessor quitting to work for the insurer]]></commentInRDBMS>
<generatorID>FB5247E3-3C62-DCB1-5FDE-0C6D97BE812F</generatorID>
<ownerDesignName>asm1b</ownerDesignName>
<nullsAllowed>true</nullsAllowed>
<useDomainConstraints>false</useDomainConstraints>
<use>1</use>
<logicalDatatype>LOGDT007</logicalDatatype>
<ownDataTypeParameters>,,</ownDataTypeParameters>
<autoIncrementCycle>false</autoIncrementCycle>
</Column>
<Column name="assessor_id" id="4249D877-99FD-4156-02C5-3FBC1785971C">
<createdBy>Jason</createdBy>
<createdTime>2020-10-11 11:56:35 UTC</createdTime>
<commentInRDBMS><![CDATA[This is assessor id which identifies attributes of assessor
for example 
assessor id ranges from 0001 to  9999
]]></commentInRDBMS>
<generatorID>94C9D3B2-402C-29E5-5925-309625E3768F</generatorID>
<ownerDesignName>asm1b</ownerDesignName>
<useDomainConstraints>false</useDomainConstraints>
<use>1</use>
<logicalDatatype>LOGDT019</logicalDatatype>
<dataTypePrecision>4</dataTypePrecision>
<ownDataTypeParameters>,,</ownDataTypeParameters>
<previousColumn>false</previousColumn>
<autoIncrementCycle>false</autoIncrementCycle>
<associations>
<colAssociation fkAssociation="D26A25D0-3212-3998-B1BE-32DB09A80A54" referredColumn="B9515D07-B4A6-EF3C-4A50-F37B29D98FBC"/>
</associations>
</Column>
<Column name="insurer_id" id="9EC895C8-95E6-5A94-E5C5-F4CA6D4D8B28">
<createdBy>Jason</createdBy>
<createdTime>2020-10-11 11:56:35 UTC</createdTime>
<commentInRDBMS><![CDATA[This is the insurer id which identifies attributes of insurer
]]></commentInRDBMS>
<generatorID>2AA3A4B8-628B-717B-BC02-A8246895B8E8</generatorID>
<ownerDesignName>asm1b</ownerDesignName>
<useDomainConstraints>false</useDomainConstraints>
<use>1</use>
<logicalDatatype>LOGDT019</logicalDatatype>
<dataTypePrecision>7</dataTypePrecision>
<ownDataTypeParameters>,,</ownDataTypeParameters>
<previousColumn>false</previousColumn>
<autoIncrementCycle>false</autoIncrementCycle>
<associations>
<colAssociation fkAssociation="9E379D3B-144D-ED09-D87A-0E0EBC42F7D9" referredColumn="DD6B91CC-647A-44C9-0D44-F632DA411222"/>
</associations>
</Column>
</columns>
<indexes itemClass="oracle.dbtools.crest.model.design.relational.Index">
<ind_PK_UK id="96B8E52D-D7DD-AB46-6E1C-674A467C2947" name="assessor_insurer_PK">
<createdBy>Jason</createdBy>
<createdTime>2020-10-11 11:56:35 UTC</createdTime>
<generatorID>4265D0E4-72DF-0AFA-65F9-00E53B95DAB2</generatorID>
<ownerDesignName>asm1b</ownerDesignName>
<pk>true</pk>
<indexState>Primary Constraint</indexState>
<isSurrogateKey>false</isSurrogateKey>
<indexColumnUsage>
<colUsage columnID="4249D877-99FD-4156-02C5-3FBC1785971C"/>
<colUsage columnID="9EC895C8-95E6-5A94-E5C5-F4CA6D4D8B28"/>
</indexColumnUsage>
</ind_PK_UK>
<ind_PK_UK id="19548A76-63FE-6BBD-A386-E580775DCFC9" name="assessor_employment">
<createdBy>Jason</createdBy>
<createdTime>2020-10-11 11:56:35 UTC</createdTime>
<generatorID>25FF8AA9-A4A4-A934-10DF-BB1B57D5E8DD</generatorID>
<ownerDesignName>asm1b</ownerDesignName>
<indexState>Foreign Key</indexState>
<isSurrogateKey>false</isSurrogateKey>
<indexColumnUsage>
<colUsage columnID="4249D877-99FD-4156-02C5-3FBC1785971C"/>
</indexColumnUsage>
</ind_PK_UK>
<ind_PK_UK id="CDA41675-E9A5-FC41-A186-372FC9A0CA94" name="insurer_employement">
<createdBy>Jason</createdBy>
<createdTime>2020-10-11 11:56:35 UTC</createdTime>
<generatorID>55342052-5B23-97ED-EC78-A1D62FE52D5C</generatorID>
<ownerDesignName>asm1b</ownerDesignName>
<indexState>Foreign Key</indexState>
<isSurrogateKey>false</isSurrogateKey>
<indexColumnUsage>
<colUsage columnID="9EC895C8-95E6-5A94-E5C5-F4CA6D4D8B28"/>
</indexColumnUsage>
</ind_PK_UK>
</indexes>
</Table>
