<?xml version = '1.0' encoding = 'UTF-8'?>
<Table class="oracle.dbtools.crest.model.design.relational.Table" directorySegmentName="seg_0" id="A41FFED7-9D2D-E2FB-2C49-F8EB25804EE3" name="damage">
<createdBy>Jason</createdBy>
<createdTime>2020-10-11 11:56:35 UTC</createdTime>
<generatorID>3010FCA9-8D4C-604E-C789-BF5945EFD43C</generatorID>
<ownerDesignName>asm1b</ownerDesignName>
<allowColumnReorder>false</allowColumnReorder>
<existDependencyGenerateInDDl>true</existDependencyGenerateInDDl>
<parsed>true</parsed>
<columns itemClass="oracle.dbtools.crest.model.design.relational.Column">
<Column name="damage_id" id="56DDA129-C7FC-8258-B460-3D7C184C8A56">
<createdBy>Jason</createdBy>
<createdTime>2020-10-11 11:56:35 UTC</createdTime>
<commentInRDBMS><![CDATA[surrogate key of Damage which identifies attributes of damage
The key ranges from 00000001 to 99999999]]></commentInRDBMS>
<generatorID>F0F514F9-27BE-3186-856C-231B546C0084</generatorID>
<ownerDesignName>asm1b</ownerDesignName>
<useDomainConstraints>false</useDomainConstraints>
<use>1</use>
<logicalDatatype>LOGDT019</logicalDatatype>
<dataTypePrecision>8</dataTypePrecision>
<ownDataTypeParameters>,8,</ownDataTypeParameters>
<autoIncrementCycle>false</autoIncrementCycle>
</Column>
<Column name="property_id" id="B07FDC12-679F-E7CD-F681-4102E4B50B74">
<createdBy>Jason</createdBy>
<createdTime>2020-10-11 11:56:35 UTC</createdTime>
<commentInRDBMS><![CDATA[This is property id  which identifies attributes of property]]></commentInRDBMS>
<generatorID>3A7C57B0-E64B-5F25-0D43-BE7AA0F68F57</generatorID>
<ownerDesignName>asm1b</ownerDesignName>
<useDomainConstraints>false</useDomainConstraints>
<use>1</use>
<logicalDatatype>LOGDT019</logicalDatatype>
<dataTypePrecision>7</dataTypePrecision>
<ownDataTypeParameters>,,</ownDataTypeParameters>
<previousColumn>false</previousColumn>
<autoIncrementCycle>false</autoIncrementCycle>
<associations>
<colAssociation fkAssociation="592E0B61-5D09-B4F8-C1F4-CBF23901595E" referredColumn="57680215-6A19-DC54-DE6B-8BF14A49C73F"/>
</associations>
</Column>
<Column name="building_id" id="1314C3CC-EEB3-16CA-19FB-656796014787">
<createdBy>Jason</createdBy>
<createdTime>2020-10-11 11:56:35 UTC</createdTime>
<commentInRDBMS><![CDATA[This is building id]]></commentInRDBMS>
<generatorID>262D3729-0F90-F842-E37B-4A08404B3D34</generatorID>
<ownerDesignName>asm1b</ownerDesignName>
<useDomainConstraints>false</useDomainConstraints>
<use>1</use>
<logicalDatatype>LOGDT019</logicalDatatype>
<dataTypePrecision>2</dataTypePrecision>
<ownDataTypeParameters>,,</ownDataTypeParameters>
<previousColumn>false</previousColumn>
<autoIncrementCycle>false</autoIncrementCycle>
<associations>
<colAssociation fkAssociation="592E0B61-5D09-B4F8-C1F4-CBF23901595E" referredColumn="057203B5-F2A3-E78F-5B91-E2BA551127F8"/>
</associations>
</Column>
<Column name="fire_id" id="FA9CBA42-BE70-C538-2595-216DDFD3B020">
<createdBy>Jason</createdBy>
<createdTime>2020-10-11 11:56:35 UTC</createdTime>
<commentInRDBMS><![CDATA[This is the fire event id which identifies attributes of fire_event]]></commentInRDBMS>
<generatorID>243D89F0-4B85-A9C1-661F-53E5E338D628</generatorID>
<ownerDesignName>asm1b</ownerDesignName>
<useDomainConstraints>false</useDomainConstraints>
<use>1</use>
<logicalDatatype>LOGDT024</logicalDatatype>
<dataTypeSize>9</dataTypeSize>
<ownDataTypeParameters>,,</ownDataTypeParameters>
<previousColumn>false</previousColumn>
<autoIncrementCycle>false</autoIncrementCycle>
<associations>
<colAssociation fkAssociation="F0CAE880-EBB6-1ED9-69BB-E6836D3758D4" referredColumn="E95DF978-6B8A-EEA0-4B35-9B1EC3026BC8"/>
</associations>
</Column>
<Column name="assessor_id" id="F8BC164D-0373-4341-1BC6-1C5152E28628">
<createdBy>Jason</createdBy>
<createdTime>2020-10-11 11:56:35 UTC</createdTime>
<commentInRDBMS><![CDATA[This is assessor id which identifies attributes of assessor
for example 
assessor id ranges from 0001 to  9999
]]></commentInRDBMS>
<generatorID>0D858EA8-CA7B-0D2E-B865-C38F59E9E505</generatorID>
<ownerDesignName>asm1b</ownerDesignName>
<useDomainConstraints>false</useDomainConstraints>
<use>1</use>
<logicalDatatype>LOGDT019</logicalDatatype>
<dataTypePrecision>4</dataTypePrecision>
<ownDataTypeParameters>,,</ownDataTypeParameters>
<previousColumn>false</previousColumn>
<autoIncrementCycle>false</autoIncrementCycle>
<associations>
<colAssociation fkAssociation="357EFD5B-91CA-6691-EF70-0468ACB106BB" referredColumn="B9515D07-B4A6-EF3C-4A50-F37B29D98FBC"/>
</associations>
</Column>
<Column name="LGA_code" id="AE4C1CCD-E24B-C013-8815-1C1CBFFF2F36">
<createdBy>Jason</createdBy>
<createdTime>2020-10-11 11:56:35 UTC</createdTime>
<commentInRDBMS><![CDATA[This is the LGA code which identifies attributes of LGA
example : 00000028 is one of the LGA code]]></commentInRDBMS>
<generatorID>A21DD56A-2620-383F-A5FB-81D730260AF2</generatorID>
<ownerDesignName>asm1b</ownerDesignName>
<useDomainConstraints>false</useDomainConstraints>
<use>1</use>
<logicalDatatype>LOGDT019</logicalDatatype>
<dataTypePrecision>8</dataTypePrecision>
<ownDataTypeParameters>,,</ownDataTypeParameters>
<previousColumn>false</previousColumn>
<autoIncrementCycle>false</autoIncrementCycle>
<associations>
<colAssociation fkAssociation="ADBDBF20-A9DF-5BA3-57FD-16CE7BFADA93" referredColumn="A5C234A5-B4F3-884A-0930-AC13F6371F14"/>
</associations>
</Column>
<Column name="damage_total_destroy" id="01FBC346-46F6-F488-ADE3-FE5CFB6CF7B0">
<createdBy>Jason</createdBy>
<createdTime>2020-10-11 11:56:35 UTC</createdTime>
<commentInRDBMS><![CDATA[This is the total  damage cost]]></commentInRDBMS>
<generatorID>C1B24C0F-EDDF-3525-F281-8386BAF7EA35</generatorID>
<ownerDesignName>asm1b</ownerDesignName>
<nullsAllowed>true</nullsAllowed>
<useDomainConstraints>false</useDomainConstraints>
<use>1</use>
<logicalDatatype>LOGDT025</logicalDatatype>
<dataTypeSize>1</dataTypeSize>
<listOfValues>
<valueDef value="N" description="No"/>
<valueDef value="Y" description="Yes"/>
</listOfValues>
<ownDataTypeParameters>1,,</ownDataTypeParameters>
<autoIncrementCycle>false</autoIncrementCycle>
</Column>
<Column name="damage_cost" id="68BFA9F9-918E-3D1E-9088-49C89040E819">
<createdBy>Jason</createdBy>
<createdTime>2020-10-11 11:56:35 UTC</createdTime>
<commentInRDBMS><![CDATA[This is the damage cost]]></commentInRDBMS>
<generatorID>C03F79F3-BF82-51D1-03E4-EF5DD0BC5CD7</generatorID>
<ownerDesignName>asm1b</ownerDesignName>
<nullsAllowed>true</nullsAllowed>
<useDomainConstraints>false</useDomainConstraints>
<use>1</use>
<logicalDatatype>LOGDT019</logicalDatatype>
<dataTypePrecision>16</dataTypePrecision>
<dataTypeScale>3</dataTypeScale>
<ownDataTypeParameters>,16,3</ownDataTypeParameters>
<autoIncrementCycle>false</autoIncrementCycle>
</Column>
</columns>
<indexes itemClass="oracle.dbtools.crest.model.design.relational.Index">
<ind_PK_UK id="5F4FF323-A3E0-3735-684A-8AEE4E2C59CE" name="damage_PK">
<createdBy>Jason</createdBy>
<createdTime>2020-10-11 11:56:35 UTC</createdTime>
<generatorID>3D74C17E-F8E7-D664-48E7-6E41BFD6DB3B</generatorID>
<ownerDesignName>asm1b</ownerDesignName>
<pk>true</pk>
<indexState>Primary Constraint</indexState>
<isSurrogateKey>false</isSurrogateKey>
<indexColumnUsage>
<colUsage columnID="56DDA129-C7FC-8258-B460-3D7C184C8A56"/>
</indexColumnUsage>
</ind_PK_UK>
<ind_PK_UK id="C5D3B2F7-DFD9-3BF9-BA60-7D9275AFCE09" name="damage_nk">
<createdBy>Jason</createdBy>
<createdTime>2020-10-11 11:56:35 UTC</createdTime>
<generatorID>7A1A1EBC-13B7-6919-6506-B252BDB5E13A</generatorID>
<ownerDesignName>asm1b</ownerDesignName>
<indexState>Unique Constraint</indexState>
<isSurrogateKey>false</isSurrogateKey>
<indexColumnUsage>
<colUsage columnID="B07FDC12-679F-E7CD-F681-4102E4B50B74"/>
<colUsage columnID="1314C3CC-EEB3-16CA-19FB-656796014787"/>
<colUsage columnID="FA9CBA42-BE70-C538-2595-216DDFD3B020"/>
</indexColumnUsage>
</ind_PK_UK>
<ind_PK_UK id="56A747E6-55EC-68E0-2CB0-21F0694BCA18" name="assessor_damage">
<createdBy>Jason</createdBy>
<createdTime>2020-10-11 11:56:35 UTC</createdTime>
<generatorID>FD8C27F2-ABED-EE5A-23FC-A9FCA58B1203</generatorID>
<ownerDesignName>asm1b</ownerDesignName>
<indexState>Foreign Key</indexState>
<isSurrogateKey>false</isSurrogateKey>
<indexColumnUsage>
<colUsage columnID="F8BC164D-0373-4341-1BC6-1C5152E28628"/>
</indexColumnUsage>
</ind_PK_UK>
<ind_PK_UK id="E12974F2-44D1-71B8-C9F6-36D54CB546ED" name="building_damage">
<createdBy>Jason</createdBy>
<createdTime>2020-10-11 11:56:35 UTC</createdTime>
<generatorID>0FDB5120-38B2-C2A4-037F-CE6F65878658</generatorID>
<ownerDesignName>asm1b</ownerDesignName>
<indexState>Foreign Key</indexState>
<isSurrogateKey>false</isSurrogateKey>
<indexColumnUsage>
<colUsage columnID="B07FDC12-679F-E7CD-F681-4102E4B50B74"/>
<colUsage columnID="1314C3CC-EEB3-16CA-19FB-656796014787"/>
</indexColumnUsage>
</ind_PK_UK>
<ind_PK_UK id="052A1F5F-0051-B954-6170-BA3B0A05EF71" name="fire_event_damage">
<createdBy>Jason</createdBy>
<createdTime>2020-10-11 11:56:35 UTC</createdTime>
<generatorID>6D6E1C6C-D739-2D52-30B2-92EF4907F3D9</generatorID>
<ownerDesignName>asm1b</ownerDesignName>
<indexState>Foreign Key</indexState>
<isSurrogateKey>false</isSurrogateKey>
<indexColumnUsage>
<colUsage columnID="FA9CBA42-BE70-C538-2595-216DDFD3B020"/>
</indexColumnUsage>
</ind_PK_UK>
<ind_PK_UK id="DC319FBA-22F9-5817-0DE6-9477329BD204" name="LGA_damage">
<createdBy>Jason</createdBy>
<createdTime>2020-10-11 11:56:35 UTC</createdTime>
<generatorID>C29ABAE0-BA5A-C0D7-D84E-E727E726901F</generatorID>
<ownerDesignName>asm1b</ownerDesignName>
<indexState>Foreign Key</indexState>
<isSurrogateKey>false</isSurrogateKey>
<indexColumnUsage>
<colUsage columnID="AE4C1CCD-E24B-C013-8815-1C1CBFFF2F36"/>
</indexColumnUsage>
</ind_PK_UK>
</indexes>
</Table>
