<?xml version = '1.0' encoding = 'UTF-8'?>
<Table class="oracle.dbtools.crest.model.design.relational.Table" directorySegmentName="seg_0" id="A8B25A70-B9D1-814B-127A-55C40E215746" name="LGA">
<createdBy>Jason</createdBy>
<createdTime>2020-10-11 11:56:35 UTC</createdTime>
<generatorID>CE164B31-3890-E276-C799-1CEF97C42872</generatorID>
<ownerDesignName>asm1b</ownerDesignName>
<allowColumnReorder>false</allowColumnReorder>
<existDependencyGenerateInDDl>true</existDependencyGenerateInDDl>
<parsed>true</parsed>
<columns itemClass="oracle.dbtools.crest.model.design.relational.Column">
<Column name="LGA_code" id="A5C234A5-B4F3-884A-0930-AC13F6371F14">
<createdBy>Jason</createdBy>
<createdTime>2020-10-11 11:56:35 UTC</createdTime>
<commentInRDBMS><![CDATA[This is the LGA code which identifies attributes of LGA
example : 00000028 is one of the LGA code]]></commentInRDBMS>
<generatorID>9996C68E-DD62-C837-9E29-4CCEACE26D92</generatorID>
<ownerDesignName>asm1b</ownerDesignName>
<useDomainConstraints>false</useDomainConstraints>
<use>1</use>
<logicalDatatype>LOGDT019</logicalDatatype>
<dataTypePrecision>8</dataTypePrecision>
<ownDataTypeParameters>,8,</ownDataTypeParameters>
<autoIncrementCycle>false</autoIncrementCycle>
</Column>
<Column name="LGA_name" id="95C42426-F7E5-8346-AF6E-52ADDBAED848">
<createdBy>Jason</createdBy>
<createdTime>2020-10-11 11:56:35 UTC</createdTime>
<commentInRDBMS><![CDATA[This is the LGA name ]]></commentInRDBMS>
<generatorID>9C34D53A-F744-A61A-EA7B-6671989BC52D</generatorID>
<ownerDesignName>asm1b</ownerDesignName>
<useDomainConstraints>false</useDomainConstraints>
<use>1</use>
<logicalDatatype>LOGDT024</logicalDatatype>
<dataTypeSize>128</dataTypeSize>
<ownDataTypeParameters>128,,</ownDataTypeParameters>
<autoIncrementCycle>false</autoIncrementCycle>
</Column>
<Column name="LGA_size" id="3FA91D05-059B-AE2A-846B-F6AF1294AE05">
<createdBy>Jason</createdBy>
<createdTime>2020-10-11 11:56:35 UTC</createdTime>
<commentInRDBMS><![CDATA[This is the LGA size]]></commentInRDBMS>
<generatorID>753089DF-4500-DDA3-4979-05E7C6D09EA0</generatorID>
<ownerDesignName>asm1b</ownerDesignName>
<nullsAllowed>true</nullsAllowed>
<useDomainConstraints>false</useDomainConstraints>
<use>1</use>
<logicalDatatype>LOGDT019</logicalDatatype>
<dataTypePrecision>13</dataTypePrecision>
<dataTypeScale>2</dataTypeScale>
<ownDataTypeParameters>,13,2</ownDataTypeParameters>
<autoIncrementCycle>false</autoIncrementCycle>
</Column>
<Column name="LGA_CEO_name" id="3C9A2C90-9AAB-3E24-0981-EA242F45E5A3">
<createdBy>Jason</createdBy>
<createdTime>2020-10-11 11:56:35 UTC</createdTime>
<commentInRDBMS><![CDATA[This is the LGA CEO name]]></commentInRDBMS>
<generatorID>B349EAF8-6114-F8E9-9F35-C2C045A5D0FD</generatorID>
<ownerDesignName>asm1b</ownerDesignName>
<nullsAllowed>true</nullsAllowed>
<useDomainConstraints>false</useDomainConstraints>
<use>1</use>
<logicalDatatype>LOGDT024</logicalDatatype>
<dataTypeSize>128</dataTypeSize>
<ownDataTypeParameters>128,,</ownDataTypeParameters>
<autoIncrementCycle>false</autoIncrementCycle>
</Column>
<Column name="LGA_phone_num" id="566FFFD5-88ED-C899-E349-DBE90CE7AB36">
<createdBy>Jason</createdBy>
<createdTime>2020-10-11 11:56:35 UTC</createdTime>
<commentInRDBMS><![CDATA[This is the LGA phone number

Geographic numbers : 
	Central East region (02)
	South-east region (03)
	North-east region (07)
	Central and West region (08)
	Mobile phone numbers (04, 05)
==============================================
Format of AU phone number : 
	Phone number = 0 + (Geographic numbers) + (Australian "Local Area" 	numbers [8 digits] )

	For example,  I want to dial to South-east region australia (Geographic numbers is 3)
Phone number = 0312345678]]></commentInRDBMS>
<generatorID>C24551ED-46EE-5576-019D-33D6EB046DB5</generatorID>
<ownerDesignName>asm1b</ownerDesignName>
<nullsAllowed>true</nullsAllowed>
<useDomainConstraints>false</useDomainConstraints>
<use>1</use>
<logicalDatatype>LOGDT019</logicalDatatype>
<dataTypePrecision>10</dataTypePrecision>
<ownDataTypeParameters>,10,</ownDataTypeParameters>
<autoIncrementCycle>false</autoIncrementCycle>
<listOfRanges>
<rangeDef class="oracle.dbtools.crest.model.design.constraint.AVT">
<beginValue>0200000000</beginValue>
<endValue>0299999999</endValue>
</rangeDef>
<rangeDef class="oracle.dbtools.crest.model.design.constraint.AVT">
<beginValue>0300000000</beginValue>
<endValue>0399999999</endValue>
</rangeDef>
<rangeDef class="oracle.dbtools.crest.model.design.constraint.AVT">
<beginValue>0400000000</beginValue>
<endValue>0499999999</endValue>
</rangeDef>
<rangeDef class="oracle.dbtools.crest.model.design.constraint.AVT">
<beginValue>0500000000</beginValue>
<endValue>0599999999</endValue>
</rangeDef>
<rangeDef class="oracle.dbtools.crest.model.design.constraint.AVT">
<beginValue>0700000000</beginValue>
<endValue>0799999999</endValue>
</rangeDef>
<rangeDef class="oracle.dbtools.crest.model.design.constraint.AVT">
<beginValue>0800000000</beginValue>
<endValue>0899999999</endValue>
</rangeDef>
</listOfRanges>
</Column>
</columns>
<indexes itemClass="oracle.dbtools.crest.model.design.relational.Index">
<ind_PK_UK id="1C508037-492B-3208-3761-9F98E75A7807" name="LGA_PK">
<createdBy>Jason</createdBy>
<createdTime>2020-10-11 11:56:35 UTC</createdTime>
<generatorID>5C1363ED-5713-0E56-DAE6-9CB3F03D8037</generatorID>
<ownerDesignName>asm1b</ownerDesignName>
<pk>true</pk>
<indexState>Primary Constraint</indexState>
<isSurrogateKey>false</isSurrogateKey>
<indexColumnUsage>
<colUsage columnID="A5C234A5-B4F3-884A-0930-AC13F6371F14"/>
</indexColumnUsage>
</ind_PK_UK>
</indexes>
</Table>
