<?xml version = '1.0' encoding = 'UTF-8'?>
<Table class="oracle.dbtools.crest.model.design.relational.Table" directorySegmentName="seg_0" id="D072D031-BCAD-4BAB-3DD0-08BF9BA18831" name="fire_event">
<createdBy>Jason</createdBy>
<createdTime>2020-10-11 11:56:35 UTC</createdTime>
<generatorID>4D54922B-E0A5-6AA1-F90E-7A567AB5A505</generatorID>
<ownerDesignName>asm1b</ownerDesignName>
<allowColumnReorder>false</allowColumnReorder>
<existDependencyGenerateInDDl>true</existDependencyGenerateInDDl>
<parsed>true</parsed>
<columns itemClass="oracle.dbtools.crest.model.design.relational.Column">
<Column name="fire_id" id="E95DF978-6B8A-EEA0-4B35-9B1EC3026BC8">
<createdBy>Jason</createdBy>
<createdTime>2020-10-11 11:56:35 UTC</createdTime>
<commentInRDBMS><![CDATA[This is the fire event id which identifies attributes of fire_event]]></commentInRDBMS>
<generatorID>F318A0CE-C397-01F2-136A-1799011FE879</generatorID>
<ownerDesignName>asm1b</ownerDesignName>
<useDomainConstraints>false</useDomainConstraints>
<use>1</use>
<logicalDatatype>LOGDT024</logicalDatatype>
<dataTypeSize>9</dataTypeSize>
<ownDataTypeParameters>9,,</ownDataTypeParameters>
<autoIncrementCycle>false</autoIncrementCycle>
<listOfRanges>
<rangeDef class="oracle.dbtools.crest.model.design.constraint.AVT">
<beginValue>F00000000</beginValue>
<endValue>F99999999</endValue>
</rangeDef>
</listOfRanges>
</Column>
<Column name="fire_name" id="B52FFBE5-7F9F-B362-8811-D7F8209E7253">
<createdBy>Jason</createdBy>
<createdTime>2020-10-11 11:56:35 UTC</createdTime>
<commentInRDBMS><![CDATA[This is the fire event name]]></commentInRDBMS>
<generatorID>4DF03EE7-371A-16AF-BD3E-557A09C3C4C2</generatorID>
<ownerDesignName>asm1b</ownerDesignName>
<nullsAllowed>true</nullsAllowed>
<useDomainConstraints>false</useDomainConstraints>
<use>1</use>
<logicalDatatype>LOGDT024</logicalDatatype>
<dataTypeSize>128</dataTypeSize>
<ownDataTypeParameters>128,,</ownDataTypeParameters>
<autoIncrementCycle>false</autoIncrementCycle>
</Column>
<Column name="fire_latitude" id="4FD49710-494B-6175-A401-D241DF3372D1">
<createdBy>Jason</createdBy>
<createdTime>2020-10-11 11:56:35 UTC</createdTime>
<commentInRDBMS><![CDATA[This is the fire  latitude
Since a fire event is a serious issues, the more precise the location code, the easier to find the location. 
So, the fire_latitude is 20-digit-long. 
For example, 0000134567.0099887734]]></commentInRDBMS>
<generatorID>07049F24-845D-46F2-0309-3AD7A7CEF83A</generatorID>
<ownerDesignName>asm1b</ownerDesignName>
<nullsAllowed>true</nullsAllowed>
<useDomainConstraints>false</useDomainConstraints>
<use>1</use>
<logicalDatatype>LOGDT019</logicalDatatype>
<dataTypePrecision>10</dataTypePrecision>
<dataTypeScale>4</dataTypeScale>
<ownDataTypeParameters>,10,4</ownDataTypeParameters>
<autoIncrementCycle>false</autoIncrementCycle>
</Column>
<Column name="fire_longitude" id="D97E5F8D-33C3-0AFA-4287-61DB66A90A25">
<createdBy>Jason</createdBy>
<createdTime>2020-10-11 11:56:35 UTC</createdTime>
<commentInRDBMS><![CDATA[This is the fire longitude
Since a fire event is a serious issues, the more precise the location code, the easier to find the location. 
So, the fire_longitude is 20-digit-long. 
For example, 0000134567.0099887734]]></commentInRDBMS>
<generatorID>E7294505-5D66-61FC-6C73-DB21B2D9455A</generatorID>
<ownerDesignName>asm1b</ownerDesignName>
<nullsAllowed>true</nullsAllowed>
<useDomainConstraints>false</useDomainConstraints>
<use>1</use>
<logicalDatatype>LOGDT019</logicalDatatype>
<dataTypePrecision>10</dataTypePrecision>
<dataTypeScale>4</dataTypeScale>
<ownDataTypeParameters>,10,4</ownDataTypeParameters>
<autoIncrementCycle>false</autoIncrementCycle>
</Column>
<Column name="fire_area" id="D8D81E20-BDB3-6196-AAAA-AA242E736A8C">
<createdBy>Jason</createdBy>
<createdTime>2020-10-11 11:56:35 UTC</createdTime>
<commentInRDBMS><![CDATA[This is the fire area]]></commentInRDBMS>
<generatorID>E7779851-A3F3-F2CE-A2DD-0A39FD689BE3</generatorID>
<ownerDesignName>asm1b</ownerDesignName>
<nullsAllowed>true</nullsAllowed>
<useDomainConstraints>false</useDomainConstraints>
<use>1</use>
<logicalDatatype>LOGDT019</logicalDatatype>
<dataTypePrecision>13</dataTypePrecision>
<dataTypeScale>3</dataTypeScale>
<ownDataTypeParameters>,13,3</ownDataTypeParameters>
<autoIncrementCycle>false</autoIncrementCycle>
</Column>
<Column name="fire_date_started" id="2A8776F6-0D93-B5B4-BEA7-42C4E1133179">
<createdBy>Jason</createdBy>
<createdTime>2020-10-11 11:56:35 UTC</createdTime>
<commentInRDBMS><![CDATA[This is the fire event started date]]></commentInRDBMS>
<generatorID>94E0ECFD-B4C8-C91B-3814-938230F6BCFC</generatorID>
<ownerDesignName>asm1b</ownerDesignName>
<nullsAllowed>true</nullsAllowed>
<useDomainConstraints>false</useDomainConstraints>
<use>1</use>
<logicalDatatype>LOGDT007</logicalDatatype>
<ownDataTypeParameters>,,</ownDataTypeParameters>
<autoIncrementCycle>false</autoIncrementCycle>
</Column>
<Column name="fire_lives_lost" id="2E8132B4-23F8-0618-00B1-4F5122A445F7">
<createdBy>Jason</createdBy>
<createdTime>2020-10-11 11:56:35 UTC</createdTime>
<commentInRDBMS><![CDATA[This is the fire event lost
]]></commentInRDBMS>
<generatorID>687C9311-A2F1-E830-FBBB-DFA1739424CC</generatorID>
<ownerDesignName>asm1b</ownerDesignName>
<nullsAllowed>true</nullsAllowed>
<useDomainConstraints>false</useDomainConstraints>
<use>1</use>
<logicalDatatype>LOGDT019</logicalDatatype>
<dataTypePrecision>10</dataTypePrecision>
<ownDataTypeParameters>,10,</ownDataTypeParameters>
<autoIncrementCycle>false</autoIncrementCycle>
</Column>
<Column name="fire_damage" id="763DDFBF-268B-532E-8856-8AD8AA73CB58">
<createdBy>Jason</createdBy>
<createdTime>2020-10-11 11:56:35 UTC</createdTime>
<commentInRDBMS><![CDATA[This is fire damage]]></commentInRDBMS>
<generatorID>7290320D-67F6-7507-8FB3-95BBA7E76768</generatorID>
<ownerDesignName>asm1b</ownerDesignName>
<nullsAllowed>true</nullsAllowed>
<useDomainConstraints>false</useDomainConstraints>
<use>1</use>
<logicalDatatype>LOGDT019</logicalDatatype>
<dataTypePrecision>16</dataTypePrecision>
<dataTypeScale>3</dataTypeScale>
<ownDataTypeParameters>,16,3</ownDataTypeParameters>
<autoIncrementCycle>false</autoIncrementCycle>
</Column>
<Column name="fire_id1" id="8633C767-24BF-F599-E3CB-96590D95165B">
<createdBy>Jason</createdBy>
<createdTime>2020-10-11 11:56:35 UTC</createdTime>
<commentInRDBMS><![CDATA[This is the fire event id which identifies attributes of fire_event]]></commentInRDBMS>
<generatorID>42304847-B539-9A6B-256E-B640B1F841D1</generatorID>
<ownerDesignName>asm1b</ownerDesignName>
<nullsAllowed>true</nullsAllowed>
<useDomainConstraints>false</useDomainConstraints>
<use>1</use>
<logicalDatatype>LOGDT024</logicalDatatype>
<dataTypeSize>9</dataTypeSize>
<ownDataTypeParameters>,,</ownDataTypeParameters>
<previousColumn>false</previousColumn>
<autoIncrementCycle>false</autoIncrementCycle>
<associations>
<colAssociation fkAssociation="7DF5677E-0516-4456-5DCA-6D7BAD6D0EF9" referredColumn="E95DF978-6B8A-EEA0-4B35-9B1EC3026BC8"/>
</associations>
</Column>
</columns>
<indexes itemClass="oracle.dbtools.crest.model.design.relational.Index">
<ind_PK_UK id="5916261F-C761-3A0E-F5BB-CA6E2289143C" name="fire_event_PK">
<createdBy>Jason</createdBy>
<createdTime>2020-10-11 11:56:35 UTC</createdTime>
<generatorID>8392B8A4-827A-80FA-D0CB-58410EEE1517</generatorID>
<ownerDesignName>asm1b</ownerDesignName>
<pk>true</pk>
<indexState>Primary Constraint</indexState>
<isSurrogateKey>false</isSurrogateKey>
<indexColumnUsage>
<colUsage columnID="E95DF978-6B8A-EEA0-4B35-9B1EC3026BC8"/>
</indexColumnUsage>
</ind_PK_UK>
<ind_PK_UK id="33CE57A4-55A9-77DA-2F0F-C35262804790" name="fire_event_fire_event">
<createdBy>Jason</createdBy>
<createdTime>2020-10-11 11:56:35 UTC</createdTime>
<generatorID>E7C65EF8-A588-8E91-7FC1-813346340537</generatorID>
<ownerDesignName>asm1b</ownerDesignName>
<indexState>Foreign Key</indexState>
<isSurrogateKey>false</isSurrogateKey>
<indexColumnUsage>
<colUsage columnID="8633C767-24BF-F599-E3CB-96590D95165B"/>
</indexColumnUsage>
</ind_PK_UK>
</indexes>
</Table>
