<?xml version = '1.0' encoding = 'UTF-8'?>
<Table class="oracle.dbtools.crest.model.design.relational.Table" directorySegmentName="seg_0" id="E3CB6CF4-1F31-A89F-7916-A84C551C7C16" name="Visit_datetime">
<createdBy>Jason</createdBy>
<createdTime>2020-10-11 11:56:35 UTC</createdTime>
<generatorID>655A1636-A5F9-3CE3-99F2-4F1E95F93FD6</generatorID>
<ownerDesignName>asm1b</ownerDesignName>
<allowColumnReorder>false</allowColumnReorder>
<existDependencyGenerateInDDl>true</existDependencyGenerateInDDl>
<parsed>true</parsed>
<columns itemClass="oracle.dbtools.crest.model.design.relational.Column">
<Column name="arrival_date_and_time" id="404B9366-34A8-E4AB-E15C-D195D798EBFE">
<createdBy>Jason</createdBy>
<createdTime>2020-10-11 11:56:35 UTC</createdTime>
<commentInRDBMS><![CDATA[This is arrival date and time of the visit]]></commentInRDBMS>
<generatorID>C190B9B6-A581-4FEB-0081-90882C304458</generatorID>
<ownerDesignName>asm1b</ownerDesignName>
<useDomainConstraints>false</useDomainConstraints>
<use>1</use>
<logicalDatatype>LOGDT007</logicalDatatype>
<ownDataTypeParameters>,,</ownDataTypeParameters>
<autoIncrementCycle>false</autoIncrementCycle>
</Column>
<Column name="departed_date_and_time" id="F6629C41-9C4C-0CAB-2053-6B3E5AB3116F">
<createdBy>Jason</createdBy>
<createdTime>2020-10-11 11:56:35 UTC</createdTime>
<commentInRDBMS><![CDATA[This is departed date and time of the visit]]></commentInRDBMS>
<generatorID>00A13D4A-B77D-0421-CFAA-9F0E2BA93461</generatorID>
<ownerDesignName>asm1b</ownerDesignName>
<nullsAllowed>true</nullsAllowed>
<useDomainConstraints>false</useDomainConstraints>
<use>1</use>
<logicalDatatype>LOGDT007</logicalDatatype>
<ownDataTypeParameters>,,</ownDataTypeParameters>
<autoIncrementCycle>false</autoIncrementCycle>
</Column>
<Column name="damage_id" id="CC3013FB-DAFA-F1A3-AC86-DD9699254E38">
<createdBy>Jason</createdBy>
<createdTime>2020-10-11 11:56:35 UTC</createdTime>
<commentInRDBMS><![CDATA[surrogate key of Damage which identifies attributes of damage
The key ranges from 00000001 to 99999999]]></commentInRDBMS>
<generatorID>4FBA730F-6F0D-909E-AFB2-6DE73A1C1A9E</generatorID>
<ownerDesignName>asm1b</ownerDesignName>
<useDomainConstraints>false</useDomainConstraints>
<use>1</use>
<logicalDatatype>LOGDT019</logicalDatatype>
<dataTypePrecision>8</dataTypePrecision>
<ownDataTypeParameters>,,</ownDataTypeParameters>
<previousColumn>false</previousColumn>
<autoIncrementCycle>false</autoIncrementCycle>
<associations>
<colAssociation fkAssociation="B6383FB9-DD10-A2C8-B623-E0AA1900B4DA" referredColumn="56DDA129-C7FC-8258-B460-3D7C184C8A56"/>
</associations>
</Column>
</columns>
<indexes itemClass="oracle.dbtools.crest.model.design.relational.Index">
<ind_PK_UK id="11FB852F-C3F5-1628-CEDB-F5E136914D8D" name="visit_PK">
<createdBy>Jason</createdBy>
<createdTime>2020-10-11 11:56:35 UTC</createdTime>
<generatorID>AA1C2783-F1D0-3720-D603-7C4BF21B70C8</generatorID>
<ownerDesignName>asm1b</ownerDesignName>
<pk>true</pk>
<indexState>Primary Constraint</indexState>
<isSurrogateKey>false</isSurrogateKey>
<indexColumnUsage>
<colUsage columnID="404B9366-34A8-E4AB-E15C-D195D798EBFE"/>
<colUsage columnID="CC3013FB-DAFA-F1A3-AC86-DD9699254E38"/>
</indexColumnUsage>
</ind_PK_UK>
<ind_PK_UK id="F82F9AFA-61CB-F9FF-536C-53DA7D82C787" name="damage_visit">
<createdBy>Jason</createdBy>
<createdTime>2020-10-11 11:56:35 UTC</createdTime>
<generatorID>33C6EA44-24B2-D132-6384-374087CE8DBB</generatorID>
<ownerDesignName>asm1b</ownerDesignName>
<indexState>Foreign Key</indexState>
<isSurrogateKey>false</isSurrogateKey>
<indexColumnUsage>
<colUsage columnID="CC3013FB-DAFA-F1A3-AC86-DD9699254E38"/>
</indexColumnUsage>
</ind_PK_UK>
</indexes>
</Table>
