<?xml version = '1.0' encoding = 'UTF-8'?>
<Diagram class="oracle.dbtools.crest.swingui.relational.DPVRelational" name="Relational_1" id="8ACB399B-27C7-A969-B35B-DD1DE75DA7B1">
<createdBy>Jason</createdBy>
<modifiedBy>Jason</modifiedBy>
<createdTime>2020-10-11 12:41:51 UTC</createdTime>
<autoRoute>false</autoRoute>
<boxInbox>true</boxInbox>
<showLegend>false</showLegend>
<showLabels>false</showLabels>
<showRelAttributes>false</showRelAttributes>
<gridEnabled>false</gridEnabled>
<showGrid>false</showGrid>
<diagramColor>-1</diagramColor>
<display>false</display>
<notation>1</notation>
<objectViews>
<OView class="oracle.dbtools.crest.swingui.relational.TVTable" oid="1127D1EB-CFF5-0FBF-89F2-A52875602078" otype="Table" vid="30874690-AE7B-673C-ACDB-6BF8B66AAB93">
<hideElementsInCurrentOnly>false</hideElementsInCurrentOnly>
<bounds x="1073" y="573" width="131" height="157"/>
</OView>
<OView class="oracle.dbtools.crest.swingui.relational.TVTable" oid="11910A4C-95EA-6F18-AA9D-6CDE5CC72245" otype="Table" vid="CCD9F2B7-80A2-3574-AE0D-D69930B9683F">
<hideElementsInCurrentOnly>false</hideElementsInCurrentOnly>
<bounds x="942" y="13" width="239" height="83"/>
</OView>
<OView class="oracle.dbtools.crest.swingui.relational.TVTable" oid="19ED59EA-D13F-95EB-CA6D-A9E3C005E4EB" otype="Table" vid="3B81B42A-AFF8-FCA9-3EA3-95AE6C714D03">
<hideElementsInCurrentOnly>false</hideElementsInCurrentOnly>
<bounds x="459" y="617" width="219" height="122"/>
</OView>
<OView class="oracle.dbtools.crest.swingui.relational.TVTable" oid="3EEE95FE-986A-D1B4-3F2F-646EA1664509" otype="Table" vid="22233E19-265A-CBD6-5600-2C0BC0F61DC2">
<hideElementsInCurrentOnly>false</hideElementsInCurrentOnly>
<bounds x="788" y="134" width="244" height="110"/>
</OView>
<OView class="oracle.dbtools.crest.swingui.relational.TVTable" oid="784EDC0F-96DD-38B7-BE8E-2655D658E7B7" otype="Table" vid="E494DE5D-5D10-BF34-79B0-B034836F3B78">
<hideElementsInCurrentOnly>false</hideElementsInCurrentOnly>
<bounds x="792" y="641" width="170" height="86"/>
</OView>
<OView class="oracle.dbtools.crest.swingui.relational.TVTable" oid="7EE3128D-1A0B-89BD-FAE7-D83E84838D7E" otype="Table" vid="1843F9D9-265E-9A72-14F4-A8D6DC7D6C03">
<hideElementsInCurrentOnly>false</hideElementsInCurrentOnly>
<bounds x="1170" y="132" width="241" height="110"/>
</OView>
<OView class="oracle.dbtools.crest.swingui.relational.TVTable" oid="80C88815-F04A-639E-8A7E-AF6E41C0225A" otype="Table" vid="D991EAFA-E358-290D-5BEA-29E3D5F12B7C">
<hideElementsInCurrentOnly>false</hideElementsInCurrentOnly>
<bounds x="453" y="134" width="214" height="110"/>
</OView>
<OView class="oracle.dbtools.crest.swingui.relational.TVTable" oid="85A53793-3D03-1743-958A-690E43B47C4B" otype="Table" vid="D13CE23F-90BC-9C00-431C-5AC11D149086">
<hideElementsInCurrentOnly>false</hideElementsInCurrentOnly>
<bounds x="770" y="352" width="246" height="142"/>
</OView>
<OView class="oracle.dbtools.crest.swingui.relational.TVTable" oid="8C99E600-5AA8-2451-5659-BC7417F99C61" otype="Table" vid="03E1F09C-05DA-39C5-B13B-8B0E493B4BE3">
<hideElementsInCurrentOnly>false</hideElementsInCurrentOnly>
<bounds x="156" y="364" width="199" height="110"/>
</OView>
<OView class="oracle.dbtools.crest.swingui.relational.TVTable" oid="DBC761EC-18C2-1914-29DD-E962AAEB933F" otype="Table" vid="309310A0-E59D-5491-C312-50A0A5CED842">
<hideElementsInCurrentOnly>false</hideElementsInCurrentOnly>
<bounds x="450" y="359" width="240" height="133"/>
</OView>
<OView class="oracle.dbtools.crest.swingui.relational.TVTable" oid="E6549463-5915-A696-681E-A57B2AA0F969" otype="Table" vid="6E891A97-446D-75FE-1B01-52F64E5ED2C8">
<hideElementsInCurrentOnly>false</hideElementsInCurrentOnly>
<bounds x="1184" y="386" width="226" height="169"/>
</OView>
<OView class="oracle.dbtools.crest.swingui.relational.TVTable" oid="E6C33286-5880-4260-AA2F-D18A91BDC1C7" otype="Table" vid="CA706323-D08B-78BF-711C-42C9CBA20A8B">
<hideElementsInCurrentOnly>false</hideElementsInCurrentOnly>
<bounds x="1522" y="377" width="209" height="119"/>
</OView>
</objectViews>
<connectors>
<Connector class="oracle.dbtools.crest.swingui.relational.TVFKRelation" oid="15DD7846-317A-B24E-942C-2B4D34BCD89E" otype="FKIndexAssociation" vid_source="D13CE23F-90BC-9C00-431C-5AC11D149086" vid_target="6E891A97-446D-75FE-1B01-52F64E5ED2C8">
<hideElementsInCurrentOnly>false</hideElementsInCurrentOnly>
<backgroundColor>-16777216</backgroundColor>
<lineWidth>1</lineWidth>
<points>
<point x="1016" y="455"/>
<point x="1184" y="455"/>
</points>
</Connector>
<Connector class="oracle.dbtools.crest.swingui.relational.TVFKRelation" oid="2DB5AD18-7368-A264-F551-E77A78F2FEDD" otype="FKIndexAssociation" vid_source="30874690-AE7B-673C-ACDB-6BF8B66AAB93" vid_target="E494DE5D-5D10-BF34-79B0-B034836F3B78">
<hideElementsInCurrentOnly>false</hideElementsInCurrentOnly>
<backgroundColor>-16777216</backgroundColor>
<lineWidth>1</lineWidth>
<points>
<point x="1073" y="684"/>
<point x="962" y="684"/>
</points>
</Connector>
<Connector class="oracle.dbtools.crest.swingui.relational.TVFKRelation" oid="34F945E7-A9AC-0675-C130-09CCD48D495E" otype="FKIndexAssociation" vid_source="1843F9D9-265E-9A72-14F4-A8D6DC7D6C03" vid_target="CCD9F2B7-80A2-3574-AE0D-D69930B9683F">
<hideElementsInCurrentOnly>false</hideElementsInCurrentOnly>
<backgroundColor>-16777216</backgroundColor>
<lineWidth>1</lineWidth>
<points>
<point x="1315" y="132"/>
<point x="1315" y="69"/>
<point x="1181" y="69"/>
</points>
</Connector>
<Connector class="oracle.dbtools.crest.swingui.relational.TVFKRelation" oid="41915A32-373B-F83E-CFA4-2579D7E56EC9" otype="FKIndexAssociation" vid_source="3B81B42A-AFF8-FCA9-3EA3-95AE6C714D03" vid_target="6E891A97-446D-75FE-1B01-52F64E5ED2C8">
<hideElementsInCurrentOnly>false</hideElementsInCurrentOnly>
<backgroundColor>-16777216</backgroundColor>
<lineWidth>1</lineWidth>
<points>
<point x="613" y="617"/>
<point x="613" y="523"/>
<point x="1184" y="523"/>
</points>
</Connector>
<Connector class="oracle.dbtools.crest.swingui.relational.TVFKRelation" oid="469F10DB-D379-5A4C-469A-02CBC0BEA320" otype="FKIndexAssociation" vid_source="3B81B42A-AFF8-FCA9-3EA3-95AE6C714D03" vid_target="E494DE5D-5D10-BF34-79B0-B034836F3B78">
<hideElementsInCurrentOnly>false</hideElementsInCurrentOnly>
<backgroundColor>-16777216</backgroundColor>
<lineWidth>1</lineWidth>
<points>
<point x="678" y="684"/>
<point x="792" y="684"/>
</points>
</Connector>
<Connector class="oracle.dbtools.crest.swingui.relational.TVFKRelation" oid="4FD96CF9-4B54-1B9E-965D-DCDDD679387A" otype="FKIndexAssociation" vid_source="22233E19-265A-CBD6-5600-2C0BC0F61DC2" vid_target="CCD9F2B7-80A2-3574-AE0D-D69930B9683F">
<hideElementsInCurrentOnly>false</hideElementsInCurrentOnly>
<backgroundColor>-16777216</backgroundColor>
<lineWidth>1</lineWidth>
<points>
<point x="843" y="134"/>
<point x="843" y="49"/>
<point x="942" y="49"/>
</points>
</Connector>
<Connector class="oracle.dbtools.crest.swingui.relational.TVFKRelation" oid="50D46EAB-81A0-3FFD-86D7-9FA90243B9BE" otype="FKIndexAssociation" vid_source="D991EAFA-E358-290D-5BEA-29E3D5F12B7C" vid_target="309310A0-E59D-5491-C312-50A0A5CED842">
<hideElementsInCurrentOnly>false</hideElementsInCurrentOnly>
<backgroundColor>-16777216</backgroundColor>
<lineWidth>1</lineWidth>
<points>
<point x="560" y="244"/>
<point x="560" y="359"/>
</points>
</Connector>
<Connector class="oracle.dbtools.crest.swingui.relational.TVFKRelation" oid="6291C58B-BBBA-88CE-4466-379B02E9A753" otype="FKIndexAssociation" vid_source="30874690-AE7B-673C-ACDB-6BF8B66AAB93" vid_target="6E891A97-446D-75FE-1B01-52F64E5ED2C8">
<hideElementsInCurrentOnly>false</hideElementsInCurrentOnly>
<backgroundColor>-16777216</backgroundColor>
<lineWidth>1</lineWidth>
<points>
<point x="1204" y="598"/>
<point x="1297" y="598"/>
<point x="1297" y="555"/>
</points>
</Connector>
<Connector class="oracle.dbtools.crest.swingui.relational.TVFKRelation" oid="73CC6B0D-B74F-3AF2-0489-ACFABBF7286C" otype="FKIndexAssociation" vid_source="22233E19-265A-CBD6-5600-2C0BC0F61DC2" vid_target="D13CE23F-90BC-9C00-431C-5AC11D149086">
<hideElementsInCurrentOnly>false</hideElementsInCurrentOnly>
<backgroundColor>-16777216</backgroundColor>
<lineWidth>1</lineWidth>
<points>
<point x="902" y="244"/>
<point x="902" y="352"/>
</points>
</Connector>
<Connector class="oracle.dbtools.crest.swingui.relational.TVFKRelation" oid="82049620-06DE-57DE-7E7B-054361E5CCE8" otype="FKIndexAssociation" vid_source="6E891A97-446D-75FE-1B01-52F64E5ED2C8" vid_target="CA706323-D08B-78BF-711C-42C9CBA20A8B">
<hideElementsInCurrentOnly>false</hideElementsInCurrentOnly>
<backgroundColor>-16777216</backgroundColor>
<lineWidth>1</lineWidth>
<points>
<point x="1410" y="456"/>
<point x="1522" y="456"/>
</points>
</Connector>
<Connector class="oracle.dbtools.crest.swingui.relational.TVFKRelation" oid="853505B5-F53A-468B-834A-0FC99528D67E" otype="FKIndexAssociation" vid_source="30874690-AE7B-673C-ACDB-6BF8B66AAB93" vid_target="30874690-AE7B-673C-ACDB-6BF8B66AAB93">
<hideElementsInCurrentOnly>false</hideElementsInCurrentOnly>
<backgroundColor>-16777216</backgroundColor>
<lineWidth>1</lineWidth>
<points>
<point x="1204" y="666"/>
<point x="1278" y="666"/>
<point x="1278" y="756"/>
<point x="1183" y="756"/>
<point x="1183" y="730"/>
</points>
</Connector>
<Connector class="oracle.dbtools.crest.swingui.relational.TVFKRelation" oid="AC5F36C4-C4D7-7757-177A-C2F72372B082" otype="FKIndexAssociation" vid_source="309310A0-E59D-5491-C312-50A0A5CED842" vid_target="D13CE23F-90BC-9C00-431C-5AC11D149086">
<hideElementsInCurrentOnly>false</hideElementsInCurrentOnly>
<backgroundColor>-16777216</backgroundColor>
<lineWidth>1</lineWidth>
<points>
<point x="690" y="425"/>
<point x="770" y="425"/>
</points>
</Connector>
<Connector class="oracle.dbtools.crest.swingui.relational.TVFKRelation" oid="C9C92A50-34A7-5037-AC94-85384029EEC6" otype="FKIndexAssociation" vid_source="03E1F09C-05DA-39C5-B13B-8B0E493B4BE3" vid_target="309310A0-E59D-5491-C312-50A0A5CED842">
<hideElementsInCurrentOnly>false</hideElementsInCurrentOnly>
<backgroundColor>-16777216</backgroundColor>
<lineWidth>1</lineWidth>
<points>
<point x="355" y="419"/>
<point x="450" y="419"/>
</points>
</Connector>
<Connector class="oracle.dbtools.crest.swingui.relational.TVFKRelation" oid="CB6F72FA-DCDF-96F7-7B5C-F460F550E275" otype="FKIndexAssociation" vid_source="3B81B42A-AFF8-FCA9-3EA3-95AE6C714D03" vid_target="D13CE23F-90BC-9C00-431C-5AC11D149086">
<hideElementsInCurrentOnly>false</hideElementsInCurrentOnly>
<backgroundColor>-16777216</backgroundColor>
<lineWidth>1</lineWidth>
<points>
<point x="678" y="628"/>
<point x="823" y="628"/>
<point x="823" y="494"/>
</points>
</Connector>
<Connector class="oracle.dbtools.crest.swingui.relational.TVFKRelation" oid="DCD53756-24C9-E3E1-9964-439F151E3778" otype="FKIndexAssociation" vid_source="1843F9D9-265E-9A72-14F4-A8D6DC7D6C03" vid_target="6E891A97-446D-75FE-1B01-52F64E5ED2C8">
<hideElementsInCurrentOnly>false</hideElementsInCurrentOnly>
<backgroundColor>-16777216</backgroundColor>
<lineWidth>1</lineWidth>
<points>
<point x="1312" y="242"/>
<point x="1312" y="386"/>
</points>
</Connector>
</connectors>
</Diagram>
