<?xml version = '1.0' encoding = 'UTF-8'?>
<Diagram class="oracle.dbtools.crest.swingui.relational.DPVRelational" name="Relational_1" id="E8134186-C8B1-3156-DACE-4C30177DB82D">
<createdBy>Jason</createdBy>
<modifiedBy>Jason</modifiedBy>
<createdTime>2020-10-11 23:30:37 UTC</createdTime>
<autoRoute>false</autoRoute>
<boxInbox>true</boxInbox>
<showLegend>false</showLegend>
<showLabels>false</showLabels>
<showRelAttributes>false</showRelAttributes>
<gridEnabled>false</gridEnabled>
<showGrid>false</showGrid>
<diagramColor>-1</diagramColor>
<display>false</display>
<notation>1</notation>
<objectViews>
<OView class="oracle.dbtools.crest.swingui.relational.TVTable" oid="090C732A-E967-71F6-6288-73EB0D08CC46" otype="Table" vid="5B64028C-C542-8DB4-7058-882948F3B6A1">
<hideElementsInCurrentOnly>false</hideElementsInCurrentOnly>
<bounds x="453" y="134" width="228" height="110"/>
</OView>
<OView class="oracle.dbtools.crest.swingui.relational.TVTable" oid="0FCB5EC0-949A-DC3E-6487-751863ACAD92" otype="Table" vid="0020D094-58B8-AA47-A26A-F5AC11518539">
<hideElementsInCurrentOnly>false</hideElementsInCurrentOnly>
<bounds x="446" y="745" width="219" height="122"/>
</OView>
<OView class="oracle.dbtools.crest.swingui.relational.TVTable" oid="220FF810-B776-F5CA-79FB-2E7924C5E655" otype="Table" vid="434F36A1-C980-1F20-20B1-141415E84447">
<hideElementsInCurrentOnly>false</hideElementsInCurrentOnly>
<bounds x="1522" y="377" width="209" height="119"/>
</OView>
<OView class="oracle.dbtools.crest.swingui.relational.TVTable" oid="49E67406-4C21-654E-1805-2BE4A228CE26" otype="Table" vid="CBFE6B0F-E70C-DB23-BA57-46107F1EE2AF">
<hideElementsInCurrentOnly>false</hideElementsInCurrentOnly>
<bounds x="781" y="185" width="244" height="110"/>
</OView>
<OView class="oracle.dbtools.crest.swingui.relational.TVTable" oid="60177184-B7E1-D3C5-5317-76E29C983EAF" otype="Table" vid="8D60564A-646B-E3BA-430B-CA1C1BE81BB9">
<hideElementsInCurrentOnly>false</hideElementsInCurrentOnly>
<bounds x="156" y="364" width="228" height="110"/>
</OView>
<OView class="oracle.dbtools.crest.swingui.relational.TVTable" oid="973E761F-4CBD-F760-7C5D-C7193D932277" otype="Table" vid="651B1CCA-A61D-B394-F79B-A024BCA68FFA">
<hideElementsInCurrentOnly>false</hideElementsInCurrentOnly>
<bounds x="450" y="359" width="240" height="183"/>
</OView>
<OView class="oracle.dbtools.crest.swingui.relational.TVTable" oid="9A67D2E0-3F42-C4FB-29AB-2FB281413E84" otype="Table" vid="12704DA4-BCF1-5DCA-D6B2-3D74C3B1492B">
<hideElementsInCurrentOnly>false</hideElementsInCurrentOnly>
<bounds x="1171" y="172" width="241" height="110"/>
</OView>
<OView class="oracle.dbtools.crest.swingui.relational.TVTable" oid="B57FDD39-01C6-78FA-E9F3-CCA997983E33" otype="Table" vid="44D7AE9A-E075-C326-0611-A964547D19E0">
<hideElementsInCurrentOnly>false</hideElementsInCurrentOnly>
<bounds x="1184" y="386" width="249" height="223"/>
</OView>
<OView class="oracle.dbtools.crest.swingui.relational.TVTable" oid="B70632A6-31A3-EA77-AB2A-AA5A1BE132EA" otype="Table" vid="AA3200D7-FBBD-495F-082F-699BC96FC13D">
<hideElementsInCurrentOnly>false</hideElementsInCurrentOnly>
<bounds x="791" y="714" width="170" height="117"/>
</OView>
<OView class="oracle.dbtools.crest.swingui.relational.TVTable" oid="C5AFF77A-A173-8AD9-E0CD-EAEA75DCBD2E" otype="Table" vid="BB4EDAA1-0DD2-EF46-C911-D1FB57418964">
<hideElementsInCurrentOnly>false</hideElementsInCurrentOnly>
<bounds x="770" y="352" width="246" height="217"/>
</OView>
<OView class="oracle.dbtools.crest.swingui.relational.TVTable" oid="E8D33F65-A954-3820-F51B-BFD3C3CD2408" otype="Table" vid="BE907D39-EDB6-04D1-66D4-246805B59121">
<hideElementsInCurrentOnly>false</hideElementsInCurrentOnly>
<bounds x="1097" y="654" width="243" height="231"/>
</OView>
<OView class="oracle.dbtools.crest.swingui.relational.TVTable" oid="EDD6BEB3-DA32-6286-E723-BEC345A6271B" otype="Table" vid="D2C425E1-0816-EB97-3A5B-75766DAD1F81">
<hideElementsInCurrentOnly>false</hideElementsInCurrentOnly>
<bounds x="942" y="13" width="239" height="153"/>
</OView>
</objectViews>
<connectors>
<Connector class="oracle.dbtools.crest.swingui.relational.TVFKRelation" oid="024B8634-56DA-15D0-33F1-9024A0CCA389" otype="FKIndexAssociation" vid_source="BB4EDAA1-0DD2-EF46-C911-D1FB57418964" vid_target="44D7AE9A-E075-C326-0611-A964547D19E0">
<hideElementsInCurrentOnly>false</hideElementsInCurrentOnly>
<backgroundColor>-16777216</backgroundColor>
<lineWidth>1</lineWidth>
<points>
<point x="1016" y="477"/>
<point x="1184" y="477"/>
</points>
</Connector>
<Connector class="oracle.dbtools.crest.swingui.relational.TVFKRelation" oid="13E492C2-AEAB-CDA5-2FEF-5E93C6FEF55C" otype="FKIndexAssociation" vid_source="BE907D39-EDB6-04D1-66D4-246805B59121" vid_target="BE907D39-EDB6-04D1-66D4-246805B59121">
<hideElementsInCurrentOnly>false</hideElementsInCurrentOnly>
<backgroundColor>-16777216</backgroundColor>
<lineWidth>1</lineWidth>
<points>
<point x="1340" y="743"/>
<point x="1397" y="743"/>
<point x="1397" y="833"/>
<point x="1400" y="824"/>
<point x="1340" y="824"/>
</points>
</Connector>
<Connector class="oracle.dbtools.crest.swingui.relational.TVFKRelation" oid="1E2A5B94-F5DD-4365-3C42-7CBC32C14D75" otype="FKIndexAssociation" vid_source="12704DA4-BCF1-5DCA-D6B2-3D74C3B1492B" vid_target="44D7AE9A-E075-C326-0611-A964547D19E0">
<hideElementsInCurrentOnly>false</hideElementsInCurrentOnly>
<backgroundColor>-16777216</backgroundColor>
<lineWidth>1</lineWidth>
<points>
<point x="1313" y="282"/>
<point x="1313" y="386"/>
</points>
</Connector>
<Connector class="oracle.dbtools.crest.swingui.relational.TVFKRelation" oid="3FA62DBD-E1AF-774D-6B92-17BE3DC7C292" otype="FKIndexAssociation" vid_source="BE907D39-EDB6-04D1-66D4-246805B59121" vid_target="AA3200D7-FBBD-495F-082F-699BC96FC13D">
<hideElementsInCurrentOnly>false</hideElementsInCurrentOnly>
<backgroundColor>-16777216</backgroundColor>
<lineWidth>1</lineWidth>
<points>
<point x="1097" y="772"/>
<point x="961" y="772"/>
</points>
</Connector>
<Connector class="oracle.dbtools.crest.swingui.relational.TVFKRelation" oid="4553441D-AD6D-A746-494C-0ADFB538CE02" otype="FKIndexAssociation" vid_source="CBFE6B0F-E70C-DB23-BA57-46107F1EE2AF" vid_target="BB4EDAA1-0DD2-EF46-C911-D1FB57418964">
<hideElementsInCurrentOnly>false</hideElementsInCurrentOnly>
<backgroundColor>-16777216</backgroundColor>
<lineWidth>1</lineWidth>
<points>
<point x="913" y="295"/>
<point x="913" y="352"/>
</points>
</Connector>
<Connector class="oracle.dbtools.crest.swingui.relational.TVFKRelation" oid="48DCF616-914A-7851-444E-D0C8D380C6A1" otype="FKIndexAssociation" vid_source="5B64028C-C542-8DB4-7058-882948F3B6A1" vid_target="651B1CCA-A61D-B394-F79B-A024BCA68FFA">
<hideElementsInCurrentOnly>false</hideElementsInCurrentOnly>
<backgroundColor>-16777216</backgroundColor>
<lineWidth>1</lineWidth>
<points>
<point x="582" y="244"/>
<point x="582" y="359"/>
</points>
</Connector>
<Connector class="oracle.dbtools.crest.swingui.relational.TVFKRelation" oid="4C4C4389-A201-D9C9-ACC4-23CE20F0E11C" otype="FKIndexAssociation" vid_source="0020D094-58B8-AA47-A26A-F5AC11518539" vid_target="BB4EDAA1-0DD2-EF46-C911-D1FB57418964">
<hideElementsInCurrentOnly>false</hideElementsInCurrentOnly>
<backgroundColor>-16777216</backgroundColor>
<lineWidth>1</lineWidth>
<points>
<point x="665" y="745"/>
<point x="823" y="628"/>
<point x="823" y="569"/>
</points>
</Connector>
<Connector class="oracle.dbtools.crest.swingui.relational.TVFKRelation" oid="56D6B370-619C-FCD1-E1B2-96FB86F679D4" otype="FKIndexAssociation" vid_source="651B1CCA-A61D-B394-F79B-A024BCA68FFA" vid_target="BB4EDAA1-0DD2-EF46-C911-D1FB57418964">
<hideElementsInCurrentOnly>false</hideElementsInCurrentOnly>
<backgroundColor>-16777216</backgroundColor>
<lineWidth>1</lineWidth>
<points>
<point x="690" y="450"/>
<point x="770" y="450"/>
</points>
</Connector>
<Connector class="oracle.dbtools.crest.swingui.relational.TVFKRelation" oid="9C035884-23F6-8035-41F3-73EEAA80D5A7" otype="FKIndexAssociation" vid_source="8D60564A-646B-E3BA-430B-CA1C1BE81BB9" vid_target="651B1CCA-A61D-B394-F79B-A024BCA68FFA">
<hideElementsInCurrentOnly>false</hideElementsInCurrentOnly>
<backgroundColor>-16777216</backgroundColor>
<lineWidth>1</lineWidth>
<points>
<point x="384" y="434"/>
<point x="450" y="434"/>
</points>
</Connector>
<Connector class="oracle.dbtools.crest.swingui.relational.TVFKRelation" oid="A9C3038F-DC88-55BD-292E-DAFE874C8579" otype="FKIndexAssociation" vid_source="44D7AE9A-E075-C326-0611-A964547D19E0" vid_target="434F36A1-C980-1F20-20B1-141415E84447">
<hideElementsInCurrentOnly>false</hideElementsInCurrentOnly>
<backgroundColor>-16777216</backgroundColor>
<lineWidth>1</lineWidth>
<points>
<point x="1433" y="456"/>
<point x="1522" y="456"/>
</points>
</Connector>
<Connector class="oracle.dbtools.crest.swingui.relational.TVFKRelation" oid="C30356DD-04E9-D3E9-9EE0-5065C29F6019" otype="FKIndexAssociation" vid_source="CBFE6B0F-E70C-DB23-BA57-46107F1EE2AF" vid_target="D2C425E1-0816-EB97-3A5B-75766DAD1F81">
<hideElementsInCurrentOnly>false</hideElementsInCurrentOnly>
<backgroundColor>-16777216</backgroundColor>
<lineWidth>1</lineWidth>
<points>
<point x="843" y="185"/>
<point x="843" y="49"/>
<point x="942" y="49"/>
</points>
</Connector>
<Connector class="oracle.dbtools.crest.swingui.relational.TVFKRelation" oid="CDE6DF18-983E-F41F-81E8-049258144CFB" otype="FKIndexAssociation" vid_source="0020D094-58B8-AA47-A26A-F5AC11518539" vid_target="44D7AE9A-E075-C326-0611-A964547D19E0">
<hideElementsInCurrentOnly>false</hideElementsInCurrentOnly>
<backgroundColor>-16777216</backgroundColor>
<lineWidth>1</lineWidth>
<points>
<point x="613" y="745"/>
<point x="613" y="523"/>
<point x="1184" y="523"/>
</points>
</Connector>
<Connector class="oracle.dbtools.crest.swingui.relational.TVFKRelation" oid="DE5B23AD-68D1-E040-BBDC-FF1F36875DDD" otype="FKIndexAssociation" vid_source="BE907D39-EDB6-04D1-66D4-246805B59121" vid_target="44D7AE9A-E075-C326-0611-A964547D19E0">
<hideElementsInCurrentOnly>false</hideElementsInCurrentOnly>
<backgroundColor>-16777216</backgroundColor>
<lineWidth>1</lineWidth>
<points>
<point x="1297" y="654"/>
<point x="1297" y="598"/>
<point x="1297" y="609"/>
</points>
</Connector>
<Connector class="oracle.dbtools.crest.swingui.relational.TVFKRelation" oid="E75BCB9B-E52A-9ABF-6DF3-9273D901E3D0" otype="FKIndexAssociation" vid_source="0020D094-58B8-AA47-A26A-F5AC11518539" vid_target="AA3200D7-FBBD-495F-082F-699BC96FC13D">
<hideElementsInCurrentOnly>false</hideElementsInCurrentOnly>
<backgroundColor>-16777216</backgroundColor>
<lineWidth>1</lineWidth>
<points>
<point x="665" y="788"/>
<point x="791" y="788"/>
</points>
</Connector>
<Connector class="oracle.dbtools.crest.swingui.relational.TVFKRelation" oid="F15FF2AA-7669-8C35-5A56-79F14C72ADEF" otype="FKIndexAssociation" vid_source="12704DA4-BCF1-5DCA-D6B2-3D74C3B1492B" vid_target="D2C425E1-0816-EB97-3A5B-75766DAD1F81">
<hideElementsInCurrentOnly>false</hideElementsInCurrentOnly>
<backgroundColor>-16777216</backgroundColor>
<lineWidth>1</lineWidth>
<points>
<point x="1315" y="172"/>
<point x="1315" y="69"/>
<point x="1181" y="69"/>
</points>
</Connector>
</connectors>
</Diagram>