<?xml version = '1.0' encoding = 'UTF-8'?>
<Table class="oracle.dbtools.crest.model.design.relational.Table" directorySegmentName="seg_0" id="220FF810-B776-F5CA-79FB-2E7924C5E655" name="Visit_datetime">
<createdBy>Jason</createdBy>
<createdTime>2020-10-11 23:30:51 UTC</createdTime>
<generatorID>655A1636-A5F9-3CE3-99F2-4F1E95F93FD6</generatorID>
<ownerDesignName>fdas_logical</ownerDesignName>
<allowColumnReorder>false</allowColumnReorder>
<existDependencyGenerateInDDl>true</existDependencyGenerateInDDl>
<parsed>true</parsed>
<columns itemClass="oracle.dbtools.crest.model.design.relational.Column">
<Column name="arrival_date_and_time" id="3FDC6BA5-3631-23EC-221E-5E5095291153">
<createdBy>Jason</createdBy>
<createdTime>2020-10-11 23:30:51 UTC</createdTime>
<commentInRDBMS><![CDATA[This is arrival date and time of the visit]]></commentInRDBMS>
<generatorID>C190B9B6-A581-4FEB-0081-90882C304458</generatorID>
<ownerDesignName>fdas_logical</ownerDesignName>
<useDomainConstraints>false</useDomainConstraints>
<use>1</use>
<logicalDatatype>LOGDT007</logicalDatatype>
<ownDataTypeParameters>,,</ownDataTypeParameters>
<autoIncrementCycle>false</autoIncrementCycle>
</Column>
<Column name="departed_date_and_time" id="FCC9AA8D-3705-DFD0-3D4D-F7001CC7F6F0">
<createdBy>Jason</createdBy>
<createdTime>2020-10-11 23:30:51 UTC</createdTime>
<commentInRDBMS><![CDATA[This is departed date and time of the visit]]></commentInRDBMS>
<generatorID>00A13D4A-B77D-0421-CFAA-9F0E2BA93461</generatorID>
<ownerDesignName>fdas_logical</ownerDesignName>
<nullsAllowed>true</nullsAllowed>
<useDomainConstraints>false</useDomainConstraints>
<use>1</use>
<logicalDatatype>LOGDT007</logicalDatatype>
<ownDataTypeParameters>,,</ownDataTypeParameters>
<autoIncrementCycle>false</autoIncrementCycle>
</Column>
<Column name="damage_id" id="D2B33011-8542-0FBC-0FCF-3ACFA165C44C">
<createdBy>Jason</createdBy>
<createdTime>2020-10-11 23:30:51 UTC</createdTime>
<commentInRDBMS><![CDATA[surrogate key of Damage which identifies attributes of damage
The key ranges from 00000001 to 99999999]]></commentInRDBMS>
<generatorID>4FBA730F-6F0D-909E-AFB2-6DE73A1C1A9E</generatorID>
<ownerDesignName>fdas_logical</ownerDesignName>
<useDomainConstraints>false</useDomainConstraints>
<use>1</use>
<logicalDatatype>LOGDT019</logicalDatatype>
<dataTypePrecision>8</dataTypePrecision>
<ownDataTypeParameters>,,</ownDataTypeParameters>
<previousColumn>false</previousColumn>
<autoIncrementCycle>false</autoIncrementCycle>
<associations>
<colAssociation fkAssociation="A9C3038F-DC88-55BD-292E-DAFE874C8579" referredColumn="01C04466-43BD-89D8-1C10-BFA8A05C4DA8"/>
</associations>
</Column>
</columns>
<indexes itemClass="oracle.dbtools.crest.model.design.relational.Index">
<ind_PK_UK id="BD57BF59-2A03-15FE-62E6-D3D59657930A" name="visit_PK">
<createdBy>Jason</createdBy>
<createdTime>2020-10-11 23:30:51 UTC</createdTime>
<generatorID>AA1C2783-F1D0-3720-D603-7C4BF21B70C8</generatorID>
<ownerDesignName>fdas_logical</ownerDesignName>
<pk>true</pk>
<indexState>Primary Constraint</indexState>
<isSurrogateKey>false</isSurrogateKey>
<indexColumnUsage>
<colUsage columnID="3FDC6BA5-3631-23EC-221E-5E5095291153"/>
<colUsage columnID="D2B33011-8542-0FBC-0FCF-3ACFA165C44C"/>
</indexColumnUsage>
</ind_PK_UK>
<ind_PK_UK id="16367D49-CA01-0A99-E969-1E875D83D7C7" name="damage_visit">
<createdBy>Jason</createdBy>
<createdTime>2020-10-11 23:30:51 UTC</createdTime>
<generatorID>33C6EA44-24B2-D132-6384-374087CE8DBB</generatorID>
<ownerDesignName>fdas_logical</ownerDesignName>
<indexState>Foreign Key</indexState>
<isSurrogateKey>false</isSurrogateKey>
<indexColumnUsage>
<colUsage columnID="D2B33011-8542-0FBC-0FCF-3ACFA165C44C"/>
</indexColumnUsage>
</ind_PK_UK>
</indexes>
</Table>