<?xml version = '1.0' encoding = 'UTF-8'?>
<Table class="oracle.dbtools.crest.model.design.relational.Table" directorySegmentName="seg_0" id="973E761F-4CBD-F760-7C5D-C7193D932277" name="property">
<createdBy>Jason</createdBy>
<createdTime>2020-10-11 23:30:51 UTC</createdTime>
<generatorID>4CE090CF-E550-7A66-B1F4-AE0B5F00672C</generatorID>
<ownerDesignName>fdas_logical</ownerDesignName>
<allowColumnReorder>false</allowColumnReorder>
<existDependencyGenerateInDDl>true</existDependencyGenerateInDDl>
<parsed>true</parsed>
<columns itemClass="oracle.dbtools.crest.model.design.relational.Column">
<Column name="property_id" id="50E766A6-5C62-8776-2771-9319C23C880D">
<createdBy>Jason</createdBy>
<createdTime>2020-10-11 23:30:51 UTC</createdTime>
<commentInRDBMS><![CDATA[This is property id  which identifies attributes of property]]></commentInRDBMS>
<generatorID>07DACED4-CE53-0D0C-B07F-3FA5E00773EF</generatorID>
<ownerDesignName>fdas_logical</ownerDesignName>
<useDomainConstraints>false</useDomainConstraints>
<use>1</use>
<logicalDatatype>LOGDT019</logicalDatatype>
<dataTypePrecision>7</dataTypePrecision>
<ownDataTypeParameters>,7,</ownDataTypeParameters>
<autoIncrementCycle>false</autoIncrementCycle>
</Column>
<Column name="property_street" id="C7E9F59E-784C-C4E4-CEAD-CD340DC26941">
<createdBy>Jason</createdBy>
<createdTime>2020-10-11 23:30:51 UTC</createdTime>
<commentInRDBMS><![CDATA[This is property street]]></commentInRDBMS>
<generatorID>5633EAFB-9FC6-753B-DC9D-6FE832A00174</generatorID>
<ownerDesignName>fdas_logical</ownerDesignName>
<nullsAllowed>true</nullsAllowed>
<useDomainConstraints>false</useDomainConstraints>
<use>1</use>
<logicalDatatype>LOGDT024</logicalDatatype>
<dataTypeSize>100</dataTypeSize>
<ownDataTypeParameters>100,,</ownDataTypeParameters>
<autoIncrementCycle>false</autoIncrementCycle>
</Column>
<Column name="property_town" id="05284FFE-053A-387C-9E59-7AE976677E3A">
<createdBy>Jason</createdBy>
<createdTime>2020-10-11 23:30:51 UTC</createdTime>
<commentInRDBMS><![CDATA[This is property town]]></commentInRDBMS>
<generatorID>A1B700DC-A927-0B6B-6669-2DF16ECE6970</generatorID>
<ownerDesignName>fdas_logical</ownerDesignName>
<nullsAllowed>true</nullsAllowed>
<useDomainConstraints>false</useDomainConstraints>
<use>1</use>
<logicalDatatype>LOGDT024</logicalDatatype>
<dataTypeSize>100</dataTypeSize>
<ownDataTypeParameters>100,,</ownDataTypeParameters>
<autoIncrementCycle>false</autoIncrementCycle>
</Column>
<Column name="property_postcode" id="D03863B3-1071-5E25-D91F-BBB8BB582EF4">
<createdBy>Jason</createdBy>
<createdTime>2020-10-11 23:30:51 UTC</createdTime>
<commentInRDBMS><![CDATA[This is property postcode 

For example, Syd2121 is the postcode of Epping in Sydney ]]></commentInRDBMS>
<generatorID>FC5D2F4C-3568-5735-2C8E-EFD9E6F616B2</generatorID>
<ownerDesignName>fdas_logical</ownerDesignName>
<nullsAllowed>true</nullsAllowed>
<useDomainConstraints>false</useDomainConstraints>
<use>1</use>
<logicalDatatype>LOGDT024</logicalDatatype>
<dataTypeSize>16</dataTypeSize>
<ownDataTypeParameters>16,,</ownDataTypeParameters>
<autoIncrementCycle>false</autoIncrementCycle>
</Column>
<Column name="property_size" id="637EEEEC-3FD6-C7CB-39DF-B1E3AFACADB7">
<createdBy>Jason</createdBy>
<createdTime>2020-10-11 23:30:51 UTC</createdTime>
<commentInRDBMS><![CDATA[This is property size]]></commentInRDBMS>
<generatorID>26AAA275-A96D-D70E-7F92-22874CB55A1A</generatorID>
<ownerDesignName>fdas_logical</ownerDesignName>
<nullsAllowed>true</nullsAllowed>
<useDomainConstraints>false</useDomainConstraints>
<use>1</use>
<logicalDatatype>LOGDT019</logicalDatatype>
<dataTypePrecision>13</dataTypePrecision>
<dataTypeScale>3</dataTypeScale>
<ownDataTypeParameters>,13,3</ownDataTypeParameters>
<autoIncrementCycle>false</autoIncrementCycle>
</Column>
<Column name="owner_id" id="324316BB-46C9-10FF-247B-A25215EBBE8A">
<createdBy>Jason</createdBy>
<createdTime>2020-10-11 23:30:51 UTC</createdTime>
<commentInRDBMS><![CDATA[This is owner id which identifies attributes of owner]]></commentInRDBMS>
<generatorID>8E83D408-6681-44E4-9085-BB73E0944F79</generatorID>
<ownerDesignName>fdas_logical</ownerDesignName>
<useDomainConstraints>false</useDomainConstraints>
<use>1</use>
<logicalDatatype>LOGDT019</logicalDatatype>
<dataTypePrecision>5</dataTypePrecision>
<ownDataTypeParameters>,,</ownDataTypeParameters>
<previousColumn>false</previousColumn>
<autoIncrementCycle>false</autoIncrementCycle>
<associations>
<colAssociation fkAssociation="48DCF616-914A-7851-444E-D0C8D380C6A1" referredColumn="53827189-CD08-CA50-715E-61869757045E"/>
</associations>
</Column>
<Column name="proprty_type_id" id="742BCB09-55FF-37B5-CEC7-1E1DA9ABA740">
<createdBy>Jason</createdBy>
<createdTime>2020-10-11 23:30:51 UTC</createdTime>
<commentInRDBMS><![CDATA[This is the proprty_type_id which identifies attributes of property_type
Constraint : 
B  = This indicates business property
F = This indicates farm property
R = This indicates residential property
]]></commentInRDBMS>
<generatorID>B6FAA5BB-CEBC-C9BD-28FE-E471A84EC56A</generatorID>
<ownerDesignName>fdas_logical</ownerDesignName>
<useDomainConstraints>false</useDomainConstraints>
<use>1</use>
<logicalDatatype>LOGDT025</logicalDatatype>
<dataTypeSize>1</dataTypeSize>
<ownDataTypeParameters>,,</ownDataTypeParameters>
<previousColumn>false</previousColumn>
<autoIncrementCycle>false</autoIncrementCycle>
<associations>
<colAssociation fkAssociation="9C035884-23F6-8035-41F3-73EEAA80D5A7" referredColumn="92AD00A7-97B9-0983-105E-D7AA1531917B"/>
</associations>
</Column>
</columns>
<indexes itemClass="oracle.dbtools.crest.model.design.relational.Index">
<ind_PK_UK id="9DA7CB6B-6FCF-1262-F0B9-BFE783ADF3C6" name="property_PK">
<createdBy>Jason</createdBy>
<createdTime>2020-10-11 23:30:51 UTC</createdTime>
<generatorID>F1BF7187-5BA7-3733-5601-DE5061C33924</generatorID>
<ownerDesignName>fdas_logical</ownerDesignName>
<pk>true</pk>
<indexState>Primary Constraint</indexState>
<isSurrogateKey>false</isSurrogateKey>
<indexColumnUsage>
<colUsage columnID="50E766A6-5C62-8776-2771-9319C23C880D"/>
</indexColumnUsage>
</ind_PK_UK>
<ind_PK_UK id="9299578F-3551-55C8-6E40-36C83FD22052" name="owner_property">
<createdBy>Jason</createdBy>
<createdTime>2020-10-11 23:30:51 UTC</createdTime>
<generatorID>4F468187-9EB6-B064-A247-E7F145AA315B</generatorID>
<ownerDesignName>fdas_logical</ownerDesignName>
<indexState>Foreign Key</indexState>
<isSurrogateKey>false</isSurrogateKey>
<indexColumnUsage>
<colUsage columnID="324316BB-46C9-10FF-247B-A25215EBBE8A"/>
</indexColumnUsage>
</ind_PK_UK>
<ind_PK_UK id="CFB38E4F-61C4-19F6-6C2B-84C6B87096B8" name="Relation_15">
<createdBy>Jason</createdBy>
<createdTime>2020-10-11 23:30:51 UTC</createdTime>
<generatorID>C294C5BD-81C0-5880-EB35-5BB4363ACE24</generatorID>
<ownerDesignName>fdas_logical</ownerDesignName>
<indexState>Foreign Key</indexState>
<isSurrogateKey>false</isSurrogateKey>
<indexColumnUsage>
<colUsage columnID="742BCB09-55FF-37B5-CEC7-1E1DA9ABA740"/>
</indexColumnUsage>
</ind_PK_UK>
</indexes>
</Table>