<?xml version = '1.0' encoding = 'UTF-8'?>
<Table class="oracle.dbtools.crest.model.design.relational.Table" directorySegmentName="seg_0" id="B57FDD39-01C6-78FA-E9F3-CCA997983E33" name="damage">
<createdBy>Jason</createdBy>
<createdTime>2020-10-11 23:30:51 UTC</createdTime>
<generatorID>3010FCA9-8D4C-604E-C789-BF5945EFD43C</generatorID>
<ownerDesignName>fdas_logical</ownerDesignName>
<allowColumnReorder>false</allowColumnReorder>
<existDependencyGenerateInDDl>true</existDependencyGenerateInDDl>
<parsed>true</parsed>
<columns itemClass="oracle.dbtools.crest.model.design.relational.Column">
<Column name="damage_id" id="01C04466-43BD-89D8-1C10-BFA8A05C4DA8">
<createdBy>Jason</createdBy>
<createdTime>2020-10-11 23:30:51 UTC</createdTime>
<commentInRDBMS><![CDATA[surrogate key of Damage which identifies attributes of damage
The key ranges from 00000001 to 99999999]]></commentInRDBMS>
<generatorID>F0F514F9-27BE-3186-856C-231B546C0084</generatorID>
<ownerDesignName>fdas_logical</ownerDesignName>
<useDomainConstraints>false</useDomainConstraints>
<use>1</use>
<logicalDatatype>LOGDT019</logicalDatatype>
<dataTypePrecision>8</dataTypePrecision>
<ownDataTypeParameters>,8,</ownDataTypeParameters>
<autoIncrementCycle>false</autoIncrementCycle>
</Column>
<Column name="property_id" id="362DBA7A-E71A-FD14-9558-3A892D1A06E3">
<createdBy>Jason</createdBy>
<createdTime>2020-10-11 23:30:51 UTC</createdTime>
<commentInRDBMS><![CDATA[This is property id  which identifies attributes of property]]></commentInRDBMS>
<generatorID>3A7C57B0-E64B-5F25-0D43-BE7AA0F68F57</generatorID>
<ownerDesignName>fdas_logical</ownerDesignName>
<useDomainConstraints>false</useDomainConstraints>
<use>1</use>
<logicalDatatype>LOGDT019</logicalDatatype>
<dataTypePrecision>7</dataTypePrecision>
<ownDataTypeParameters>,,</ownDataTypeParameters>
<previousColumn>false</previousColumn>
<autoIncrementCycle>false</autoIncrementCycle>
<associations>
<colAssociation fkAssociation="024B8634-56DA-15D0-33F1-9024A0CCA389" referredColumn="1F7033A4-1151-6969-6810-F974E91ADF90"/>
</associations>
</Column>
<Column name="building_id" id="6EBAEC75-6D05-4196-B041-4BA235B77646">
<createdBy>Jason</createdBy>
<createdTime>2020-10-11 23:30:51 UTC</createdTime>
<commentInRDBMS><![CDATA[This is building id]]></commentInRDBMS>
<generatorID>262D3729-0F90-F842-E37B-4A08404B3D34</generatorID>
<ownerDesignName>fdas_logical</ownerDesignName>
<useDomainConstraints>false</useDomainConstraints>
<use>1</use>
<logicalDatatype>LOGDT019</logicalDatatype>
<dataTypePrecision>2</dataTypePrecision>
<ownDataTypeParameters>,,</ownDataTypeParameters>
<previousColumn>false</previousColumn>
<autoIncrementCycle>false</autoIncrementCycle>
<associations>
<colAssociation fkAssociation="024B8634-56DA-15D0-33F1-9024A0CCA389" referredColumn="2086F310-66B2-90C7-5BB0-08445E85487A"/>
</associations>
</Column>
<Column name="fire_id" id="830FBC52-4EE9-8E54-2DF5-487FD3CF067B">
<createdBy>Jason</createdBy>
<createdTime>2020-10-11 23:30:51 UTC</createdTime>
<commentInRDBMS><![CDATA[This is the fire event id which identifies attributes of fire_event]]></commentInRDBMS>
<generatorID>243D89F0-4B85-A9C1-661F-53E5E338D628</generatorID>
<ownerDesignName>fdas_logical</ownerDesignName>
<useDomainConstraints>false</useDomainConstraints>
<use>1</use>
<logicalDatatype>LOGDT024</logicalDatatype>
<dataTypeSize>9</dataTypeSize>
<ownDataTypeParameters>,,</ownDataTypeParameters>
<previousColumn>false</previousColumn>
<autoIncrementCycle>false</autoIncrementCycle>
<associations>
<colAssociation fkAssociation="DE5B23AD-68D1-E040-BBDC-FF1F36875DDD" referredColumn="AA1D02B2-7A54-2D44-C33C-30EC8D33C84F"/>
</associations>
</Column>
<Column name="assessor_id" id="6619207D-4A4D-D983-1013-D68E9657A05E">
<createdBy>Jason</createdBy>
<createdTime>2020-10-11 23:30:51 UTC</createdTime>
<commentInRDBMS><![CDATA[This is assessor id which identifies attributes of assessor
for example 
assessor id ranges from 0001 to  9999
]]></commentInRDBMS>
<generatorID>0D858EA8-CA7B-0D2E-B865-C38F59E9E505</generatorID>
<ownerDesignName>fdas_logical</ownerDesignName>
<useDomainConstraints>false</useDomainConstraints>
<use>1</use>
<logicalDatatype>LOGDT019</logicalDatatype>
<dataTypePrecision>4</dataTypePrecision>
<ownDataTypeParameters>,,</ownDataTypeParameters>
<previousColumn>false</previousColumn>
<autoIncrementCycle>false</autoIncrementCycle>
<associations>
<colAssociation fkAssociation="1E2A5B94-F5DD-4365-3C42-7CBC32C14D75" referredColumn="1BE20B7C-A3BE-BF06-DF60-AA6B97C1CA42"/>
</associations>
</Column>
<Column name="LGA_code" id="CE385B14-CF18-023B-A8F3-1999586CFDB8">
<createdBy>Jason</createdBy>
<createdTime>2020-10-11 23:30:51 UTC</createdTime>
<commentInRDBMS><![CDATA[This is the LGA code which identifies attributes of LGA
example : 00000028 is one of the LGA code]]></commentInRDBMS>
<generatorID>A21DD56A-2620-383F-A5FB-81D730260AF2</generatorID>
<ownerDesignName>fdas_logical</ownerDesignName>
<useDomainConstraints>false</useDomainConstraints>
<use>1</use>
<logicalDatatype>LOGDT019</logicalDatatype>
<dataTypePrecision>8</dataTypePrecision>
<ownDataTypeParameters>,,</ownDataTypeParameters>
<previousColumn>false</previousColumn>
<autoIncrementCycle>false</autoIncrementCycle>
<associations>
<colAssociation fkAssociation="CDE6DF18-983E-F41F-81E8-049258144CFB" referredColumn="1D54C3FA-B826-0AF5-113B-64E55F6879E4"/>
</associations>
</Column>
<Column name="damage_total_destroy" id="530455F8-FB91-F0B8-47D1-8497EEEFBAF5">
<createdBy>Jason</createdBy>
<createdTime>2020-10-11 23:30:51 UTC</createdTime>
<commentInRDBMS><![CDATA[This is the total  damage cost]]></commentInRDBMS>
<generatorID>C1B24C0F-EDDF-3525-F281-8386BAF7EA35</generatorID>
<ownerDesignName>fdas_logical</ownerDesignName>
<nullsAllowed>true</nullsAllowed>
<useDomainConstraints>false</useDomainConstraints>
<use>1</use>
<logicalDatatype>LOGDT025</logicalDatatype>
<dataTypeSize>1</dataTypeSize>
<listOfValues>
<valueDef value="N" description="No"/>
<valueDef value="Y" description="Yes"/>
</listOfValues>
<ownDataTypeParameters>1,,</ownDataTypeParameters>
<autoIncrementCycle>false</autoIncrementCycle>
</Column>
<Column name="damage_cost" id="5B3D957E-D5C9-64C3-C765-D4859A8DC10B">
<createdBy>Jason</createdBy>
<createdTime>2020-10-11 23:30:51 UTC</createdTime>
<commentInRDBMS><![CDATA[This is the damage cost]]></commentInRDBMS>
<generatorID>C03F79F3-BF82-51D1-03E4-EF5DD0BC5CD7</generatorID>
<ownerDesignName>fdas_logical</ownerDesignName>
<nullsAllowed>true</nullsAllowed>
<useDomainConstraints>false</useDomainConstraints>
<use>1</use>
<logicalDatatype>LOGDT019</logicalDatatype>
<dataTypePrecision>16</dataTypePrecision>
<dataTypeScale>3</dataTypeScale>
<ownDataTypeParameters>,16,3</ownDataTypeParameters>
<autoIncrementCycle>false</autoIncrementCycle>
</Column>
</columns>
<indexes itemClass="oracle.dbtools.crest.model.design.relational.Index">
<ind_PK_UK id="F7CBFB1E-03E6-D48D-4F0A-2F426996C713" name="damage_PK">
<createdBy>Jason</createdBy>
<createdTime>2020-10-11 23:30:51 UTC</createdTime>
<generatorID>3D74C17E-F8E7-D664-48E7-6E41BFD6DB3B</generatorID>
<ownerDesignName>fdas_logical</ownerDesignName>
<pk>true</pk>
<indexState>Primary Constraint</indexState>
<isSurrogateKey>false</isSurrogateKey>
<indexColumnUsage>
<colUsage columnID="01C04466-43BD-89D8-1C10-BFA8A05C4DA8"/>
</indexColumnUsage>
</ind_PK_UK>
<ind_PK_UK id="B7884A92-4645-213A-0B24-9DFF1A32C687" name="damage_nk">
<createdBy>Jason</createdBy>
<createdTime>2020-10-11 23:30:51 UTC</createdTime>
<generatorID>7A1A1EBC-13B7-6919-6506-B252BDB5E13A</generatorID>
<ownerDesignName>fdas_logical</ownerDesignName>
<indexState>Unique Constraint</indexState>
<isSurrogateKey>false</isSurrogateKey>
<indexColumnUsage>
<colUsage columnID="362DBA7A-E71A-FD14-9558-3A892D1A06E3"/>
<colUsage columnID="6EBAEC75-6D05-4196-B041-4BA235B77646"/>
<colUsage columnID="830FBC52-4EE9-8E54-2DF5-487FD3CF067B"/>
</indexColumnUsage>
</ind_PK_UK>
<ind_PK_UK id="F2F2B1D2-816D-2EEB-53FE-6F8D4A81D3C9" name="assessor_damage">
<createdBy>Jason</createdBy>
<createdTime>2020-10-11 23:30:51 UTC</createdTime>
<generatorID>FD8C27F2-ABED-EE5A-23FC-A9FCA58B1203</generatorID>
<ownerDesignName>fdas_logical</ownerDesignName>
<indexState>Foreign Key</indexState>
<isSurrogateKey>false</isSurrogateKey>
<indexColumnUsage>
<colUsage columnID="6619207D-4A4D-D983-1013-D68E9657A05E"/>
</indexColumnUsage>
</ind_PK_UK>
<ind_PK_UK id="E855912E-9AB3-6F0A-0B55-E4D37778A13B" name="building_damage">
<createdBy>Jason</createdBy>
<createdTime>2020-10-11 23:30:51 UTC</createdTime>
<generatorID>0FDB5120-38B2-C2A4-037F-CE6F65878658</generatorID>
<ownerDesignName>fdas_logical</ownerDesignName>
<indexState>Foreign Key</indexState>
<isSurrogateKey>false</isSurrogateKey>
<indexColumnUsage>
<colUsage columnID="362DBA7A-E71A-FD14-9558-3A892D1A06E3"/>
<colUsage columnID="6EBAEC75-6D05-4196-B041-4BA235B77646"/>
</indexColumnUsage>
</ind_PK_UK>
<ind_PK_UK id="833924A3-43CF-A772-144F-D2DECBE44539" name="fire_event_damage">
<createdBy>Jason</createdBy>
<createdTime>2020-10-11 23:30:51 UTC</createdTime>
<generatorID>6D6E1C6C-D739-2D52-30B2-92EF4907F3D9</generatorID>
<ownerDesignName>fdas_logical</ownerDesignName>
<indexState>Foreign Key</indexState>
<isSurrogateKey>false</isSurrogateKey>
<indexColumnUsage>
<colUsage columnID="830FBC52-4EE9-8E54-2DF5-487FD3CF067B"/>
</indexColumnUsage>
</ind_PK_UK>
<ind_PK_UK id="3D8EF09A-7004-D61D-617C-8327E01C6F99" name="LGA_damage">
<createdBy>Jason</createdBy>
<createdTime>2020-10-11 23:30:51 UTC</createdTime>
<generatorID>C29ABAE0-BA5A-C0D7-D84E-E727E726901F</generatorID>
<ownerDesignName>fdas_logical</ownerDesignName>
<indexState>Foreign Key</indexState>
<isSurrogateKey>false</isSurrogateKey>
<indexColumnUsage>
<colUsage columnID="CE385B14-CF18-023B-A8F3-1999586CFDB8"/>
</indexColumnUsage>
</ind_PK_UK>
</indexes>
</Table>