<?xml version = '1.0' encoding = 'UTF-8'?>
<Table class="oracle.dbtools.crest.model.design.relational.Table" directorySegmentName="seg_0" id="B70632A6-31A3-EA77-AB2A-AA5A1BE132EA" name="fire_lga">
<createdBy>Jason</createdBy>
<createdTime>2020-10-11 23:30:51 UTC</createdTime>
<generatorID>C7152BB5-E8E2-3505-FDA4-41A819754A05</generatorID>
<ownerDesignName>fdas_logical</ownerDesignName>
<allowColumnReorder>false</allowColumnReorder>
<existDependencyGenerateInDDl>true</existDependencyGenerateInDDl>
<parsed>true</parsed>
<columns itemClass="oracle.dbtools.crest.model.design.relational.Column">
<Column name="fire_id" id="FF19AA3A-1539-DEE1-544A-C89E202329A2">
<createdBy>Jason</createdBy>
<createdTime>2020-10-11 23:30:51 UTC</createdTime>
<commentInRDBMS><![CDATA[This is the fire event id which identifies attributes of fire_event]]></commentInRDBMS>
<generatorID>50DF6026-C204-C160-736E-B3269982C6F7</generatorID>
<ownerDesignName>fdas_logical</ownerDesignName>
<useDomainConstraints>false</useDomainConstraints>
<use>1</use>
<logicalDatatype>LOGDT024</logicalDatatype>
<dataTypeSize>9</dataTypeSize>
<ownDataTypeParameters>,,</ownDataTypeParameters>
<previousColumn>false</previousColumn>
<autoIncrementCycle>false</autoIncrementCycle>
<associations>
<colAssociation fkAssociation="3FA62DBD-E1AF-774D-6B92-17BE3DC7C292" referredColumn="AA1D02B2-7A54-2D44-C33C-30EC8D33C84F"/>
</associations>
</Column>
<Column name="LGA_code" id="A8738A20-FADC-5421-4DC4-E2EC593E487F">
<createdBy>Jason</createdBy>
<createdTime>2020-10-11 23:30:51 UTC</createdTime>
<commentInRDBMS><![CDATA[This is the LGA code which identifies attributes of LGA
example : 00000028 is one of the LGA code]]></commentInRDBMS>
<generatorID>3418BA29-8CAC-AFF8-1C0A-D855D32605E6</generatorID>
<ownerDesignName>fdas_logical</ownerDesignName>
<useDomainConstraints>false</useDomainConstraints>
<use>1</use>
<logicalDatatype>LOGDT019</logicalDatatype>
<dataTypePrecision>8</dataTypePrecision>
<ownDataTypeParameters>,,</ownDataTypeParameters>
<previousColumn>false</previousColumn>
<autoIncrementCycle>false</autoIncrementCycle>
<associations>
<colAssociation fkAssociation="E75BCB9B-E52A-9ABF-6DF3-9273D901E3D0" referredColumn="1D54C3FA-B826-0AF5-113B-64E55F6879E4"/>
</associations>
</Column>
</columns>
<indexes itemClass="oracle.dbtools.crest.model.design.relational.Index">
<ind_PK_UK id="CFBC6025-3A36-9FBD-F1FB-79F0B1A282DC" name="fire_lga_PK">
<createdBy>Jason</createdBy>
<createdTime>2020-10-11 23:30:51 UTC</createdTime>
<generatorID>2C3DC463-313F-A8E5-CFBD-527F5BAF983D</generatorID>
<ownerDesignName>fdas_logical</ownerDesignName>
<pk>true</pk>
<indexState>Primary Constraint</indexState>
<isSurrogateKey>false</isSurrogateKey>
<indexColumnUsage>
<colUsage columnID="FF19AA3A-1539-DEE1-544A-C89E202329A2"/>
<colUsage columnID="A8738A20-FADC-5421-4DC4-E2EC593E487F"/>
</indexColumnUsage>
</ind_PK_UK>
<ind_PK_UK id="6C6FB7B4-F3CC-DD7E-C5AE-240FABEA94D7" name="fire_event_fireLGA">
<createdBy>Jason</createdBy>
<createdTime>2020-10-11 23:30:51 UTC</createdTime>
<generatorID>55A75823-76A2-C8AF-4FD5-046B680BA755</generatorID>
<ownerDesignName>fdas_logical</ownerDesignName>
<indexState>Foreign Key</indexState>
<isSurrogateKey>false</isSurrogateKey>
<indexColumnUsage>
<colUsage columnID="FF19AA3A-1539-DEE1-544A-C89E202329A2"/>
</indexColumnUsage>
</ind_PK_UK>
<ind_PK_UK id="1DDBE034-46AB-5D6E-B3A2-75CA6AC064A4" name="lga_fireLG">
<createdBy>Jason</createdBy>
<createdTime>2020-10-11 23:30:51 UTC</createdTime>
<generatorID>66722951-CC80-3C4B-2A62-25BF6DA21018</generatorID>
<ownerDesignName>fdas_logical</ownerDesignName>
<indexState>Foreign Key</indexState>
<isSurrogateKey>false</isSurrogateKey>
<indexColumnUsage>
<colUsage columnID="A8738A20-FADC-5421-4DC4-E2EC593E487F"/>
</indexColumnUsage>
</ind_PK_UK>
</indexes>
</Table>