<?xml version = '1.0' encoding = 'UTF-8'?>
<Table class="oracle.dbtools.crest.model.design.relational.Table" directorySegmentName="seg_0" id="E8D33F65-A954-3820-F51B-BFD3C3CD2408" name="fire_event">
<createdBy>Jason</createdBy>
<createdTime>2020-10-11 23:30:51 UTC</createdTime>
<generatorID>4D54922B-E0A5-6AA1-F90E-7A567AB5A505</generatorID>
<ownerDesignName>fdas_logical</ownerDesignName>
<allowColumnReorder>false</allowColumnReorder>
<existDependencyGenerateInDDl>true</existDependencyGenerateInDDl>
<parsed>true</parsed>
<columns itemClass="oracle.dbtools.crest.model.design.relational.Column">
<Column name="fire_id" id="AA1D02B2-7A54-2D44-C33C-30EC8D33C84F">
<createdBy>Jason</createdBy>
<createdTime>2020-10-11 23:30:51 UTC</createdTime>
<commentInRDBMS><![CDATA[This is the fire event id which identifies attributes of fire_event]]></commentInRDBMS>
<generatorID>F318A0CE-C397-01F2-136A-1799011FE879</generatorID>
<ownerDesignName>fdas_logical</ownerDesignName>
<useDomainConstraints>false</useDomainConstraints>
<use>1</use>
<logicalDatatype>LOGDT024</logicalDatatype>
<dataTypeSize>9</dataTypeSize>
<ownDataTypeParameters>9,,</ownDataTypeParameters>
<autoIncrementCycle>false</autoIncrementCycle>
<listOfRanges>
<rangeDef class="oracle.dbtools.crest.model.design.constraint.AVT">
<beginValue>F00000000</beginValue>
<endValue>F99999999</endValue>
</rangeDef>
</listOfRanges>
</Column>
<Column name="fire_name" id="22D1B9A2-F910-99A8-3825-8254B8BEFD0F">
<createdBy>Jason</createdBy>
<createdTime>2020-10-11 23:30:51 UTC</createdTime>
<commentInRDBMS><![CDATA[This is the fire event name]]></commentInRDBMS>
<generatorID>4DF03EE7-371A-16AF-BD3E-557A09C3C4C2</generatorID>
<ownerDesignName>fdas_logical</ownerDesignName>
<nullsAllowed>true</nullsAllowed>
<useDomainConstraints>false</useDomainConstraints>
<use>1</use>
<logicalDatatype>LOGDT024</logicalDatatype>
<dataTypeSize>128</dataTypeSize>
<ownDataTypeParameters>128,,</ownDataTypeParameters>
<autoIncrementCycle>false</autoIncrementCycle>
</Column>
<Column name="fire_latitude" id="42E04D44-A5FF-F336-1BDE-0D7541D3A57D">
<createdBy>Jason</createdBy>
<createdTime>2020-10-11 23:30:51 UTC</createdTime>
<commentInRDBMS><![CDATA[This is the fire  latitude
Since a fire event is a serious issues, the more precise the location code, the easier to find the location. 
So, the fire_latitude is 20-digit-long. 
For example, 0000134567.0099887734]]></commentInRDBMS>
<generatorID>07049F24-845D-46F2-0309-3AD7A7CEF83A</generatorID>
<ownerDesignName>fdas_logical</ownerDesignName>
<nullsAllowed>true</nullsAllowed>
<useDomainConstraints>false</useDomainConstraints>
<use>1</use>
<logicalDatatype>LOGDT019</logicalDatatype>
<dataTypePrecision>10</dataTypePrecision>
<dataTypeScale>4</dataTypeScale>
<ownDataTypeParameters>,10,4</ownDataTypeParameters>
<autoIncrementCycle>false</autoIncrementCycle>
</Column>
<Column name="fire_longitude" id="0BC8EFE9-558C-E03A-3CED-FD7EC48C1062">
<createdBy>Jason</createdBy>
<createdTime>2020-10-11 23:30:51 UTC</createdTime>
<commentInRDBMS><![CDATA[This is the fire longitude
Since a fire event is a serious issues, the more precise the location code, the easier to find the location. 
So, the fire_longitude is 20-digit-long. 
For example, 0000134567.0099887734]]></commentInRDBMS>
<generatorID>E7294505-5D66-61FC-6C73-DB21B2D9455A</generatorID>
<ownerDesignName>fdas_logical</ownerDesignName>
<nullsAllowed>true</nullsAllowed>
<useDomainConstraints>false</useDomainConstraints>
<use>1</use>
<logicalDatatype>LOGDT019</logicalDatatype>
<dataTypePrecision>10</dataTypePrecision>
<dataTypeScale>4</dataTypeScale>
<ownDataTypeParameters>,10,4</ownDataTypeParameters>
<autoIncrementCycle>false</autoIncrementCycle>
</Column>
<Column name="fire_area" id="F77CAAC5-1AF8-DF01-8641-3B4D4E09A38F">
<createdBy>Jason</createdBy>
<createdTime>2020-10-11 23:30:51 UTC</createdTime>
<commentInRDBMS><![CDATA[This is the fire area]]></commentInRDBMS>
<generatorID>E7779851-A3F3-F2CE-A2DD-0A39FD689BE3</generatorID>
<ownerDesignName>fdas_logical</ownerDesignName>
<nullsAllowed>true</nullsAllowed>
<useDomainConstraints>false</useDomainConstraints>
<use>1</use>
<logicalDatatype>LOGDT019</logicalDatatype>
<dataTypePrecision>13</dataTypePrecision>
<dataTypeScale>3</dataTypeScale>
<ownDataTypeParameters>,13,3</ownDataTypeParameters>
<autoIncrementCycle>false</autoIncrementCycle>
</Column>
<Column name="fire_date_started" id="B16153E1-8804-DDC8-678E-829C716AF55B">
<createdBy>Jason</createdBy>
<createdTime>2020-10-11 23:30:51 UTC</createdTime>
<commentInRDBMS><![CDATA[This is the fire event started date]]></commentInRDBMS>
<generatorID>94E0ECFD-B4C8-C91B-3814-938230F6BCFC</generatorID>
<ownerDesignName>fdas_logical</ownerDesignName>
<nullsAllowed>true</nullsAllowed>
<useDomainConstraints>false</useDomainConstraints>
<use>1</use>
<logicalDatatype>LOGDT007</logicalDatatype>
<ownDataTypeParameters>,,</ownDataTypeParameters>
<autoIncrementCycle>false</autoIncrementCycle>
</Column>
<Column name="fire_lives_lost" id="4E652299-2D1E-835F-22D7-22C213021708">
<createdBy>Jason</createdBy>
<createdTime>2020-10-11 23:30:51 UTC</createdTime>
<commentInRDBMS><![CDATA[This is the fire event lost
]]></commentInRDBMS>
<generatorID>687C9311-A2F1-E830-FBBB-DFA1739424CC</generatorID>
<ownerDesignName>fdas_logical</ownerDesignName>
<nullsAllowed>true</nullsAllowed>
<useDomainConstraints>false</useDomainConstraints>
<use>1</use>
<logicalDatatype>LOGDT019</logicalDatatype>
<dataTypePrecision>10</dataTypePrecision>
<ownDataTypeParameters>,10,</ownDataTypeParameters>
<autoIncrementCycle>false</autoIncrementCycle>
</Column>
<Column name="fire_damage" id="85F2F345-8120-F3F0-3E02-1C564EA38865">
<createdBy>Jason</createdBy>
<createdTime>2020-10-11 23:30:51 UTC</createdTime>
<commentInRDBMS><![CDATA[This is fire damage]]></commentInRDBMS>
<generatorID>7290320D-67F6-7507-8FB3-95BBA7E76768</generatorID>
<ownerDesignName>fdas_logical</ownerDesignName>
<nullsAllowed>true</nullsAllowed>
<useDomainConstraints>false</useDomainConstraints>
<use>1</use>
<logicalDatatype>LOGDT019</logicalDatatype>
<dataTypePrecision>16</dataTypePrecision>
<dataTypeScale>3</dataTypeScale>
<ownDataTypeParameters>,16,3</ownDataTypeParameters>
<autoIncrementCycle>false</autoIncrementCycle>
</Column>
<Column name="fire_id1" id="348C4A6A-23BF-1D27-B0A6-6403ECAAEB78">
<createdBy>Jason</createdBy>
<createdTime>2020-10-11 23:30:51 UTC</createdTime>
<commentInRDBMS><![CDATA[This is the fire event id which identifies attributes of fire_event]]></commentInRDBMS>
<generatorID>42304847-B539-9A6B-256E-B640B1F841D1</generatorID>
<ownerDesignName>fdas_logical</ownerDesignName>
<nullsAllowed>true</nullsAllowed>
<useDomainConstraints>false</useDomainConstraints>
<use>1</use>
<logicalDatatype>LOGDT024</logicalDatatype>
<dataTypeSize>9</dataTypeSize>
<ownDataTypeParameters>,,</ownDataTypeParameters>
<previousColumn>false</previousColumn>
<autoIncrementCycle>false</autoIncrementCycle>
<associations>
<colAssociation fkAssociation="13E492C2-AEAB-CDA5-2FEF-5E93C6FEF55C" referredColumn="AA1D02B2-7A54-2D44-C33C-30EC8D33C84F"/>
</associations>
</Column>
</columns>
<indexes itemClass="oracle.dbtools.crest.model.design.relational.Index">
<ind_PK_UK id="75C5C4DF-A86B-57DA-3C22-251252ED0133" name="fire_event_PK">
<createdBy>Jason</createdBy>
<createdTime>2020-10-11 23:30:51 UTC</createdTime>
<generatorID>8392B8A4-827A-80FA-D0CB-58410EEE1517</generatorID>
<ownerDesignName>fdas_logical</ownerDesignName>
<pk>true</pk>
<indexState>Primary Constraint</indexState>
<isSurrogateKey>false</isSurrogateKey>
<indexColumnUsage>
<colUsage columnID="AA1D02B2-7A54-2D44-C33C-30EC8D33C84F"/>
</indexColumnUsage>
</ind_PK_UK>
<ind_PK_UK id="6A2CD9F9-A475-21F5-1139-1B0FE5A0A83C" name="fire_event_fire_event">
<createdBy>Jason</createdBy>
<createdTime>2020-10-11 23:30:51 UTC</createdTime>
<generatorID>E7C65EF8-A588-8E91-7FC1-813346340537</generatorID>
<ownerDesignName>fdas_logical</ownerDesignName>
<indexState>Foreign Key</indexState>
<isSurrogateKey>false</isSurrogateKey>
<indexColumnUsage>
<colUsage columnID="348C4A6A-23BF-1D27-B0A6-6403ECAAEB78"/>
</indexColumnUsage>
</ind_PK_UK>
</indexes>
</Table>