<?xml version = '1.0' encoding = 'UTF-8'?>
<Table class="oracle.dbtools.crest.model.design.relational.Table" directorySegmentName="seg_0" id="EDD6BEB3-DA32-6286-E723-BEC345A6271B" name="assessor_insurer">
<createdBy>Jason</createdBy>
<createdTime>2020-10-11 23:30:51 UTC</createdTime>
<generatorID>47FB3833-F147-0E3D-4BAF-A6214DA79243</generatorID>
<ownerDesignName>fdas_logical</ownerDesignName>
<allowColumnReorder>false</allowColumnReorder>
<existDependencyGenerateInDDl>true</existDependencyGenerateInDDl>
<parsed>true</parsed>
<columns itemClass="oracle.dbtools.crest.model.design.relational.Column">
<Column name="assessor_employment_start" id="2DB15601-61ED-2F6A-1E42-A775D1D15072">
<createdBy>Jason</createdBy>
<createdTime>2020-10-11 23:30:51 UTC</createdTime>
<commentInRDBMS><![CDATA[This is the date the assessor started working for the insurer]]></commentInRDBMS>
<generatorID>724DD058-AD8B-841D-0DF1-4E48BD3DD936</generatorID>
<ownerDesignName>fdas_logical</ownerDesignName>
<nullsAllowed>true</nullsAllowed>
<useDomainConstraints>false</useDomainConstraints>
<use>1</use>
<logicalDatatype>LOGDT007</logicalDatatype>
<ownDataTypeParameters>,,</ownDataTypeParameters>
<autoIncrementCycle>false</autoIncrementCycle>
</Column>
<Column name="assessor_employment_resign" id="C29631B4-D7C3-8BD7-83F9-5074FFA89370">
<createdBy>Jason</createdBy>
<createdTime>2020-10-11 23:30:51 UTC</createdTime>
<commentInRDBMS><![CDATA[This is the date the assessor quitting to work for the insurer]]></commentInRDBMS>
<generatorID>FB5247E3-3C62-DCB1-5FDE-0C6D97BE812F</generatorID>
<ownerDesignName>fdas_logical</ownerDesignName>
<nullsAllowed>true</nullsAllowed>
<useDomainConstraints>false</useDomainConstraints>
<use>1</use>
<logicalDatatype>LOGDT007</logicalDatatype>
<ownDataTypeParameters>,,</ownDataTypeParameters>
<autoIncrementCycle>false</autoIncrementCycle>
</Column>
<Column name="assessor_id" id="B6DCFBD7-B613-F5F6-ADEB-CA2F836E8D52">
<createdBy>Jason</createdBy>
<createdTime>2020-10-11 23:30:51 UTC</createdTime>
<commentInRDBMS><![CDATA[This is assessor id which identifies attributes of assessor
for example 
assessor id ranges from 0001 to  9999
]]></commentInRDBMS>
<generatorID>94C9D3B2-402C-29E5-5925-309625E3768F</generatorID>
<ownerDesignName>fdas_logical</ownerDesignName>
<useDomainConstraints>false</useDomainConstraints>
<use>1</use>
<logicalDatatype>LOGDT019</logicalDatatype>
<dataTypePrecision>4</dataTypePrecision>
<ownDataTypeParameters>,,</ownDataTypeParameters>
<previousColumn>false</previousColumn>
<autoIncrementCycle>false</autoIncrementCycle>
<associations>
<colAssociation fkAssociation="F15FF2AA-7669-8C35-5A56-79F14C72ADEF" referredColumn="1BE20B7C-A3BE-BF06-DF60-AA6B97C1CA42"/>
</associations>
</Column>
<Column name="insurer_id" id="9360325A-66AF-B2AE-E7BD-3628703D154D">
<createdBy>Jason</createdBy>
<createdTime>2020-10-11 23:30:51 UTC</createdTime>
<commentInRDBMS><![CDATA[This is the insurer id which identifies attributes of insurer
]]></commentInRDBMS>
<generatorID>2AA3A4B8-628B-717B-BC02-A8246895B8E8</generatorID>
<ownerDesignName>fdas_logical</ownerDesignName>
<useDomainConstraints>false</useDomainConstraints>
<use>1</use>
<logicalDatatype>LOGDT019</logicalDatatype>
<dataTypePrecision>7</dataTypePrecision>
<ownDataTypeParameters>,,</ownDataTypeParameters>
<previousColumn>false</previousColumn>
<autoIncrementCycle>false</autoIncrementCycle>
<associations>
<colAssociation fkAssociation="C30356DD-04E9-D3E9-9EE0-5065C29F6019" referredColumn="60D1CCA1-B9CE-1C8F-0394-05DA9DF65786"/>
</associations>
</Column>
</columns>
<indexes itemClass="oracle.dbtools.crest.model.design.relational.Index">
<ind_PK_UK id="951E8CEB-F17E-0EBA-FA26-16DD472EE39C" name="assessor_insurer_PK">
<createdBy>Jason</createdBy>
<createdTime>2020-10-11 23:30:51 UTC</createdTime>
<generatorID>4265D0E4-72DF-0AFA-65F9-00E53B95DAB2</generatorID>
<ownerDesignName>fdas_logical</ownerDesignName>
<pk>true</pk>
<indexState>Primary Constraint</indexState>
<isSurrogateKey>false</isSurrogateKey>
<indexColumnUsage>
<colUsage columnID="B6DCFBD7-B613-F5F6-ADEB-CA2F836E8D52"/>
<colUsage columnID="9360325A-66AF-B2AE-E7BD-3628703D154D"/>
</indexColumnUsage>
</ind_PK_UK>
<ind_PK_UK id="55230F3C-33E5-3249-6820-604FE6C1A3EA" name="assessor_employment">
<createdBy>Jason</createdBy>
<createdTime>2020-10-11 23:30:51 UTC</createdTime>
<generatorID>25FF8AA9-A4A4-A934-10DF-BB1B57D5E8DD</generatorID>
<ownerDesignName>fdas_logical</ownerDesignName>
<indexState>Foreign Key</indexState>
<isSurrogateKey>false</isSurrogateKey>
<indexColumnUsage>
<colUsage columnID="B6DCFBD7-B613-F5F6-ADEB-CA2F836E8D52"/>
</indexColumnUsage>
</ind_PK_UK>
<ind_PK_UK id="BA30E247-4163-1751-8F70-81ABF243562A" name="insurer_employement">
<createdBy>Jason</createdBy>
<createdTime>2020-10-11 23:30:51 UTC</createdTime>
<generatorID>55342052-5B23-97ED-EC78-A1D62FE52D5C</generatorID>
<ownerDesignName>fdas_logical</ownerDesignName>
<indexState>Foreign Key</indexState>
<isSurrogateKey>false</isSurrogateKey>
<indexColumnUsage>
<colUsage columnID="9360325A-66AF-B2AE-E7BD-3628703D154D"/>
</indexColumnUsage>
</ind_PK_UK>
</indexes>
</Table>