<?xml version = '1.0' encoding = 'UTF-8'?>
<FKIndexAssociation class="oracle.dbtools.crest.model.design.relational.FKIndexAssociation" directorySegmentName="seg_0" id="024B8634-56DA-15D0-33F1-9024A0CCA389" containerWithKeyObject="B57FDD39-01C6-78FA-E9F3-CCA997983E33" localFKIndex="E855912E-9AB3-6F0A-0B55-E4D37778A13B" name="building_damage">
<createdBy>Jason</createdBy>
<createdTime>2020-10-11 23:30:51 UTC</createdTime>
<generatorID>0FDB5120-38B2-C2A4-037F-CE6F65878658</generatorID>
<ownerDesignName>fdas_logical</ownerDesignName>
<referredTableLongName>building</referredTableLongName>
<deleteRule>NO ACTION</deleteRule>
<referredTableID>C5AFF77A-A173-8AD9-E0CD-EAEA75DCBD2E</referredTableID>
<keyObject>FD2EEC13-3BA2-D061-9F82-4455EB9FDCC5</keyObject>
<referredKeyID>FD2EEC13-3BA2-D061-9F82-4455EB9FDCC5</referredKeyID>
<mandatory>true</mandatory>
<refColNames>property_id,building_id</refColNames>
<transferable>true</transferable>
<rely>false</rely>
<columnDependencyConstraintGenerateInDDL>true</columnDependencyConstraintGenerateInDDL>
</FKIndexAssociation>