<?xml version = '1.0' encoding = 'UTF-8'?>
<FKIndexAssociation class="oracle.dbtools.crest.model.design.relational.FKIndexAssociation" directorySegmentName="seg_0" id="13E492C2-AEAB-CDA5-2FEF-5E93C6FEF55C" containerWithKeyObject="E8D33F65-A954-3820-F51B-BFD3C3CD2408" localFKIndex="6A2CD9F9-A475-21F5-1139-1B0FE5A0A83C" name="fire_event_fire_event">
<createdBy>Jason</createdBy>
<createdTime>2020-10-11 23:30:51 UTC</createdTime>
<generatorID>E7C65EF8-A588-8E91-7FC1-813346340537</generatorID>
<ownerDesignName>fdas_logical</ownerDesignName>
<referredTableLongName>fire_event</referredTableLongName>
<deleteRule>NO ACTION</deleteRule>
<referredTableID>E8D33F65-A954-3820-F51B-BFD3C3CD2408</referredTableID>
<keyObject>75C5C4DF-A86B-57DA-3C22-251252ED0133</keyObject>
<referredKeyID>75C5C4DF-A86B-57DA-3C22-251252ED0133</referredKeyID>
<mandatory>false</mandatory>
<refColNames>fire_id</refColNames>
<transferable>true</transferable>
<rely>false</rely>
<columnDependencyConstraintGenerateInDDL>true</columnDependencyConstraintGenerateInDDL>
</FKIndexAssociation>