<?xml version = '1.0' encoding = 'UTF-8'?>
<FKIndexAssociation class="oracle.dbtools.crest.model.design.relational.FKIndexAssociation" directorySegmentName="seg_0" id="1E2A5B94-F5DD-4365-3C42-7CBC32C14D75" containerWithKeyObject="B57FDD39-01C6-78FA-E9F3-CCA997983E33" localFKIndex="F2F2B1D2-816D-2EEB-53FE-6F8D4A81D3C9" name="assessor_damage">
<createdBy>Jason</createdBy>
<createdTime>2020-10-11 23:30:51 UTC</createdTime>
<generatorID>FD8C27F2-ABED-EE5A-23FC-A9FCA58B1203</generatorID>
<ownerDesignName>fdas_logical</ownerDesignName>
<referredTableLongName>assessor</referredTableLongName>
<deleteRule>NO ACTION</deleteRule>
<referredTableID>9A67D2E0-3F42-C4FB-29AB-2FB281413E84</referredTableID>
<keyObject>5BAAE431-D18B-4DBC-721A-22C9AEF604CC</keyObject>
<referredKeyID>5BAAE431-D18B-4DBC-721A-22C9AEF604CC</referredKeyID>
<mandatory>true</mandatory>
<refColNames>assessor_id</refColNames>
<transferable>true</transferable>
<rely>false</rely>
<columnDependencyConstraintGenerateInDDL>true</columnDependencyConstraintGenerateInDDL>
</FKIndexAssociation>