<?xml version = '1.0' encoding = 'UTF-8'?>
<FKIndexAssociation class="oracle.dbtools.crest.model.design.relational.FKIndexAssociation" directorySegmentName="seg_0" id="3FA62DBD-E1AF-774D-6B92-17BE3DC7C292" containerWithKeyObject="B70632A6-31A3-EA77-AB2A-AA5A1BE132EA" localFKIndex="6C6FB7B4-F3CC-DD7E-C5AE-240FABEA94D7" name="fire_event_fireLGA">
<createdBy>Jason</createdBy>
<createdTime>2020-10-11 23:30:51 UTC</createdTime>
<generatorID>55A75823-76A2-C8AF-4FD5-046B680BA755</generatorID>
<ownerDesignName>fdas_logical</ownerDesignName>
<referredTableLongName>fire_event</referredTableLongName>
<deleteRule>NO ACTION</deleteRule>
<referredTableID>E8D33F65-A954-3820-F51B-BFD3C3CD2408</referredTableID>
<keyObject>75C5C4DF-A86B-57DA-3C22-251252ED0133</keyObject>
<referredKeyID>75C5C4DF-A86B-57DA-3C22-251252ED0133</referredKeyID>
<mandatory>true</mandatory>
<refColNames>fire_id</refColNames>
<transferable>true</transferable>
<rely>false</rely>
<columnDependencyConstraintGenerateInDDL>true</columnDependencyConstraintGenerateInDDL>
</FKIndexAssociation>