<?xml version = '1.0' encoding = 'UTF-8'?>
<FKIndexAssociation class="oracle.dbtools.crest.model.design.relational.FKIndexAssociation" directorySegmentName="seg_0" id="4553441D-AD6D-A746-494C-0ADFB538CE02" containerWithKeyObject="C5AFF77A-A173-8AD9-E0CD-EAEA75DCBD2E" localFKIndex="6CEE6C78-95B1-03B6-D2CD-8323FE629E0A" name="insurer_building">
<createdBy>Jason</createdBy>
<createdTime>2020-10-11 23:30:51 UTC</createdTime>
<generatorID>69D1FEF3-6665-2233-5E2A-122A41AC4BD8</generatorID>
<ownerDesignName>fdas_logical</ownerDesignName>
<referredTableLongName>insurer</referredTableLongName>
<deleteRule>NO ACTION</deleteRule>
<referredTableID>49E67406-4C21-654E-1805-2BE4A228CE26</referredTableID>
<keyObject>7CB8659A-B8D3-05D3-B208-5490120EEEBB</keyObject>
<referredKeyID>7CB8659A-B8D3-05D3-B208-5490120EEEBB</referredKeyID>
<mandatory>false</mandatory>
<refColNames>insurer_id</refColNames>
<transferable>true</transferable>
<rely>false</rely>
<columnDependencyConstraintGenerateInDDL>true</columnDependencyConstraintGenerateInDDL>
</FKIndexAssociation>