<?xml version = '1.0' encoding = 'UTF-8'?>
<FKIndexAssociation class="oracle.dbtools.crest.model.design.relational.FKIndexAssociation" directorySegmentName="seg_0" id="48DCF616-914A-7851-444E-D0C8D380C6A1" containerWithKeyObject="973E761F-4CBD-F760-7C5D-C7193D932277" localFKIndex="9299578F-3551-55C8-6E40-36C83FD22052" name="owner_property">
<createdBy>Jason</createdBy>
<createdTime>2020-10-11 23:30:51 UTC</createdTime>
<generatorID>4F468187-9EB6-B064-A247-E7F145AA315B</generatorID>
<ownerDesignName>fdas_logical</ownerDesignName>
<referredTableLongName>owner</referredTableLongName>
<deleteRule>NO ACTION</deleteRule>
<referredTableID>090C732A-E967-71F6-6288-73EB0D08CC46</referredTableID>
<keyObject>4AA91025-2A19-8572-7AE6-1646E7555585</keyObject>
<referredKeyID>4AA91025-2A19-8572-7AE6-1646E7555585</referredKeyID>
<mandatory>true</mandatory>
<refColNames>owner_id</refColNames>
<transferable>true</transferable>
<rely>false</rely>
<columnDependencyConstraintGenerateInDDL>true</columnDependencyConstraintGenerateInDDL>
</FKIndexAssociation>