<?xml version = '1.0' encoding = 'UTF-8'?>
<FKIndexAssociation class="oracle.dbtools.crest.model.design.relational.FKIndexAssociation" directorySegmentName="seg_0" id="4C4C4389-A201-D9C9-ACC4-23CE20F0E11C" containerWithKeyObject="C5AFF77A-A173-8AD9-E0CD-EAEA75DCBD2E" localFKIndex="240A9A7F-351B-731A-93F3-58F03C54BCF3" name="LGA_Assess_Building">
<createdBy>Jason</createdBy>
<createdTime>2020-10-11 23:30:51 UTC</createdTime>
<generatorID>9086C6DC-43BE-263A-5AD8-3D48FAFF9DCB</generatorID>
<ownerDesignName>fdas_logical</ownerDesignName>
<referredTableLongName>LGA</referredTableLongName>
<deleteRule>NO ACTION</deleteRule>
<referredTableID>0FCB5EC0-949A-DC3E-6487-751863ACAD92</referredTableID>
<keyObject>CB462577-3127-F351-B11E-434DE4EA0981</keyObject>
<referredKeyID>CB462577-3127-F351-B11E-434DE4EA0981</referredKeyID>
<mandatory>true</mandatory>
<refColNames>LGA_code</refColNames>
<transferable>true</transferable>
<rely>false</rely>
<columnDependencyConstraintGenerateInDDL>true</columnDependencyConstraintGenerateInDDL>
</FKIndexAssociation>