<?xml version = '1.0' encoding = 'UTF-8'?>
<FKIndexAssociation class="oracle.dbtools.crest.model.design.relational.FKIndexAssociation" directorySegmentName="seg_0" id="56D6B370-619C-FCD1-E1B2-96FB86F679D4" containerWithKeyObject="C5AFF77A-A173-8AD9-E0CD-EAEA75DCBD2E" localFKIndex="4440B7AE-4E46-937F-99E6-97323A940B17" name="property_building">
<createdBy>Jason</createdBy>
<createdTime>2020-10-11 23:30:51 UTC</createdTime>
<generatorID>B2BACD83-8F78-D195-A744-AE8E746EF23C</generatorID>
<ownerDesignName>fdas_logical</ownerDesignName>
<referredTableLongName>property</referredTableLongName>
<deleteRule>NO ACTION</deleteRule>
<referredTableID>973E761F-4CBD-F760-7C5D-C7193D932277</referredTableID>
<keyObject>9DA7CB6B-6FCF-1262-F0B9-BFE783ADF3C6</keyObject>
<referredKeyID>9DA7CB6B-6FCF-1262-F0B9-BFE783ADF3C6</referredKeyID>
<mandatory>true</mandatory>
<refColNames>property_id</refColNames>
<transferable>true</transferable>
<rely>false</rely>
<columnDependencyConstraintGenerateInDDL>true</columnDependencyConstraintGenerateInDDL>
</FKIndexAssociation>