<?xml version = '1.0' encoding = 'UTF-8'?>
<FKIndexAssociation class="oracle.dbtools.crest.model.design.relational.FKIndexAssociation" directorySegmentName="seg_0" id="9C035884-23F6-8035-41F3-73EEAA80D5A7" containerWithKeyObject="973E761F-4CBD-F760-7C5D-C7193D932277" localFKIndex="CFB38E4F-61C4-19F6-6C2B-84C6B87096B8" name="Relation_15">
<createdBy>Jason</createdBy>
<createdTime>2020-10-11 23:30:51 UTC</createdTime>
<generatorID>C294C5BD-81C0-5880-EB35-5BB4363ACE24</generatorID>
<ownerDesignName>fdas_logical</ownerDesignName>
<referredTableLongName>property_type</referredTableLongName>
<deleteRule>NO ACTION</deleteRule>
<referredTableID>60177184-B7E1-D3C5-5317-76E29C983EAF</referredTableID>
<keyObject>06635FDC-4671-5CD0-3B9A-AE03636A8633</keyObject>
<referredKeyID>06635FDC-4671-5CD0-3B9A-AE03636A8633</referredKeyID>
<mandatory>true</mandatory>
<refColNames>proprty_type_id</refColNames>
<transferable>true</transferable>
<rely>false</rely>
<columnDependencyConstraintGenerateInDDL>true</columnDependencyConstraintGenerateInDDL>
</FKIndexAssociation>