<?xml version = '1.0' encoding = 'UTF-8'?>
<FKIndexAssociation class="oracle.dbtools.crest.model.design.relational.FKIndexAssociation" directorySegmentName="seg_0" id="A9C3038F-DC88-55BD-292E-DAFE874C8579" containerWithKeyObject="220FF810-B776-F5CA-79FB-2E7924C5E655" localFKIndex="16367D49-CA01-0A99-E969-1E875D83D7C7" name="damage_visit">
<createdBy>Jason</createdBy>
<createdTime>2020-10-11 23:30:51 UTC</createdTime>
<generatorID>33C6EA44-24B2-D132-6384-374087CE8DBB</generatorID>
<ownerDesignName>fdas_logical</ownerDesignName>
<referredTableLongName>damage</referredTableLongName>
<deleteRule>NO ACTION</deleteRule>
<referredTableID>B57FDD39-01C6-78FA-E9F3-CCA997983E33</referredTableID>
<keyObject>F7CBFB1E-03E6-D48D-4F0A-2F426996C713</keyObject>
<referredKeyID>F7CBFB1E-03E6-D48D-4F0A-2F426996C713</referredKeyID>
<mandatory>true</mandatory>
<refColNames>damage_id</refColNames>
<transferable>true</transferable>
<rely>false</rely>
<columnDependencyConstraintGenerateInDDL>true</columnDependencyConstraintGenerateInDDL>
</FKIndexAssociation>