<?xml version = '1.0' encoding = 'UTF-8'?>
<FKIndexAssociation class="oracle.dbtools.crest.model.design.relational.FKIndexAssociation" directorySegmentName="seg_0" id="C30356DD-04E9-D3E9-9EE0-5065C29F6019" containerWithKeyObject="EDD6BEB3-DA32-6286-E723-BEC345A6271B" localFKIndex="BA30E247-4163-1751-8F70-81ABF243562A" name="insurer_employement">
<createdBy>Jason</createdBy>
<createdTime>2020-10-11 23:30:51 UTC</createdTime>
<generatorID>55342052-5B23-97ED-EC78-A1D62FE52D5C</generatorID>
<ownerDesignName>fdas_logical</ownerDesignName>
<referredTableLongName>insurer</referredTableLongName>
<deleteRule>NO ACTION</deleteRule>
<referredTableID>49E67406-4C21-654E-1805-2BE4A228CE26</referredTableID>
<keyObject>7CB8659A-B8D3-05D3-B208-5490120EEEBB</keyObject>
<referredKeyID>7CB8659A-B8D3-05D3-B208-5490120EEEBB</referredKeyID>
<mandatory>true</mandatory>
<refColNames>insurer_id</refColNames>
<transferable>true</transferable>
<rely>false</rely>
<columnDependencyConstraintGenerateInDDL>true</columnDependencyConstraintGenerateInDDL>
</FKIndexAssociation>