<?xml version = '1.0' encoding = 'UTF-8'?>
<FKIndexAssociation class="oracle.dbtools.crest.model.design.relational.FKIndexAssociation" directorySegmentName="seg_0" id="CDE6DF18-983E-F41F-81E8-049258144CFB" containerWithKeyObject="B57FDD39-01C6-78FA-E9F3-CCA997983E33" localFKIndex="3D8EF09A-7004-D61D-617C-8327E01C6F99" name="LGA_damage">
<createdBy>Jason</createdBy>
<createdTime>2020-10-11 23:30:51 UTC</createdTime>
<generatorID>C29ABAE0-BA5A-C0D7-D84E-E727E726901F</generatorID>
<ownerDesignName>fdas_logical</ownerDesignName>
<referredTableLongName>LGA</referredTableLongName>
<deleteRule>NO ACTION</deleteRule>
<referredTableID>0FCB5EC0-949A-DC3E-6487-751863ACAD92</referredTableID>
<keyObject>CB462577-3127-F351-B11E-434DE4EA0981</keyObject>
<referredKeyID>CB462577-3127-F351-B11E-434DE4EA0981</referredKeyID>
<mandatory>true</mandatory>
<refColNames>LGA_code</refColNames>
<transferable>true</transferable>
<rely>false</rely>
<columnDependencyConstraintGenerateInDDL>true</columnDependencyConstraintGenerateInDDL>
</FKIndexAssociation>