<?xml version = '1.0' encoding = 'UTF-8'?>
<FKIndexAssociation class="oracle.dbtools.crest.model.design.relational.FKIndexAssociation" directorySegmentName="seg_0" id="DE5B23AD-68D1-E040-BBDC-FF1F36875DDD" containerWithKeyObject="B57FDD39-01C6-78FA-E9F3-CCA997983E33" localFKIndex="833924A3-43CF-A772-144F-D2DECBE44539" name="fire_event_damage">
<createdBy>Jason</createdBy>
<createdTime>2020-10-11 23:30:51 UTC</createdTime>
<generatorID>6D6E1C6C-D739-2D52-30B2-92EF4907F3D9</generatorID>
<ownerDesignName>fdas_logical</ownerDesignName>
<referredTableLongName>fire_event</referredTableLongName>
<deleteRule>NO ACTION</deleteRule>
<referredTableID>E8D33F65-A954-3820-F51B-BFD3C3CD2408</referredTableID>
<keyObject>75C5C4DF-A86B-57DA-3C22-251252ED0133</keyObject>
<referredKeyID>75C5C4DF-A86B-57DA-3C22-251252ED0133</referredKeyID>
<mandatory>true</mandatory>
<refColNames>fire_id</refColNames>
<transferable>true</transferable>
<rely>false</rely>
<columnDependencyConstraintGenerateInDDL>true</columnDependencyConstraintGenerateInDDL>
</FKIndexAssociation>