<?xml version = '1.0' encoding = 'UTF-8'?>
<FKIndexAssociation class="oracle.dbtools.crest.model.design.relational.FKIndexAssociation" directorySegmentName="seg_0" id="E75BCB9B-E52A-9ABF-6DF3-9273D901E3D0" containerWithKeyObject="B70632A6-31A3-EA77-AB2A-AA5A1BE132EA" localFKIndex="1DDBE034-46AB-5D6E-B3A2-75CA6AC064A4" name="lga_fireLG">
<createdBy>Jason</createdBy>
<createdTime>2020-10-11 23:30:51 UTC</createdTime>
<generatorID>66722951-CC80-3C4B-2A62-25BF6DA21018</generatorID>
<ownerDesignName>fdas_logical</ownerDesignName>
<referredTableLongName>LGA</referredTableLongName>
<deleteRule>NO ACTION</deleteRule>
<referredTableID>0FCB5EC0-949A-DC3E-6487-751863ACAD92</referredTableID>
<keyObject>CB462577-3127-F351-B11E-434DE4EA0981</keyObject>
<referredKeyID>CB462577-3127-F351-B11E-434DE4EA0981</referredKeyID>
<mandatory>true</mandatory>
<refColNames>LGA_code</refColNames>
<transferable>true</transferable>
<rely>false</rely>
<columnDependencyConstraintGenerateInDDL>true</columnDependencyConstraintGenerateInDDL>
</FKIndexAssociation>