<?xml version = '1.0' encoding = 'UTF-8'?>
<FKIndexAssociation class="oracle.dbtools.crest.model.design.relational.FKIndexAssociation" directorySegmentName="seg_0" id="F15FF2AA-7669-8C35-5A56-79F14C72ADEF" containerWithKeyObject="EDD6BEB3-DA32-6286-E723-BEC345A6271B" localFKIndex="55230F3C-33E5-3249-6820-604FE6C1A3EA" name="assessor_employment">
<createdBy>Jason</createdBy>
<createdTime>2020-10-11 23:30:51 UTC</createdTime>
<generatorID>25FF8AA9-A4A4-A934-10DF-BB1B57D5E8DD</generatorID>
<ownerDesignName>fdas_logical</ownerDesignName>
<referredTableLongName>assessor</referredTableLongName>
<deleteRule>NO ACTION</deleteRule>
<referredTableID>9A67D2E0-3F42-C4FB-29AB-2FB281413E84</referredTableID>
<keyObject>5BAAE431-D18B-4DBC-721A-22C9AEF604CC</keyObject>
<referredKeyID>5BAAE431-D18B-4DBC-721A-22C9AEF604CC</referredKeyID>
<mandatory>true</mandatory>
<refColNames>assessor_id</refColNames>
<transferable>true</transferable>
<rely>false</rely>
<columnDependencyConstraintGenerateInDDL>true</columnDependencyConstraintGenerateInDDL>
</FKIndexAssociation>