<?xml version = '1.0' encoding = 'UTF-8'?>
<Table class="oracle.dbtools.crest.model.design.relational.Table" directorySegmentName="seg_0" id="0A063A79-2E70-D346-77D5-685F17481546" name="fire_lga">
<createdBy>Jason</createdBy>
<createdTime>2020-10-11 11:03:22 UTC</createdTime>
<generatorID>C7152BB5-E8E2-3505-FDA4-41A819754A05</generatorID>
<ownerDesignName>fdas_logical</ownerDesignName>
<allowColumnReorder>false</allowColumnReorder>
<existDependencyGenerateInDDl>true</existDependencyGenerateInDDl>
<parsed>true</parsed>
<columns itemClass="oracle.dbtools.crest.model.design.relational.Column">
<Column name="fire_id" id="90352475-65CD-A41A-5C78-ED292CFF6520">
<createdBy>Jason</createdBy>
<createdTime>2020-10-11 11:03:22 UTC</createdTime>
<commentInRDBMS><![CDATA[This is the fire event id which identifies attributes of fire_event]]></commentInRDBMS>
<generatorID>50DF6026-C204-C160-736E-B3269982C6F7</generatorID>
<ownerDesignName>fdas_logical</ownerDesignName>
<useDomainConstraints>false</useDomainConstraints>
<use>1</use>
<logicalDatatype>LOGDT024</logicalDatatype>
<dataTypeSize>9</dataTypeSize>
<ownDataTypeParameters>9,,</ownDataTypeParameters>
<previousColumn>false</previousColumn>
<autoIncrementCycle>false</autoIncrementCycle>
<associations>
<colAssociation fkAssociation="8D38DC4F-4F7B-743E-5665-C76AEA2E00AB" referredColumn="05E7FA59-EBD8-6BA1-B348-CABACD57F63C"/>
</associations>
</Column>
<Column name="LGA_code" id="0DF04080-3D19-5F22-0800-21C27AF1BE20">
<createdBy>Jason</createdBy>
<createdTime>2020-10-11 11:03:22 UTC</createdTime>
<commentInRDBMS><![CDATA[This is the LGA code which identifies attributes of LGA
example : 00000028 is one of the LGA code]]></commentInRDBMS>
<generatorID>3418BA29-8CAC-AFF8-1C0A-D855D32605E6</generatorID>
<ownerDesignName>fdas_logical</ownerDesignName>
<useDomainConstraints>false</useDomainConstraints>
<use>1</use>
<logicalDatatype>LOGDT019</logicalDatatype>
<dataTypePrecision>8</dataTypePrecision>
<ownDataTypeParameters>,8,</ownDataTypeParameters>
<previousColumn>false</previousColumn>
<autoIncrementCycle>false</autoIncrementCycle>
<associations>
<colAssociation fkAssociation="DB9E9CB1-66B2-44CB-96DA-5438497ADAD0" referredColumn="85050ED4-DDA2-7F48-44A4-1EAC93141DE0"/>
</associations>
</Column>
</columns>
<indexes itemClass="oracle.dbtools.crest.model.design.relational.Index">
<ind_PK_UK id="BD46AF3B-0894-0004-DA0B-AC45B79DD09E" name="fire_lga_PK">
<createdBy>Jason</createdBy>
<createdTime>2020-10-11 11:03:22 UTC</createdTime>
<generatorID>2C3DC463-313F-A8E5-CFBD-527F5BAF983D</generatorID>
<ownerDesignName>fdas_logical</ownerDesignName>
<pk>true</pk>
<indexState>Primary Constraint</indexState>
<isSurrogateKey>false</isSurrogateKey>
<indexColumnUsage>
<colUsage columnID="90352475-65CD-A41A-5C78-ED292CFF6520"/>
<colUsage columnID="0DF04080-3D19-5F22-0800-21C27AF1BE20"/>
</indexColumnUsage>
</ind_PK_UK>
<ind_PK_UK id="4F617EEE-D3AC-8F24-29C8-6C7B0F7F3500" name="fire_event_fireLGA">
<createdBy>Jason</createdBy>
<createdTime>2020-10-11 11:03:22 UTC</createdTime>
<generatorID>55A75823-76A2-C8AF-4FD5-046B680BA755</generatorID>
<ownerDesignName>fdas_logical</ownerDesignName>
<indexState>Foreign Key</indexState>
<isSurrogateKey>false</isSurrogateKey>
<indexColumnUsage>
<colUsage columnID="90352475-65CD-A41A-5C78-ED292CFF6520"/>
</indexColumnUsage>
</ind_PK_UK>
<ind_PK_UK id="C4FFAA93-2B0D-8AC5-B9D9-FDE0C3794747" name="lga_fireLG">
<createdBy>Jason</createdBy>
<createdTime>2020-10-11 11:03:22 UTC</createdTime>
<generatorID>66722951-CC80-3C4B-2A62-25BF6DA21018</generatorID>
<ownerDesignName>fdas_logical</ownerDesignName>
<indexState>Foreign Key</indexState>
<isSurrogateKey>false</isSurrogateKey>
<indexColumnUsage>
<colUsage columnID="0DF04080-3D19-5F22-0800-21C27AF1BE20"/>
</indexColumnUsage>
</ind_PK_UK>
</indexes>
</Table>
