<?xml version = '1.0' encoding = 'UTF-8'?>
<Table class="oracle.dbtools.crest.model.design.relational.Table" directorySegmentName="seg_0" id="7BF82F54-5DB2-E029-E93B-BB1230D10797" name="property">
<createdBy>Jason</createdBy>
<createdTime>2020-10-11 11:03:22 UTC</createdTime>
<generatorID>4CE090CF-E550-7A66-B1F4-AE0B5F00672C</generatorID>
<ownerDesignName>fdas_logical</ownerDesignName>
<allowColumnReorder>false</allowColumnReorder>
<existDependencyGenerateInDDl>true</existDependencyGenerateInDDl>
<parsed>true</parsed>
<columns itemClass="oracle.dbtools.crest.model.design.relational.Column">
<Column name="property_id" id="F87D67D3-3622-2FF1-6B06-CFCE0E0AE39B">
<createdBy>Jason</createdBy>
<createdTime>2020-10-11 11:03:22 UTC</createdTime>
<commentInRDBMS><![CDATA[This is property id  which identifies attributes of property]]></commentInRDBMS>
<generatorID>07DACED4-CE53-0D0C-B07F-3FA5E00773EF</generatorID>
<ownerDesignName>fdas_logical</ownerDesignName>
<useDomainConstraints>false</useDomainConstraints>
<use>1</use>
<logicalDatatype>LOGDT019</logicalDatatype>
<dataTypePrecision>7</dataTypePrecision>
<ownDataTypeParameters>,7,</ownDataTypeParameters>
<autoIncrementCycle>false</autoIncrementCycle>
</Column>
<Column name="property_street" id="4C812157-2810-5769-9A18-D45407769F47">
<createdBy>Jason</createdBy>
<createdTime>2020-10-11 11:03:22 UTC</createdTime>
<commentInRDBMS><![CDATA[This is property street]]></commentInRDBMS>
<generatorID>5633EAFB-9FC6-753B-DC9D-6FE832A00174</generatorID>
<ownerDesignName>fdas_logical</ownerDesignName>
<nullsAllowed>true</nullsAllowed>
<useDomainConstraints>false</useDomainConstraints>
<use>1</use>
<logicalDatatype>LOGDT024</logicalDatatype>
<dataTypeSize>100</dataTypeSize>
<ownDataTypeParameters>100,,</ownDataTypeParameters>
<autoIncrementCycle>false</autoIncrementCycle>
</Column>
<Column name="property_town" id="DA4E5405-0D35-D116-4A26-74771696EE6B">
<createdBy>Jason</createdBy>
<createdTime>2020-10-11 11:03:22 UTC</createdTime>
<commentInRDBMS><![CDATA[This is property town]]></commentInRDBMS>
<generatorID>A1B700DC-A927-0B6B-6669-2DF16ECE6970</generatorID>
<ownerDesignName>fdas_logical</ownerDesignName>
<nullsAllowed>true</nullsAllowed>
<useDomainConstraints>false</useDomainConstraints>
<use>1</use>
<logicalDatatype>LOGDT024</logicalDatatype>
<dataTypeSize>100</dataTypeSize>
<ownDataTypeParameters>100,,</ownDataTypeParameters>
<autoIncrementCycle>false</autoIncrementCycle>
</Column>
<Column name="property_postcode" id="4A1EAFE5-7EAF-F4FF-5853-97EF964560E4">
<createdBy>Jason</createdBy>
<createdTime>2020-10-11 11:03:22 UTC</createdTime>
<commentInRDBMS><![CDATA[This is property postcode 

For example, Syd2121 is the postcode of Epping in Sydney ]]></commentInRDBMS>
<generatorID>FC5D2F4C-3568-5735-2C8E-EFD9E6F616B2</generatorID>
<ownerDesignName>fdas_logical</ownerDesignName>
<nullsAllowed>true</nullsAllowed>
<useDomainConstraints>false</useDomainConstraints>
<use>1</use>
<logicalDatatype>LOGDT024</logicalDatatype>
<ownDataTypeParameters>,,</ownDataTypeParameters>
<autoIncrementCycle>false</autoIncrementCycle>
</Column>
<Column name="property_size" id="0BBC5F54-9346-AA6A-2E17-CF7D4E34E019">
<createdBy>Jason</createdBy>
<createdTime>2020-10-11 11:03:22 UTC</createdTime>
<commentInRDBMS><![CDATA[This is property size]]></commentInRDBMS>
<generatorID>26AAA275-A96D-D70E-7F92-22874CB55A1A</generatorID>
<ownerDesignName>fdas_logical</ownerDesignName>
<nullsAllowed>true</nullsAllowed>
<useDomainConstraints>false</useDomainConstraints>
<use>1</use>
<logicalDatatype>LOGDT019</logicalDatatype>
<dataTypePrecision>13</dataTypePrecision>
<dataTypeScale>3</dataTypeScale>
<ownDataTypeParameters>,13,3</ownDataTypeParameters>
<autoIncrementCycle>false</autoIncrementCycle>
</Column>
<Column name="owner_id" id="1FE198E3-358F-9E70-E725-7CFA313FAC60">
<createdBy>Jason</createdBy>
<createdTime>2020-10-11 11:03:22 UTC</createdTime>
<commentInRDBMS><![CDATA[This is owner id which identifies attributes of owner]]></commentInRDBMS>
<generatorID>8E83D408-6681-44E4-9085-BB73E0944F79</generatorID>
<ownerDesignName>fdas_logical</ownerDesignName>
<useDomainConstraints>false</useDomainConstraints>
<use>1</use>
<logicalDatatype>LOGDT019</logicalDatatype>
<dataTypePrecision>5</dataTypePrecision>
<ownDataTypeParameters>,5,</ownDataTypeParameters>
<previousColumn>false</previousColumn>
<autoIncrementCycle>false</autoIncrementCycle>
<associations>
<colAssociation fkAssociation="1E40D5D9-DEB6-271C-D067-2523C392A1A1" referredColumn="84612E69-7F16-720B-D618-B36F88990ADA"/>
</associations>
</Column>
<Column name="proprty_type_id" id="26317B31-F573-CD94-6899-DDE53C468D74">
<createdBy>Jason</createdBy>
<createdTime>2020-10-11 11:03:22 UTC</createdTime>
<commentInRDBMS><![CDATA[This is the proprty_type_id which identifies attributes of property_type
Constraint : 
B  = This indicates business property
F = This indicates farm property
R = This indicates residential property
]]></commentInRDBMS>
<generatorID>B6FAA5BB-CEBC-C9BD-28FE-E471A84EC56A</generatorID>
<ownerDesignName>fdas_logical</ownerDesignName>
<useDomainConstraints>false</useDomainConstraints>
<use>1</use>
<logicalDatatype>LOGDT025</logicalDatatype>
<dataTypeSize>1</dataTypeSize>
<ownDataTypeParameters>1,,</ownDataTypeParameters>
<previousColumn>false</previousColumn>
<autoIncrementCycle>false</autoIncrementCycle>
<associations>
<colAssociation fkAssociation="EFD22551-0E02-84E8-5C35-3DA250515001" referredColumn="B842C358-17D1-04E2-7708-0FAAC8548217"/>
</associations>
</Column>
</columns>
<indexes itemClass="oracle.dbtools.crest.model.design.relational.Index">
<ind_PK_UK id="C5557FD6-17B7-3B2D-ECB5-0EB77C1AE253" name="property_PK">
<createdBy>Jason</createdBy>
<createdTime>2020-10-11 11:03:22 UTC</createdTime>
<generatorID>F1BF7187-5BA7-3733-5601-DE5061C33924</generatorID>
<ownerDesignName>fdas_logical</ownerDesignName>
<pk>true</pk>
<indexState>Primary Constraint</indexState>
<isSurrogateKey>false</isSurrogateKey>
<indexColumnUsage>
<colUsage columnID="F87D67D3-3622-2FF1-6B06-CFCE0E0AE39B"/>
</indexColumnUsage>
</ind_PK_UK>
<ind_PK_UK id="DB963B86-0276-A036-6DAD-CF8589678A1B" name="owner_property">
<createdBy>Jason</createdBy>
<createdTime>2020-10-11 11:03:22 UTC</createdTime>
<generatorID>4F468187-9EB6-B064-A247-E7F145AA315B</generatorID>
<ownerDesignName>fdas_logical</ownerDesignName>
<indexState>Foreign Key</indexState>
<isSurrogateKey>false</isSurrogateKey>
<indexColumnUsage>
<colUsage columnID="1FE198E3-358F-9E70-E725-7CFA313FAC60"/>
</indexColumnUsage>
</ind_PK_UK>
<ind_PK_UK id="C9FB57B3-E7D9-E873-9B45-FBA88A3DF651" name="Relation_15">
<createdBy>Jason</createdBy>
<createdTime>2020-10-11 11:03:22 UTC</createdTime>
<generatorID>C294C5BD-81C0-5880-EB35-5BB4363ACE24</generatorID>
<ownerDesignName>fdas_logical</ownerDesignName>
<indexState>Foreign Key</indexState>
<isSurrogateKey>false</isSurrogateKey>
<indexColumnUsage>
<colUsage columnID="26317B31-F573-CD94-6899-DDE53C468D74"/>
</indexColumnUsage>
</ind_PK_UK>
</indexes>
</Table>
