<?xml version = '1.0' encoding = 'UTF-8'?>
<Table class="oracle.dbtools.crest.model.design.relational.Table" directorySegmentName="seg_0" id="BD2FABDF-726A-0CAF-15C3-5978644D07F9" name="assessor">
<createdBy>Jason</createdBy>
<createdTime>2020-10-11 11:03:22 UTC</createdTime>
<generatorID>F21254C4-9F41-C590-0223-872D648C39E2</generatorID>
<ownerDesignName>fdas_logical</ownerDesignName>
<allowColumnReorder>false</allowColumnReorder>
<existDependencyGenerateInDDl>true</existDependencyGenerateInDDl>
<parsed>true</parsed>
<columns itemClass="oracle.dbtools.crest.model.design.relational.Column">
<Column name="assessor_id" id="8B1B7A4F-B7B0-03F6-933C-6C3D898079C6">
<createdBy>Jason</createdBy>
<createdTime>2020-10-11 11:03:22 UTC</createdTime>
<commentInRDBMS><![CDATA[This is assessor id which identifies attributes of assessor
for example 
assessor id ranges from 0001 to  9999
]]></commentInRDBMS>
<generatorID>C3F6F295-CF18-4332-03CD-C20CC0C7F08D</generatorID>
<ownerDesignName>fdas_logical</ownerDesignName>
<useDomainConstraints>false</useDomainConstraints>
<use>1</use>
<logicalDatatype>LOGDT019</logicalDatatype>
<dataTypePrecision>4</dataTypePrecision>
<ownDataTypeParameters>,4,</ownDataTypeParameters>
<autoIncrementCycle>false</autoIncrementCycle>
</Column>
<Column name="assessor_fname" id="0AD98A54-9EF1-A1D7-1E3C-861035BDBD6A">
<createdBy>Jason</createdBy>
<createdTime>2020-10-11 11:03:22 UTC</createdTime>
<commentInRDBMS><![CDATA[This is assessor family name]]></commentInRDBMS>
<generatorID>B8D3A208-0C32-D91E-E4C0-B866374B4563</generatorID>
<ownerDesignName>fdas_logical</ownerDesignName>
<nullsAllowed>true</nullsAllowed>
<useDomainConstraints>false</useDomainConstraints>
<use>1</use>
<logicalDatatype>LOGDT024</logicalDatatype>
<dataTypeSize>64</dataTypeSize>
<ownDataTypeParameters>64,,</ownDataTypeParameters>
<autoIncrementCycle>false</autoIncrementCycle>
</Column>
<Column name="assessor_gname" id="58E64258-9EE8-E549-A518-14BC65645630">
<createdBy>Jason</createdBy>
<createdTime>2020-10-11 11:03:22 UTC</createdTime>
<commentInRDBMS><![CDATA[This is assessor given name]]></commentInRDBMS>
<generatorID>3B1601BE-87E1-B355-F09D-4D2D03B164FD</generatorID>
<ownerDesignName>fdas_logical</ownerDesignName>
<nullsAllowed>true</nullsAllowed>
<useDomainConstraints>false</useDomainConstraints>
<use>1</use>
<logicalDatatype>LOGDT024</logicalDatatype>
<dataTypeSize>64</dataTypeSize>
<ownDataTypeParameters>64,,</ownDataTypeParameters>
<autoIncrementCycle>false</autoIncrementCycle>
</Column>
<Column name="assessor_phone_num" id="8A781AD4-0364-A375-35EE-A09994A49C32">
<createdBy>Jason</createdBy>
<createdTime>2020-10-11 11:03:22 UTC</createdTime>
<commentInRDBMS><![CDATA[This is assessor phone number 


Geographic numbers : 
	Central East region (02)
	South-east region (03)
	North-east region (07)
	Central and West region (08)
	Mobile phone numbers (04, 05)
==============================================
Format of AU phone number : 
	Phone number = 0 + (Geographic numbers) + (Australian "Local Area" 	numbers [8 digits] )

	For example,  I want to dial to South-east region australia (Geographic numbers is 3)
Phone number = 0312345678]]></commentInRDBMS>
<generatorID>E6F799F3-5888-63B9-BCCD-ED67DFA5946E</generatorID>
<ownerDesignName>fdas_logical</ownerDesignName>
<nullsAllowed>true</nullsAllowed>
<useDomainConstraints>false</useDomainConstraints>
<use>1</use>
<logicalDatatype>LOGDT019</logicalDatatype>
<dataTypePrecision>10</dataTypePrecision>
<ownDataTypeParameters>,10,</ownDataTypeParameters>
<autoIncrementCycle>false</autoIncrementCycle>
<listOfRanges>
<rangeDef class="oracle.dbtools.crest.model.design.constraint.AVT">
<beginValue>0200000000</beginValue>
<endValue>0299999999</endValue>
</rangeDef>
<rangeDef class="oracle.dbtools.crest.model.design.constraint.AVT">
<beginValue>0300000000</beginValue>
<endValue>0399999999</endValue>
</rangeDef>
<rangeDef class="oracle.dbtools.crest.model.design.constraint.AVT">
<beginValue>0400000000</beginValue>
<endValue>0499999999</endValue>
</rangeDef>
<rangeDef class="oracle.dbtools.crest.model.design.constraint.AVT">
<beginValue>0500000000</beginValue>
<endValue>0599999999</endValue>
</rangeDef>
<rangeDef class="oracle.dbtools.crest.model.design.constraint.AVT">
<beginValue>0700000000</beginValue>
<endValue>0799999999</endValue>
</rangeDef>
<rangeDef class="oracle.dbtools.crest.model.design.constraint.AVT">
<beginValue>0800000000</beginValue>
<endValue>0899999999</endValue>
</rangeDef>
</listOfRanges>
</Column>
</columns>
<indexes itemClass="oracle.dbtools.crest.model.design.relational.Index">
<ind_PK_UK id="DF2707BB-DF40-A61C-092E-C450035A1639" name="assessor_PK">
<createdBy>Jason</createdBy>
<createdTime>2020-10-11 11:03:22 UTC</createdTime>
<generatorID>CD1E3FA5-475B-F9F9-2BEE-B9F6EC194878</generatorID>
<ownerDesignName>fdas_logical</ownerDesignName>
<pk>true</pk>
<indexState>Primary Constraint</indexState>
<isSurrogateKey>false</isSurrogateKey>
<indexColumnUsage>
<colUsage columnID="8B1B7A4F-B7B0-03F6-933C-6C3D898079C6"/>
</indexColumnUsage>
</ind_PK_UK>
</indexes>
</Table>
