<?xml version = '1.0' encoding = 'UTF-8'?>
<Table class="oracle.dbtools.crest.model.design.relational.Table" directorySegmentName="seg_0" id="DB3EB396-C9D6-8E22-04C8-D961A839D088" name="assessor_insurer">
<createdBy>Jason</createdBy>
<createdTime>2020-10-11 11:03:22 UTC</createdTime>
<generatorID>47FB3833-F147-0E3D-4BAF-A6214DA79243</generatorID>
<ownerDesignName>fdas_logical</ownerDesignName>
<allowColumnReorder>false</allowColumnReorder>
<existDependencyGenerateInDDl>true</existDependencyGenerateInDDl>
<parsed>true</parsed>
<columns itemClass="oracle.dbtools.crest.model.design.relational.Column">
<Column name="assessor_employment_start" id="67AC267E-8A1B-5F51-7220-568D117D72E0">
<createdBy>Jason</createdBy>
<createdTime>2020-10-11 11:03:22 UTC</createdTime>
<commentInRDBMS><![CDATA[This is the date the assessor started working for the insurer]]></commentInRDBMS>
<generatorID>724DD058-AD8B-841D-0DF1-4E48BD3DD936</generatorID>
<ownerDesignName>fdas_logical</ownerDesignName>
<nullsAllowed>true</nullsAllowed>
<useDomainConstraints>false</useDomainConstraints>
<use>1</use>
<logicalDatatype>LOGDT007</logicalDatatype>
<ownDataTypeParameters>,,</ownDataTypeParameters>
<autoIncrementCycle>false</autoIncrementCycle>
</Column>
<Column name="assessor_employment_resign" id="2AF06B69-9D71-3A41-2D20-BBA90EEC8433">
<createdBy>Jason</createdBy>
<createdTime>2020-10-11 11:03:22 UTC</createdTime>
<commentInRDBMS><![CDATA[This is the date the assessor quitting to work for the insurer]]></commentInRDBMS>
<generatorID>FB5247E3-3C62-DCB1-5FDE-0C6D97BE812F</generatorID>
<ownerDesignName>fdas_logical</ownerDesignName>
<nullsAllowed>true</nullsAllowed>
<useDomainConstraints>false</useDomainConstraints>
<use>1</use>
<logicalDatatype>LOGDT007</logicalDatatype>
<ownDataTypeParameters>,,</ownDataTypeParameters>
<autoIncrementCycle>false</autoIncrementCycle>
</Column>
<Column name="assessor_id" id="8D4DD0A4-5AFC-A174-A8A7-A8E58E4E63AB">
<createdBy>Jason</createdBy>
<createdTime>2020-10-11 11:03:22 UTC</createdTime>
<commentInRDBMS><![CDATA[This is assessor id which identifies attributes of assessor
for example 
assessor id ranges from 0001 to  9999
]]></commentInRDBMS>
<generatorID>94C9D3B2-402C-29E5-5925-309625E3768F</generatorID>
<ownerDesignName>fdas_logical</ownerDesignName>
<useDomainConstraints>false</useDomainConstraints>
<use>1</use>
<logicalDatatype>LOGDT019</logicalDatatype>
<dataTypePrecision>4</dataTypePrecision>
<ownDataTypeParameters>,4,</ownDataTypeParameters>
<previousColumn>false</previousColumn>
<autoIncrementCycle>false</autoIncrementCycle>
<associations>
<colAssociation fkAssociation="1ED8F304-BF6A-091B-A0F1-6B1E9C03C0E4" referredColumn="8B1B7A4F-B7B0-03F6-933C-6C3D898079C6"/>
</associations>
</Column>
<Column name="insurer_id" id="5998D032-B425-418C-C3EE-06F1AC5053C5">
<createdBy>Jason</createdBy>
<createdTime>2020-10-11 11:03:22 UTC</createdTime>
<commentInRDBMS><![CDATA[This is the insurer id which identifies attributes of insurer
]]></commentInRDBMS>
<generatorID>2AA3A4B8-628B-717B-BC02-A8246895B8E8</generatorID>
<ownerDesignName>fdas_logical</ownerDesignName>
<useDomainConstraints>false</useDomainConstraints>
<use>1</use>
<logicalDatatype>LOGDT019</logicalDatatype>
<dataTypePrecision>7</dataTypePrecision>
<ownDataTypeParameters>,7,</ownDataTypeParameters>
<previousColumn>false</previousColumn>
<autoIncrementCycle>false</autoIncrementCycle>
<associations>
<colAssociation fkAssociation="9A84ACD6-E7AC-E647-8450-6FD80105EBD5" referredColumn="96B04FBB-0C45-9459-F4C0-8A0495452565"/>
</associations>
</Column>
</columns>
<indexes itemClass="oracle.dbtools.crest.model.design.relational.Index">
<ind_PK_UK id="79690E87-1A45-DB58-5695-66D817A33A68" name="assessor_insurer_PK">
<createdBy>Jason</createdBy>
<createdTime>2020-10-11 11:03:22 UTC</createdTime>
<generatorID>4265D0E4-72DF-0AFA-65F9-00E53B95DAB2</generatorID>
<ownerDesignName>fdas_logical</ownerDesignName>
<pk>true</pk>
<indexState>Primary Constraint</indexState>
<isSurrogateKey>false</isSurrogateKey>
<indexColumnUsage>
<colUsage columnID="8D4DD0A4-5AFC-A174-A8A7-A8E58E4E63AB"/>
<colUsage columnID="5998D032-B425-418C-C3EE-06F1AC5053C5"/>
</indexColumnUsage>
</ind_PK_UK>
<ind_PK_UK id="9EA5CC39-4284-F6AA-549B-B72EBA2BDA51" name="assessor_employment">
<createdBy>Jason</createdBy>
<createdTime>2020-10-11 11:03:22 UTC</createdTime>
<generatorID>25FF8AA9-A4A4-A934-10DF-BB1B57D5E8DD</generatorID>
<ownerDesignName>fdas_logical</ownerDesignName>
<indexState>Foreign Key</indexState>
<isSurrogateKey>false</isSurrogateKey>
<indexColumnUsage>
<colUsage columnID="8D4DD0A4-5AFC-A174-A8A7-A8E58E4E63AB"/>
</indexColumnUsage>
</ind_PK_UK>
<ind_PK_UK id="6B8892C2-F031-5841-E252-DEB32A9E1798" name="insurer_employement">
<createdBy>Jason</createdBy>
<createdTime>2020-10-11 11:03:22 UTC</createdTime>
<generatorID>55342052-5B23-97ED-EC78-A1D62FE52D5C</generatorID>
<ownerDesignName>fdas_logical</ownerDesignName>
<indexState>Foreign Key</indexState>
<isSurrogateKey>false</isSurrogateKey>
<indexColumnUsage>
<colUsage columnID="5998D032-B425-418C-C3EE-06F1AC5053C5"/>
</indexColumnUsage>
</ind_PK_UK>
</indexes>
</Table>
