<?xml version = '1.0' encoding = 'UTF-8'?>
<Table class="oracle.dbtools.crest.model.design.relational.Table" directorySegmentName="seg_0" id="E563C6B9-2DAC-9EF9-99CA-8B6B1803E758" name="Visit_datetime">
<createdBy>Jason</createdBy>
<createdTime>2020-10-11 11:03:22 UTC</createdTime>
<generatorID>655A1636-A5F9-3CE3-99F2-4F1E95F93FD6</generatorID>
<ownerDesignName>fdas_logical</ownerDesignName>
<allowColumnReorder>false</allowColumnReorder>
<existDependencyGenerateInDDl>true</existDependencyGenerateInDDl>
<parsed>true</parsed>
<columns itemClass="oracle.dbtools.crest.model.design.relational.Column">
<Column name="arrival_date_and_time" id="1816D4E7-3048-C47C-9641-62B0F26015F0">
<createdBy>Jason</createdBy>
<createdTime>2020-10-11 11:03:22 UTC</createdTime>
<commentInRDBMS><![CDATA[This is arrival date and time of the visit]]></commentInRDBMS>
<generatorID>C190B9B6-A581-4FEB-0081-90882C304458</generatorID>
<ownerDesignName>fdas_logical</ownerDesignName>
<useDomainConstraints>false</useDomainConstraints>
<use>1</use>
<logicalDatatype>LOGDT007</logicalDatatype>
<ownDataTypeParameters>,,</ownDataTypeParameters>
<autoIncrementCycle>false</autoIncrementCycle>
</Column>
<Column name="departed_date_and_time" id="CA57C5CC-2D6C-5D71-2789-A8D9A62E78A9">
<createdBy>Jason</createdBy>
<createdTime>2020-10-11 11:03:22 UTC</createdTime>
<commentInRDBMS><![CDATA[This is departed date and time of the visit]]></commentInRDBMS>
<generatorID>00A13D4A-B77D-0421-CFAA-9F0E2BA93461</generatorID>
<ownerDesignName>fdas_logical</ownerDesignName>
<nullsAllowed>true</nullsAllowed>
<useDomainConstraints>false</useDomainConstraints>
<use>1</use>
<logicalDatatype>LOGDT007</logicalDatatype>
<ownDataTypeParameters>,,</ownDataTypeParameters>
<autoIncrementCycle>false</autoIncrementCycle>
</Column>
<Column name="damage_id" id="22A91B2B-8A38-C67D-CEEE-7B71719FFD19">
<createdBy>Jason</createdBy>
<createdTime>2020-10-11 11:03:22 UTC</createdTime>
<commentInRDBMS><![CDATA[surrogate key of Damage which identifies attributes of damage
The key ranges from 00000001 to 99999999]]></commentInRDBMS>
<generatorID>4FBA730F-6F0D-909E-AFB2-6DE73A1C1A9E</generatorID>
<ownerDesignName>fdas_logical</ownerDesignName>
<useDomainConstraints>false</useDomainConstraints>
<use>1</use>
<logicalDatatype>LOGDT019</logicalDatatype>
<dataTypePrecision>8</dataTypePrecision>
<ownDataTypeParameters>,8,</ownDataTypeParameters>
<previousColumn>false</previousColumn>
<autoIncrementCycle>false</autoIncrementCycle>
<associations>
<colAssociation fkAssociation="C51E7B2C-9C12-0F99-E7C8-8FBA52D9FCA4" referredColumn="2A10D7B0-EF6C-AC51-DF0C-25976053FCF5"/>
</associations>
</Column>
</columns>
<indexes itemClass="oracle.dbtools.crest.model.design.relational.Index">
<ind_PK_UK id="5F0FF9B2-5879-356B-E5E0-D56F4FA5DAE8" name="visit_PK">
<createdBy>Jason</createdBy>
<createdTime>2020-10-11 11:03:22 UTC</createdTime>
<generatorID>AA1C2783-F1D0-3720-D603-7C4BF21B70C8</generatorID>
<ownerDesignName>fdas_logical</ownerDesignName>
<pk>true</pk>
<indexState>Primary Constraint</indexState>
<isSurrogateKey>false</isSurrogateKey>
<indexColumnUsage>
<colUsage columnID="1816D4E7-3048-C47C-9641-62B0F26015F0"/>
<colUsage columnID="22A91B2B-8A38-C67D-CEEE-7B71719FFD19"/>
</indexColumnUsage>
</ind_PK_UK>
<ind_PK_UK id="09115D18-8308-E8CF-5EC8-8F4C759BBF89" name="damage_visit">
<createdBy>Jason</createdBy>
<createdTime>2020-10-11 11:03:22 UTC</createdTime>
<generatorID>33C6EA44-24B2-D132-6384-374087CE8DBB</generatorID>
<ownerDesignName>fdas_logical</ownerDesignName>
<indexState>Foreign Key</indexState>
<isSurrogateKey>false</isSurrogateKey>
<indexColumnUsage>
<colUsage columnID="22A91B2B-8A38-C67D-CEEE-7B71719FFD19"/>
</indexColumnUsage>
</ind_PK_UK>
</indexes>
</Table>
